horizon,term,estimate,ci_low,ci_high,se,shock_sd,estimate_1sd,ci_low_1sd,ci_high_1sd,nobs,se_method,response_type,spec,shock_series
0,eps_rr_pos_x_ph2m,0.1494081685069429,-0.6295019056884666,0.9283182427023525,0.47354370105200244,0.03492195000079714,0.005217624590310135,-0.02198343407585915,0.03241868325647942,2511,driscoll_kraay,cumulative,twfe_directional_dummies,Recursive Residual
1,eps_rr_pos_x_ph2m,-0.6659731456172695,-1.4424610470116042,0.11051475577706515,0.47207112454951805,0.03492195000079714,-0.02325708089311988,-0.05037355256183673,0.0038593907755969763,2484,driscoll_kraay,cumulative,twfe_directional_dummies,Recursive Residual
2,eps_rr_pos_x_ph2m,-0.9143427180454584,-1.8763794165132732,0.047693980422356286,0.5848767833833508,0.03492195000079714,-0.031930630683176454,-0.06552682816600144,0.0016655667996485239,2457,driscoll_kraay,cumulative,twfe_directional_dummies,Recursive Residual
3,eps_rr_pos_x_ph2m,-0.32142638865725387,-0.9286949039262884,0.2858421266117807,0.36919304266272623,0.03492195000079714,-0.011224836273625409,-0.032431837000908945,0.009982164453658132,2430,driscoll_kraay,cumulative,twfe_directional_dummies,Recursive Residual
4,eps_rr_pos_x_ph2m,-0.8173031057671146,-1.4353161397853091,-0.1992900717489201,0.3757252462418821,0.03492195000079714,-0.028541818195095395,-0.050124038468919725,-0.006959597921271063,2403,driscoll_kraay,cumulative,twfe_directional_dummies,Recursive Residual
5,eps_rr_pos_x_ph2m,-0.43912044951572043,-1.2902243974659375,0.4119834984344967,0.5174344598234135,0.03492195000079714,-0.015334942382315553,-0.04505715189811409,0.014387267133482982,2376,driscoll_kraay,cumulative,twfe_directional_dummies,Recursive Residual
6,eps_rr_pos_x_ph2m,-0.3360707001347136,-1.389682885085878,0.7175414848164507,0.6405507260265472,0.03492195000079714,-0.011736244186837356,-0.04853043622993255,0.025057947856257833,2349,driscoll_kraay,cumulative,twfe_directional_dummies,Recursive Residual
7,eps_rr_pos_x_ph2m,-1.1816888790581492,-2.5372160435776188,0.17383828546132007,0.8241020005116003,0.03492195000079714,-0.04126687995096671,-0.08860453181503794,0.00607077191310452,2322,driscoll_kraay,cumulative,twfe_directional_dummies,Recursive Residual
8,eps_rr_pos_x_ph2m,0.3735206533210352,-0.7600074543155375,1.5070487609576078,0.6891361572016739,0.03492195000079714,0.013044069579542274,-0.02654094231984032,0.05262908147892486,2295,driscoll_kraay,cumulative,twfe_directional_dummies,Recursive Residual
9,eps_rr_pos_x_ph2m,0.8893223640651698,-0.29561587053213356,2.074260598662473,0.7203912951169014,0.03492195000079714,0.031056871132474573,-0.01032348265016529,0.07243722491511444,2268,driscoll_kraay,cumulative,twfe_directional_dummies,Recursive Residual
10,eps_rr_pos_x_ph2m,1.5924592266203619,-0.10698415496753566,3.291902608208259,1.0331882142836022,0.03492195000079714,0.05561178149034436,-0.0037360953106538135,0.11495965829134253,2241,driscoll_kraay,cumulative,twfe_directional_dummies,Recursive Residual
11,eps_rr_pos_x_ph2m,0.9915717027913724,-0.2173452927063686,2.2004886982891136,0.7349693466271016,0.03492195000079714,0.03462761742708559,-0.007590121444800424,0.07684535629897161,2214,driscoll_kraay,cumulative,twfe_directional_dummies,Recursive Residual
12,eps_rr_pos_x_ph2m,0.9814877510111512,-0.7562228490177535,2.7191983510400557,1.0564530311730727,0.03492195000079714,0.03427546616720625,-0.026408776522858352,0.09495970885727086,2187,driscoll_kraay,cumulative,twfe_directional_dummies,Recursive Residual
13,eps_rr_pos_x_ph2m,0.21569892467229942,-1.6156291789232673,2.047027028267866,1.1133684320529493,0.03492195000079714,0.007532627062631749,-0.05642092140618728,0.07148617553145077,2160,driscoll_kraay,cumulative,twfe_directional_dummies,Recursive Residual
14,eps_rr_pos_x_ph2m,0.7527226893106458,-0.536946363641535,2.0423917422628266,0.7840631116474598,0.03492195000079714,0.026286544120571933,-0.018751214064199526,0.0713243023053434,2133,driscoll_kraay,cumulative,twfe_directional_dummies,Recursive Residual
15,eps_rr_pos_x_ph2m,2.264743001786818,0.9172306446405649,3.612255358933071,0.8192293436125967,0.03492195000079714,0.07908924187305448,0.03203148271133674,0.12614700103477222,2106,driscoll_kraay,cumulative,twfe_directional_dummies,Recursive Residual
16,eps_rr_pos_x_ph2m,2.2521043132845286,0.6428264181622421,3.8613822084068152,0.9783714907841861,0.03492195000079714,0.07864787422510189,0.02244875203425333,0.13484699641595044,2079,driscoll_kraay,cumulative,twfe_directional_dummies,Recursive Residual
17,eps_rr_pos_x_ph2m,1.4855779036771157,0.1070735490990331,2.8640822582551984,0.8380711401858695,0.03492195000079714,0.05187927727450126,0.0037392171280443316,0.1000193374209582,2052,driscoll_kraay,cumulative,twfe_directional_dummies,Recursive Residual
18,eps_rr_pos_x_ph2m,1.1515026003443507,-0.3856345527502707,2.688639753438972,0.9345130338092823,0.03492195000079714,0.04021271623501331,-0.013467110569724721,0.09389254303975132,2025,driscoll_kraay,cumulative,twfe_directional_dummies,Recursive Residual
19,eps_rr_pos_x_ph2m,1.9718039641018945,0.7903109597706472,3.1532969684331418,0.7182967438391435,0.03492195000079714,0.06885923944573996,0.027599199822192545,0.11011927906928738,1998,driscoll_kraay,cumulative,twfe_directional_dummies,Recursive Residual
20,eps_rr_pos_x_ph2m,0.7837161513612871,-0.43865797765195014,2.0060902803745244,0.7431507028857962,0.03492195000079714,0.02736889625265603,-0.015318791963012193,0.07005658446832426,1971,driscoll_kraay,cumulative,twfe_directional_dummies,Recursive Residual
21,eps_rr_pos_x_ph2m,1.0387576880986502,0.09164545369647437,1.985869922500826,0.5758033534920239,0.03492195000079714,0.03627544404672469,0.0032004379517886474,0.06935045014166073,1944,driscoll_kraay,cumulative,twfe_directional_dummies,Recursive Residual
22,eps_rr_pos_x_ph2m,1.9513930462552398,0.6053346301827347,3.2974514623277447,0.8183454102036144,0.03492195000079714,0.06814645039322871,0.021139465688992488,0.11515343509746491,1917,driscoll_kraay,cumulative,twfe_directional_dummies,Recursive Residual
23,eps_rr_pos_x_ph2m,0.8513406607091462,-0.4072545646820257,2.109935886100318,0.7651715658880963,0.03492195000079714,0.029730475986930405,-0.014222123545422106,0.07368307551928292,1890,driscoll_kraay,cumulative,twfe_directional_dummies,Recursive Residual
24,eps_rr_pos_x_ph2m,0.8494891405038056,-0.09108468407583936,1.7900629650834508,0.5718282825705774,0.03492195000079714,0.02966581729089404,-0.003180854783134866,0.06251248936492294,1863,driscoll_kraay,cumulative,twfe_directional_dummies,Recursive Residual
25,eps_rr_pos_x_ph2m,0.6524376084633122,-0.6552175357178384,1.9600927526444627,0.7949978786895003,0.03492195000079714,0.02278439354139545,-0.022881474021983865,0.06845026110477476,1836,driscoll_kraay,cumulative,twfe_directional_dummies,Recursive Residual
26,eps_rr_pos_x_ph2m,0.9324905040073228,-0.2771763293520324,2.142157337366678,0.7354252156778958,0.03492195000079714,0.032564386757161855,-0.009679537915036156,0.07480831142935986,1809,driscoll_kraay,cumulative,twfe_directional_dummies,Recursive Residual
27,eps_rr_pos_x_ph2m,2.0684035727985113,0.5096834568144402,3.627123688782582,0.9476345435508214,0.03492195000079714,0.07223268615073977,0.017799140195107328,0.12666623210637223,1782,driscoll_kraay,cumulative,twfe_directional_dummies,Recursive Residual
28,eps_rr_pos_x_ph2m,2.8402656025722997,0.3483846882184869,5.332146516926112,1.5149560261919472,0.03492195000079714,0.09918761336201382,0.012166272663009299,0.1862089540610183,1755,driscoll_kraay,cumulative,twfe_directional_dummies,Recursive Residual
29,eps_rr_pos_x_ph2m,1.9872826157707166,0.22901791077238953,3.7455473207690435,1.0689490397130645,0.03492195000079714,0.06939978414539832,0.007997752029280408,0.1308018162615162,1728,driscoll_kraay,cumulative,twfe_directional_dummies,Recursive Residual
30,eps_rr_pos_x_ph2m,2.3472596413145133,0.3423889721880782,4.352130310440948,1.2188748203949367,0.03492195000079714,0.08197088383287446,0.011956890567576388,0.15198487709817254,1701,driscoll_kraay,cumulative,twfe_directional_dummies,Recursive Residual
31,eps_rr_pos_x_ph2m,1.8566027150985969,0.22273438696580872,3.490471043231385,0.9933214125325891,0.03492195000079714,0.06483618718801742,0.007778319125078174,0.12189405525095666,1674,driscoll_kraay,cumulative,twfe_directional_dummies,Recursive Residual
32,eps_rr_pos_x_ph2m,1.1306448511850815,-0.21070366684252062,2.471993369212684,0.815481995509608,0.03492195000079714,0.03948432296174414,-0.007358182918459123,0.08632682884194741,1647,driscoll_kraay,cumulative,twfe_directional_dummies,Recursive Residual
33,eps_rr_pos_x_ph2m,1.9504172017355053,0.19706297401244277,3.703771429458568,1.0659636815056202,0.03492195000079714,0.06811237199970198,0.006881823325470913,0.12934292067393308,1620,driscoll_kraay,cumulative,twfe_directional_dummies,Recursive Residual
34,eps_rr_pos_x_ph2m,2.3432625231889292,0.5476605367215617,4.138864509656297,1.0916484950671805,0.03492195000079714,0.08183129667354554,0.019125373880800104,0.14453721946629097,1593,driscoll_kraay,cumulative,twfe_directional_dummies,Recursive Residual
35,eps_rr_pos_x_ph2m,2.436034141552113,0.9521502859133661,3.9199179971908595,0.9021373277991537,0.03492195000079714,0.08507106249151768,0.03325094467791127,0.13689118030512407,1566,driscoll_kraay,cumulative,twfe_directional_dummies,Recursive Residual
36,eps_rr_pos_x_ph2m,2.866791923678272,1.6244927571726793,4.109091090183865,0.755264265555372,0.03492195000079714,0.10011396422138168,0.056730454842641394,0.14349747360012194,1539,driscoll_kraay,cumulative,twfe_directional_dummies,Recursive Residual
37,eps_rr_pos_x_ph2m,3.3339110333937914,2.2209891730958793,4.446832893691703,0.6766084483520715,0.03492195000079714,0.11642667441528391,0.07756127285516608,0.15529207597540173,1512,driscoll_kraay,cumulative,twfe_directional_dummies,Recursive Residual
38,eps_rr_pos_x_ph2m,3.435250635377511,2.347784509691755,4.522716761063267,0.661132460583278,0.03492195000079714,0.11996565092886005,0.08198921326010149,0.15794208859761857,1485,driscoll_kraay,cumulative,twfe_directional_dummies,Recursive Residual
39,eps_rr_pos_x_ph2m,2.322653810065426,1.3222760379381013,3.323031582192751,0.6081865010574825,0.03492195000079714,0.08111160022426579,0.046176457684126516,0.11604674276440508,1458,driscoll_kraay,cumulative,twfe_directional_dummies,Recursive Residual
40,eps_rr_pos_x_ph2m,2.5893904476755365,0.6321319388055457,4.5466489565455275,1.1899286822849535,0.03492195000079714,0.09042656374626681,0.022075279960874227,0.1587778475316594,1431,driscoll_kraay,cumulative,twfe_directional_dummies,Recursive Residual
41,eps_rr_pos_x_ph2m,2.335555751258731,0.8315987233359166,3.8395127791815455,0.9143409500273948,0.03492195000079714,0.0815621611695316,0.029041049037063612,0.1340832733019996,1404,driscoll_kraay,cumulative,twfe_directional_dummies,Recursive Residual
42,eps_rr_pos_x_ph2m,1.6243987202334629,0.6032356442154667,2.6455617962514593,0.6208230685611784,0.03492195000079714,0.05672717088935185,0.02106616500599118,0.09238817677271254,1377,driscoll_kraay,cumulative,twfe_directional_dummies,Recursive Residual
43,eps_rr_pos_x_ph2m,2.7605648255354835,1.1174740318702405,4.403655619200727,0.998928273460116,0.03492195000079714,0.09640430681130943,0.03902437226816173,0.15378424135445715,1350,driscoll_kraay,cumulative,twfe_directional_dummies,Recursive Residual
44,eps_rr_pos_x_ph2m,2.362466040583297,1.1577684686997043,3.56716361246689,0.7324041192141502,0.03492195000079714,0.08250192094783108,0.04043153257643054,0.12457230931923163,1323,driscoll_kraay,cumulative,twfe_directional_dummies,Recursive Residual
45,eps_rr_pos_x_ph2m,2.070427394452183,0.9556874003199556,3.1851673885844103,0.6777137952379734,0.03492195000079714,0.07230336194933983,0.03337446761036529,0.11123225628831437,1296,driscoll_kraay,cumulative,twfe_directional_dummies,Recursive Residual
46,eps_rr_pos_x_ph2m,1.9691842072872279,0.6066969960158304,3.331671418558625,0.8283334084848603,0.03492195000079714,0.06876775242924392,0.02118704216049865,0.1163484626979892,1269,driscoll_kraay,cumulative,twfe_directional_dummies,Recursive Residual
47,eps_rr_pos_x_ph2m,1.4427288674146435,0.5279641312402594,2.3574936035890275,0.5561374709491841,0.03492195000079714,0.05038290537256086,0.018437536993386638,0.0823282737517351,1242,driscoll_kraay,cumulative,twfe_directional_dummies,Recursive Residual
48,eps_rr_pos_x_ph2m,1.7185967987824782,0.30463739559373004,3.1325562019712265,0.8596262792144876,0.03492195000079714,0.06001675147861173,0.0106385318972973,0.10939497105992615,1215,driscoll_kraay,cumulative,twfe_directional_dummies,Recursive Residual
0,eps_rr_neg_x_ph2m,0.0030700260324942373,-0.6381853178916241,0.6443253699566127,0.3898555673385991,0.0485586911449044,1.4907644591870392e-4,-0.03098944374471201,0.031287596636549425,2511,driscoll_kraay,cumulative,twfe_directional_dummies,Recursive Residual
1,eps_rr_neg_x_ph2m,-0.05015750524049265,-0.7766938244749286,0.6763788139939433,0.4417027189106056,0.0485586911449044,-0.0024355828055720066,-0.03771523553683265,0.03284406992568863,2484,driscoll_kraay,cumulative,twfe_directional_dummies,Recursive Residual
2,eps_rr_neg_x_ph2m,-0.700043700546819,-1.729991995567358,0.32990459447372,0.6261641024736153,0.0485586911449044,-0.03399320584278893,-0.08400614699591216,0.016019735310334304,2457,driscoll_kraay,cumulative,twfe_directional_dummies,Recursive Residual
3,eps_rr_neg_x_ph2m,-0.15368848511414332,-1.2427848613102301,0.9354078910819434,0.6621235825187615,0.0485586911449044,-0.007462911681185923,-0.06034800623992632,0.045422182877554465,2430,driscoll_kraay,cumulative,twfe_directional_dummies,Recursive Residual
4,eps_rr_neg_x_ph2m,-0.7078807602655308,-1.538108975112213,0.12234745458115137,0.5047429152619527,0.0485586911449044,-0.03437376320515403,-0.0746885586696794,0.005941032259371349,2403,driscoll_kraay,cumulative,twfe_directional_dummies,Recursive Residual
5,eps_rr_neg_x_ph2m,-0.4631798108171438,-1.202699892373856,0.2763402707395685,0.44959628591835216,0.0485586911449044,-0.022491405378024937,-0.05840153261379184,0.013418721857741971,2376,driscoll_kraay,cumulative,twfe_directional_dummies,Recursive Residual
6,eps_rr_neg_x_ph2m,-0.4654707471695662,-1.157151780634067,0.2262102862949345,0.4205122097985364,0.0485586911449044,-0.02260265024879485,-0.05618977592358583,0.010984475425996126,2349,driscoll_kraay,cumulative,twfe_directional_dummies,Recursive Residual
7,eps_rr_neg_x_ph2m,-0.6700807360116288,-1.581073387089143,0.24091191506588538,0.5538442060439894,0.0485586911449044,-0.0325382435021389,-0.07677485428108957,0.011698367276811771,2322,driscoll_kraay,cumulative,twfe_directional_dummies,Recursive Residual
8,eps_rr_neg_x_ph2m,0.05815922545526256,-0.6326294378054604,0.7489478887159855,0.4199696872365552,0.0485586911449044,0.002824135866108957,-0.03071965747956986,0.036367929211787775,2295,driscoll_kraay,cumulative,twfe_directional_dummies,Recursive Residual
9,eps_rr_neg_x_ph2m,-0.2186064754651093,-1.0055784790703621,0.5683655281401436,0.47844500611510715,0.0485586911449044,-0.010615244324386364,-0.04882957478714043,0.027599086138367705,2268,driscoll_kraay,cumulative,twfe_directional_dummies,Recursive Residual
10,eps_rr_neg_x_ph2m,0.11830172386830905,-0.7623052960549894,0.9989087437916075,0.5353710539918329,0.0485586911449044,0.005744576871230984,-0.037016547429259146,0.048505701171721115,2241,driscoll_kraay,cumulative,twfe_directional_dummies,Recursive Residual
11,eps_rr_neg_x_ph2m,-0.04304473843320161,-0.7952937311999377,0.7092042543335344,0.4573349144512843,0.0485586911449044,-0.0020901961589910333,-0.0386184226628164,0.03443803034483433,2214,driscoll_kraay,cumulative,twfe_directional_dummies,Recursive Residual
12,eps_rr_neg_x_ph2m,-0.6651451947401863,-1.5881139221019538,0.2578235326215812,0.5611251434404978,0.0485586911449044,-0.032298580077906,-0.07711673344627154,0.012519573290459546,2187,driscoll_kraay,cumulative,twfe_directional_dummies,Recursive Residual
13,eps_rr_neg_x_ph2m,-0.5468138854248282,-1.6023177219259108,0.5086899510762543,0.6417007685099163,0.0485586911449044,-0.026552566576089377,-0.07780645137500712,0.02470131822282836,2160,driscoll_kraay,cumulative,twfe_directional_dummies,Recursive Residual
14,eps_rr_neg_x_ph2m,-0.2781190500363483,-1.3162924059961916,0.7600543059234949,0.6311645844645559,0.0485586911449044,-0.01350509705222925,-0.06391743639915218,0.03690724229469367,2133,driscoll_kraay,cumulative,twfe_directional_dummies,Recursive Residual
15,eps_rr_neg_x_ph2m,-0.27113302119354116,-1.3980446659773196,0.8557786235902372,0.6851136334072271,0.0485586911449044,-0.013165864635321985,-0.0678872191419737,0.041555489871329725,2106,driscoll_kraay,cumulative,twfe_directional_dummies,Recursive Residual
16,eps_rr_neg_x_ph2m,-0.6333565879255864,-1.7180363751340084,0.4513231992828358,0.6594384870699646,0.0485586911449044,-0.030754966937669038,-0.08342559771584343,0.021915663840505365,2079,driscoll_kraay,cumulative,twfe_directional_dummies,Recursive Residual
17,eps_rr_neg_x_ph2m,-0.16573159191598408,-1.2367024968378793,0.9052393130059111,0.6511040784259962,0.0485586911449044,-0.008047709184801606,-0.06005265458208269,0.04395723621247948,2052,driscoll_kraay,cumulative,twfe_directional_dummies,Recursive Residual
18,eps_rr_neg_x_ph2m,0.4387809212035653,-0.5596359068898107,1.4371977492969414,0.6069943317350466,0.0485586911449044,0.021306627233000565,-0.027175187156260796,0.06978844162226193,2025,driscoll_kraay,cumulative,twfe_directional_dummies,Recursive Residual
19,eps_rr_neg_x_ph2m,0.41526033439796434,-0.8263093838893785,1.6568300526853073,0.754820792527561,0.0485586911449044,0.02016449832276047,-0.040124502162420576,0.08045349880794152,1998,driscoll_kraay,cumulative,twfe_directional_dummies,Recursive Residual
20,eps_rr_neg_x_ph2m,0.2228583435056253,-1.0099863677547545,1.455703054766005,0.7495163648970405,0.0485586911449044,0.010821709471354671,-0.04904361609236696,0.0706870350350763,1971,driscoll_kraay,cumulative,twfe_directional_dummies,Recursive Residual
21,eps_rr_neg_x_ph2m,-0.216231870130633,-1.2595154920393676,0.8270517517781018,0.6342714055610705,0.0485586911449044,-0.010499936597358487,-0.061160423770161954,0.04016055057544498,1944,driscoll_kraay,cumulative,twfe_directional_dummies,Recursive Residual
22,eps_rr_neg_x_ph2m,0.0891265555999034,-1.1085072168791146,1.2867603280789215,0.7281096341068847,0.0485586911449044,0.004327868886184859,-0.05382765957633048,0.06248339734870021,1917,driscoll_kraay,cumulative,twfe_directional_dummies,Recursive Residual
23,eps_rr_neg_x_ph2m,0.15394072052174695,-1.2905976671573198,1.5984791082008136,0.8782169817483008,0.0485586911449044,0.007475159902439557,-0.06266973351182642,0.07762005331670553,1890,driscoll_kraay,cumulative,twfe_directional_dummies,Recursive Residual
24,eps_rr_neg_x_ph2m,0.6392104776168694,-0.7017929703329122,1.980213925566651,0.8152722077983086,0.0485586911449044,0.031039224159184392,-0.03407814809406094,0.09615659641242973,1863,driscoll_kraay,cumulative,twfe_directional_dummies,Recursive Residual
25,eps_rr_neg_x_ph2m,0.7895735842936099,-0.5377372580428507,2.1168844266300706,0.8069476946690167,0.0485586911449044,0.03834065981588854,-0.026111817430410546,0.10279313706218764,1836,driscoll_kraay,cumulative,twfe_directional_dummies,Recursive Residual
26,eps_rr_neg_x_ph2m,1.7508228732938955,0.13441289102089904,3.367232855566892,0.9827074918932502,0.0485586911449044,0.08501766715371237,0.00652691406097753,0.1635084202464472,1809,driscoll_kraay,cumulative,twfe_directional_dummies,Recursive Residual
27,eps_rr_neg_x_ph2m,1.5205646045752959,0.231371342252626,2.8097578668979657,0.783773851483689,0.0485586911449044,0.07383662699944549,0.011235089548227236,0.13643816445066373,1782,driscoll_kraay,cumulative,twfe_directional_dummies,Recursive Residual
28,eps_rr_neg_x_ph2m,1.4523431207596,-0.017901250877341512,2.9225874923965414,0.8938451103165049,0.0485586911449044,0.07052388103739202,-8.692613124602755e-4,0.1419170233872443,1755,driscoll_kraay,cumulative,twfe_directional_dummies,Recursive Residual
29,eps_rr_neg_x_ph2m,1.4773638416387458,0.006868732817706613,2.9478589504597847,0.8939975477005914,0.0485586911449044,0.07173885449478531,3.3353667545188437e-4,0.14314417231411874,1728,driscoll_kraay,cumulative,twfe_directional_dummies,Recursive Residual
30,eps_rr_neg_x_ph2m,0.8091447135060307,-0.9618810430827122,2.5801704700947736,1.0767072082098366,0.0485586911449044,0.0392910082346715,-0.0467076844891919,0.12528970095853492,1701,driscoll_kraay,cumulative,twfe_directional_dummies,Recursive Residual
31,eps_rr_neg_x_ph2m,1.2794744361383248,-0.4282566557373264,2.987205528013976,1.0382267843739477,0.0485586911449044,0.062129603972241626,-0.020795582676698485,0.14505479062118173,1674,driscoll_kraay,cumulative,twfe_directional_dummies,Recursive Residual
32,eps_rr_neg_x_ph2m,0.011499515872457258,-1.2970250696414258,1.3200241013863405,0.7955264614876816,0.0485586911449044,5.584014395665778e-4,-0.06298183976391612,0.06409864264304928,1647,driscoll_kraay,cumulative,twfe_directional_dummies,Recursive Residual
33,eps_rr_neg_x_ph2m,0.07315048303727294,-1.1341965941022598,1.2804975601768056,0.7340149040356849,0.0485586911449044,0.003552091712907505,-0.05507510211061414,0.062179285536429145,1620,driscoll_kraay,cumulative,twfe_directional_dummies,Recursive Residual
34,eps_rr_neg_x_ph2m,0.5894453527432746,-0.546472309179908,1.7253630146664571,0.6905889030554424,0.0485586911449044,0.0286226948306599,-0.026535980080709856,0.08378136974202965,1593,driscoll_kraay,cumulative,twfe_directional_dummies,Recursive Residual
35,eps_rr_neg_x_ph2m,0.2763711601893295,-0.9278212875630494,1.4805636079417084,0.7320970255476151,0.0485586911449044,0.013420221808992551,-0.045053787340441645,0.07189423095842674,1566,driscoll_kraay,cumulative,twfe_directional_dummies,Recursive Residual
36,eps_rr_neg_x_ph2m,0.10473285429484648,-0.8661458583755633,1.0756115669652564,0.5902523463256795,0.0485586911449044,0.005085690324427725,-0.04205890922329709,0.052230289872152544,1539,driscoll_kraay,cumulative,twfe_directional_dummies,Recursive Residual
37,eps_rr_neg_x_ph2m,-0.020925120649781834,-1.0676013620448694,1.0257511207453058,0.6363339717558758,0.0485586911449044,-0.0010160964708026173,-0.05184132480541608,0.04980913186381085,1512,driscoll_kraay,cumulative,twfe_directional_dummies,Recursive Residual
38,eps_rr_neg_x_ph2m,0.31303635930888807,-0.6615503838802091,1.2876231024979852,0.5925066688124526,0.0485586911449044,0.015200635888805616,-0.03212402076763202,0.06252529254524325,1485,driscoll_kraay,cumulative,twfe_directional_dummies,Recursive Residual
39,eps_rr_neg_x_ph2m,-0.1736299560496857,-1.1565768769603046,0.8093169648609333,0.5975892959742485,0.0485586911449044,-0.008431243409320013,-0.05616185935365353,0.03929937253501351,1458,driscoll_kraay,cumulative,twfe_directional_dummies,Recursive Residual
40,eps_rr_neg_x_ph2m,-0.6998790126835851,-1.9422902627956717,0.5425322374285014,0.7553324075496851,0.0485586911449044,-0.03398520881570284,-0.09431507298485023,0.026344655353444546,1431,driscoll_kraay,cumulative,twfe_directional_dummies,Recursive Residual
41,eps_rr_neg_x_ph2m,-0.8847507816299572,-2.1610705489393265,0.3915689856794121,0.7759473222397709,0.0485586911449044,-0.04296233994538185,-0.10493875732829377,0.01901407743753007,1404,driscoll_kraay,cumulative,twfe_directional_dummies,Recursive Residual
42,eps_rr_neg_x_ph2m,-0.652564690355801,-2.2090783062918433,0.9039489255802414,0.946293086772009,0.0485586911449044,-0.031687687251057514,-0.10726995119013415,0.04389457668801912,1377,driscoll_kraay,cumulative,twfe_directional_dummies,Recursive Residual
43,eps_rr_neg_x_ph2m,-0.803374884513909,-2.3685202465033477,0.7617704774755294,0.9515408157564985,0.0485586911449044,-0.039010832890684154,-0.1150122431204089,0.03699057733904059,1350,driscoll_kraay,cumulative,twfe_directional_dummies,Recursive Residual
44,eps_rr_neg_x_ph2m,-1.0057431792262324,-2.6587438975326982,0.6472575390802335,1.0049530798494781,0.0485586911449044,-0.04883757241114085,-0.12910512375368965,0.03142997893140795,1323,driscoll_kraay,cumulative,twfe_directional_dummies,Recursive Residual
45,eps_rr_neg_x_ph2m,-0.7507185747961277,-2.523074780711583,1.0216376311193276,1.0775160639675236,0.0485586911449044,-0.03645391141026798,-0.12251720901207117,0.0496093861915352,1296,driscoll_kraay,cumulative,twfe_directional_dummies,Recursive Residual
46,eps_rr_neg_x_ph2m,-0.707538765604832,-2.1954890474955064,0.7804115162858427,0.9046095394204788,0.0485586911449044,-0.034357156392051946,-0.10661007456935465,0.03789576178525077,1269,driscoll_kraay,cumulative,twfe_directional_dummies,Recursive Residual
47,eps_rr_neg_x_ph2m,-0.806675452779383,-1.8675063865691288,0.25415548101036267,0.6449394137008178,0.0485586911449044,-0.039171104165689974,-0.09068366583654677,0.012341457505166816,1242,driscoll_kraay,cumulative,twfe_directional_dummies,Recursive Residual
48,eps_rr_neg_x_ph2m,-0.28240070138330065,-1.571282009983297,1.0064806072166959,0.7835841970867495,0.0485586911449044,-0.013713008437576073,-0.07629939782432352,0.048873380949171374,1215,driscoll_kraay,cumulative,twfe_directional_dummies,Recursive Residual
0,eps_rr_pos_x_wh2m,0.16746299064604175,-1.1100456272600683,1.4449716085521516,0.7766700920821817,0.014433437221171982,0.0024170665623593547,-0.016021773873694668,0.020855906998413377,2511,driscoll_kraay,cumulative,twfe_directional_dummies,Recursive Residual
1,eps_rr_pos_x_wh2m,-0.9473820890895717,-2.2712812957084196,0.3765171175292763,0.8048735674264998,0.014433437221171982,-0.013673979907337094,-0.03278239599322963,0.005434436178555442,2484,driscoll_kraay,cumulative,twfe_directional_dummies,Recursive Residual
2,eps_rr_pos_x_wh2m,-1.421191468810301,-3.0717175267950685,0.22933458917446647,1.0034485932002406,0.014433437221171982,-0.020512677844338675,-0.044335442084170285,0.0033100863954929295,2457,driscoll_kraay,cumulative,twfe_directional_dummies,Recursive Residual
3,eps_rr_pos_x_wh2m,-0.45626075324095944,-1.6677342907891426,0.7552127843072236,0.7365236138327373,0.014433437221171982,-0.006585410938388029,-0.024071138187700868,0.010900316310924809,2430,driscoll_kraay,cumulative,twfe_directional_dummies,Recursive Residual
4,eps_rr_pos_x_wh2m,-1.326415412185902,-2.4774422843271733,-0.1753885400446309,0.6997746506323205,0.014433437221171982,-0.019144733580980174,-0.03575800767991316,-0.0025314594820471884,2403,driscoll_kraay,cumulative,twfe_directional_dummies,Recursive Residual
5,eps_rr_pos_x_wh2m,-0.8026215819869699,-2.3210836154094445,0.7158404514355047,0.9231593672178309,0.014433437221171982,-0.01158458821596667,-0.03350121464810311,0.010332038216169768,2376,driscoll_kraay,cumulative,twfe_directional_dummies,Recursive Residual
6,eps_rr_pos_x_wh2m,-0.48504587263849575,-2.349666633355607,1.3795748880786154,1.1336089304024883,0.014433437221171982,-0.007000879152116309,-0.03391376584322068,0.019912007538988058,2349,driscoll_kraay,cumulative,twfe_directional_dummies,Recursive Residual
7,eps_rr_pos_x_wh2m,-1.7023651140943241,-4.024514135461803,0.6197839072731544,1.4117663622575878,0.014433437221171982,-0.024570980001793707,-0.058087572119907165,0.008945612116319751,2322,driscoll_kraay,cumulative,twfe_directional_dummies,Recursive Residual
8,eps_rr_pos_x_wh2m,0.985948555084361,-1.0394229717541414,3.0113200819228636,1.231338456901039,0.014433437221171982,0.01423062657311535,-0.01500244620905742,0.04346369935528812,2295,driscoll_kraay,cumulative,twfe_directional_dummies,Recursive Residual
9,eps_rr_pos_x_wh2m,2.0865144121405654,-0.13448603609232412,4.307514860373455,1.3502723961822876,0.014433437221171982,0.030115574778701415,-0.0019410957590628296,0.06217224531646567,2268,driscoll_kraay,cumulative,twfe_directional_dummies,Recursive Residual
10,eps_rr_pos_x_wh2m,3.5337404356142077,0.09736276362307184,6.970118107605344,2.0891692827160724,0.014433437221171982,0.051004020733354596,0.0014052793364334145,0.10060276213027579,2241,driscoll_kraay,cumulative,twfe_directional_dummies,Recursive Residual
11,eps_rr_pos_x_wh2m,1.660988637173527,-0.28124516101318253,3.6032224353602365,1.1807943067775548,0.014433437221171982,0.02397377521972411,-0.004059334375242176,0.052006884814690395,2214,driscoll_kraay,cumulative,twfe_directional_dummies,Recursive Residual
12,eps_rr_pos_x_wh2m,1.814890777739161,-0.8825398405294103,4.512321396007732,1.639921372984366,0.014433437221171982,0.026195112103782173,-0.012738083383464376,0.06512830759102872,2187,driscoll_kraay,cumulative,twfe_directional_dummies,Recursive Residual
13,eps_rr_pos_x_wh2m,0.6253122938360038,-2.443075653050343,3.693700240722351,1.8654474152652825,0.014433437221171982,0.00902540573670901,-0.03526197906487587,0.053312790538293894,2160,driscoll_kraay,cumulative,twfe_directional_dummies,Recursive Residual
14,eps_rr_pos_x_wh2m,1.2584741864876983,-0.8980963772030606,3.415044750178457,1.3111018076956125,0.014433437221171982,0.018164108165135674,-0.012962617678922367,0.049290834009193714,2133,driscoll_kraay,cumulative,twfe_directional_dummies,Recursive Residual
15,eps_rr_pos_x_wh2m,4.147345709789017,1.8526945253521654,6.44199689422587,1.395048864432818,0.014433437221171982,0.05986045393673674,0.026740750121679504,0.09298015775179398,2106,driscoll_kraay,cumulative,twfe_directional_dummies,Recursive Residual
16,eps_rr_pos_x_wh2m,4.389638031701697,1.0516453424227508,7.727630720980644,2.0293554603186754,0.014433437221171982,0.06335756495423539,0.015178857028796686,0.1115362728796741,2079,driscoll_kraay,cumulative,twfe_directional_dummies,Recursive Residual
17,eps_rr_pos_x_wh2m,2.631218525542016,0.23400405553725578,5.028432995546776,1.4574029145971452,0.014433437221171982,0.0379775274035954,0.003377482845096623,0.07257757196209416,2052,driscoll_kraay,cumulative,twfe_directional_dummies,Recursive Residual
18,eps_rr_pos_x_wh2m,1.929663460105231,-0.3310809059384665,4.190407826148928,1.374434982542308,0.014433437221171982,0.027851676409418356,-0.004778635470991602,0.060481988289828315,2025,driscoll_kraay,cumulative,twfe_directional_dummies,Recursive Residual
19,eps_rr_pos_x_wh2m,3.825950533963815,1.8618319256902256,5.790069142237405,1.1940993265849653,0.014433437221171982,0.05522161684327615,0.02687263421582361,0.08357059947072869,1998,driscoll_kraay,cumulative,twfe_directional_dummies,Recursive Residual
20,eps_rr_pos_x_wh2m,1.6882131852369866,-0.29530104050273653,3.6717274109767097,1.2058910247326482,0.014433437221171982,0.02436671902507283,-0.004262209029443013,0.052995647079588676,1971,driscoll_kraay,cumulative,twfe_directional_dummies,Recursive Residual
21,eps_rr_pos_x_wh2m,1.8600404044693466,0.4011267225064399,3.318954086432253,0.8869565401189033,0.014433437221171982,0.026846776406751656,0.005789637367031175,0.047903915446472135,1944,driscoll_kraay,cumulative,twfe_directional_dummies,Recursive Residual
22,eps_rr_pos_x_wh2m,3.825034848180711,1.1091227128486865,6.540946983512736,1.6511573375471866,0.014433437221171982,0.0552084003500114,0.016008453046477477,0.09440834765354532,1917,driscoll_kraay,cumulative,twfe_directional_dummies,Recursive Residual
23,eps_rr_pos_x_wh2m,2.2325002477142584,0.503327164794579,3.961673330633938,1.0512625893189556,0.014433437221171982,0.03222265217163465,0.00726474103477304,0.05718056330849625,1890,driscoll_kraay,cumulative,twfe_directional_dummies,Recursive Residual
24,eps_rr_pos_x_wh2m,1.55829880828925,-0.2028192366338717,3.3194168532123713,1.07068374721411,0.014433437221171982,0.022491608021270003,-0.0029273787192010117,0.04791059476174101,1863,driscoll_kraay,cumulative,twfe_directional_dummies,Recursive Residual
25,eps_rr_pos_x_wh2m,1.3240933647292346,-1.1119770564977791,3.760163785956248,1.4810256556031445,0.014433437221171982,0.01911121845478978,-0.016049651036344304,0.05427208794592387,1836,driscoll_kraay,cumulative,twfe_directional_dummies,Recursive Residual
26,eps_rr_pos_x_wh2m,1.795903253932787,-0.7180067103549816,4.3098132182205555,1.5283487375998213,0.014433437221171982,0.025921056870937365,-0.010363304778288843,0.06220541852016357,1809,driscoll_kraay,cumulative,twfe_directional_dummies,Recursive Residual
27,eps_rr_pos_x_wh2m,4.0755456330414654,1.272081969949784,6.879009296133146,1.7043848869929823,0.014433437221171982,0.05882413203652562,0.01836051525345499,0.09928774881959623,1782,driscoll_kraay,cumulative,twfe_directional_dummies,Recursive Residual
28,eps_rr_pos_x_wh2m,5.71710163422585,0.7938929544381237,10.640310314013576,2.9930983518042704,0.014433437221171982,0.08251742752465856,0.011458604118213407,0.1535762509311037,1755,driscoll_kraay,cumulative,twfe_directional_dummies,Recursive Residual
29,eps_rr_pos_x_wh2m,3.706026222894542,0.7909077218724088,6.621144723916675,1.7722662085288021,0.014433437221171982,0.05349069682816549,0.011415516951385563,0.09556587670494543,1728,driscoll_kraay,cumulative,twfe_directional_dummies,Recursive Residual
30,eps_rr_pos_x_wh2m,4.777726338337087,1.3482085304615015,8.207244146212672,2.084998781461037,0.014433437221171982,0.06895901316432823,0.019459283185464617,0.11845874314319184,1701,driscoll_kraay,cumulative,twfe_directional_dummies,Recursive Residual
31,eps_rr_pos_x_wh2m,3.3502895440958493,0.7986741118494916,5.901904976342207,1.5512720344456756,0.014433437221171982,0.048356193807456344,0.011527612653554927,0.08518477496135776,1674,driscoll_kraay,cumulative,twfe_directional_dummies,Recursive Residual
32,eps_rr_pos_x_wh2m,2.1197136140736257,-0.09320635069504046,4.332633578842292,1.3453598110550626,0.014433437221171982,0.03059475337559525,-0.001345288011371406,0.06253479476256191,1647,driscoll_kraay,cumulative,twfe_directional_dummies,Recursive Residual
33,eps_rr_pos_x_wh2m,3.9097059304026742,1.0129519889458183,6.806459871859531,1.7611013490760414,0.014433437221171982,0.05643049509971079,0.014620378940510765,0.09824061125891083,1620,driscoll_kraay,cumulative,twfe_directional_dummies,Recursive Residual
34,eps_rr_pos_x_wh2m,4.051537946233016,1.1626664772764461,6.9404094151895865,1.756309146067136,0.014433437221171982,0.058477618596150305,0.016781273608930766,0.10017396358336984,1593,driscoll_kraay,cumulative,twfe_directional_dummies,Recursive Residual
35,eps_rr_pos_x_wh2m,4.397643793773435,2.062532780111483,6.732754807435387,1.4196466940282007,0.014433437221171982,0.06347311561850547,0.029769437398348406,0.09717679383866251,1566,driscoll_kraay,cumulative,twfe_directional_dummies,Recursive Residual
36,eps_rr_pos_x_wh2m,5.207468769601544,3.3231912430956303,7.091746296107457,1.1455593954570802,0.014433437221171982,0.07516167356725759,0.04796507218116926,0.10235827495334592,1539,driscoll_kraay,cumulative,twfe_directional_dummies,Recursive Residual
37,eps_rr_pos_x_wh2m,5.322368191494224,3.4563511893518246,7.188385193636623,1.1344577849159905,0.014433437221171982,0.07682006715989453,0.04988702790583267,0.10375310641395641,1512,driscoll_kraay,cumulative,twfe_directional_dummies,Recursive Residual
38,eps_rr_pos_x_wh2m,5.668891720733567,3.749593186532732,7.588190254934403,1.166850656345643,0.014433437221171982,0.08182159276482956,0.054119517862754395,0.10952366766690473,1485,driscoll_kraay,cumulative,twfe_directional_dummies,Recursive Residual
39,eps_rr_pos_x_wh2m,3.797184297043439,2.2412427102159347,5.353125883870943,0.9459453177674206,0.014433437221171982,0.05480642116859654,0.032348835955311045,0.07726400638188204,1458,driscoll_kraay,cumulative,twfe_directional_dummies,Recursive Residual
40,eps_rr_pos_x_wh2m,4.353789360953029,1.2894198226519245,7.418158899254134,1.8630043963124714,0.014433437221171982,0.06284014541552203,0.01861076006198126,0.1070695307690628,1431,driscoll_kraay,cumulative,twfe_directional_dummies,Recursive Residual
41,eps_rr_pos_x_wh2m,4.2593327842299065,1.3824550842098642,7.136210484249949,1.7490174523018025,0.014433437221171982,0.061476812345262026,0.0199535786690331,0.10300004602149095,1404,driscoll_kraay,cumulative,twfe_directional_dummies,Recursive Residual
42,eps_rr_pos_x_wh2m,2.894614395562748,1.1378709269732887,4.6513578641522075,1.0680241936453407,0.014433437221171982,0.04177923515785561,0.016423388590265733,0.06713508172544548,1377,driscoll_kraay,cumulative,twfe_directional_dummies,Recursive Residual
43,eps_rr_pos_x_wh2m,4.582060079036714,2.1983623172623963,6.965757840811032,1.44918533948349,0.014433437221171982,0.06613487649441474,0.03172992449559696,0.10053982849323254,1350,driscoll_kraay,cumulative,twfe_directional_dummies,Recursive Residual
44,eps_rr_pos_x_wh2m,4.195911049547329,2.217229749390761,6.174592349703897,1.2029528146062478,0.014433437221171982,0.06056141871926321,0.03200224639274644,0.08912059104577999,1323,driscoll_kraay,cumulative,twfe_directional_dummies,Recursive Residual
45,eps_rr_pos_x_wh2m,3.7831520840718804,1.6182820649473282,5.948022103196433,1.3161475183277345,0.014433437221171982,0.05460388810359743,0.023357372590565823,0.08585040361662905,1296,driscoll_kraay,cumulative,twfe_directional_dummies,Recursive Residual
46,eps_rr_pos_x_wh2m,3.126223596931889,0.9608699809306112,5.291577212933166,1.3164415243528307,0.014433437221171982,0.04512215202566288,0.013868656547470696,0.07637564750385506,1269,driscoll_kraay,cumulative,twfe_directional_dummies,Recursive Residual
47,eps_rr_pos_x_wh2m,2.828086463215693,0.9780595369612313,4.6781133894701545,1.124736509037131,0.014433437221171982,0.04081900842287001,0.014116760925298469,0.06752125592044154,1242,driscoll_kraay,cumulative,twfe_directional_dummies,Recursive Residual
48,eps_rr_pos_x_wh2m,4.341731395924561,1.0613389536012674,7.6221238382478544,1.9943369966621811,0.014433437221171982,0.06266610753426854,0.015318769157188257,0.11001344591134883,1215,driscoll_kraay,cumulative,twfe_directional_dummies,Recursive Residual
0,eps_rr_neg_x_wh2m,0.20631334461104311,-0.8894255501156864,1.3020522393377725,0.6661619470405662,0.019813258833123577,0.004087739697506018,-0.01762241863723542,0.025797898032247454,2511,driscoll_kraay,cumulative,twfe_directional_dummies,Recursive Residual
1,eps_rr_neg_x_wh2m,0.2687351662707916,-1.0657932549971965,1.6032635875387795,0.8113356710903011,0.019813258833123577,0.005324519406885694,-0.021116837623856733,0.03176587643762812,2484,driscoll_kraay,cumulative,twfe_directional_dummies,Recursive Residual
2,eps_rr_neg_x_wh2m,-1.2762853168669823,-3.1662227731750767,0.6136521394411121,1.1490003884484572,0.019813258833123577,-0.02528737132800066,-0.06273319132824812,0.012158448672246795,2457,driscoll_kraay,cumulative,twfe_directional_dummies,Recursive Residual
3,eps_rr_neg_x_wh2m,-0.07760479691128512,-2.001851983557648,1.8466423897350777,1.169859223408658,0.019813258833123577,-0.0015376039278952812,-0.03966321149582953,0.03658800364003896,2430,driscoll_kraay,cumulative,twfe_directional_dummies,Recursive Residual
4,eps_rr_neg_x_wh2m,-1.0895501700275059,-2.339015158772967,0.15991481871795532,0.7596207761423652,0.019813258833123577,-0.021587539530428777,-0.04634351275536844,0.0031684336945108837,2403,driscoll_kraay,cumulative,twfe_directional_dummies,Recursive Residual
5,eps_rr_neg_x_wh2m,-0.8670460177509858,-2.277200030514753,0.5431079950127815,0.8573127661075287,0.019813258833123577,-0.01717900716992934,-0.045118753619385714,0.010760739279527028,2376,driscoll_kraay,cumulative,twfe_directional_dummies,Recursive Residual
6,eps_rr_neg_x_wh2m,-0.6345617033946102,-1.8556665538625636,0.5865431470733432,0.7423790363225918,0.019813258833123577,-0.012572735274945204,-0.03676680173964943,0.01162133118975902,2349,driscoll_kraay,cumulative,twfe_directional_dummies,Recursive Residual
7,eps_rr_neg_x_wh2m,-1.0086011555160885,-2.604093093675589,0.5868907826434115,0.9699902240642183,0.019813258833123577,-0.019983675753627788,-0.05159557049054397,0.011628218983288384,2322,driscoll_kraay,cumulative,twfe_directional_dummies,Recursive Residual
8,eps_rr_neg_x_wh2m,0.533441346547726,-0.7372461252761121,1.8041288183715642,0.7725231297199965,0.019813258833123577,0.010569211471440068,-0.01460724830381306,0.0357456712466932,2295,driscoll_kraay,cumulative,twfe_directional_dummies,Recursive Residual
9,eps_rr_neg_x_wh2m,0.21034107042108457,-1.3811745661593626,1.8018567070015319,0.9675728043534916,0.019813258833123577,0.004167542071489222,-0.027365569173042618,0.03570065331602106,2268,driscoll_kraay,cumulative,twfe_directional_dummies,Recursive Residual
10,eps_rr_neg_x_wh2m,0.3890986606395783,-1.1309030045632924,1.909100325842449,0.9240953968773512,0.019813258833123577,0.007709312474873678,-0.022406873944569645,0.037825498894317,2241,driscoll_kraay,cumulative,twfe_directional_dummies,Recursive Residual
11,eps_rr_neg_x_wh2m,0.14928065633745824,-1.3521323662177722,1.6506936788926887,0.9127943045837519,0.019813258833123577,0.0029577362827926295,-0.02679014854851656,0.032705621114101815,2214,driscoll_kraay,cumulative,twfe_directional_dummies,Recursive Residual
12,eps_rr_neg_x_wh2m,-1.0477724077210568,-2.7777244911770076,0.6821796757348941,1.0517361880170448,0.019813258833123577,-0.020759785912382388,-0.05503577431079654,0.013516202486031768,2187,driscoll_kraay,cumulative,twfe_directional_dummies,Recursive Residual
13,eps_rr_neg_x_wh2m,-0.8171283291809233,-2.761921164975756,1.1276645066139093,1.1823500911745324,0.019813258833123577,-0.01618997508593944,-0.05472265891834686,0.022342708746467977,2160,driscoll_kraay,cumulative,twfe_directional_dummies,Recursive Residual
14,eps_rr_neg_x_wh2m,-0.4677980109254501,-2.3366162314617704,1.4010202096108704,1.1361608047762517,0.019813258833123577,-0.009268603072086315,-0.04629598218762985,0.027758776043457223,2133,driscoll_kraay,cumulative,twfe_directional_dummies,Recursive Residual
15,eps_rr_neg_x_wh2m,-0.20428367943720963,-2.185825084338465,1.7772577254640458,1.204691634825764,0.019813258833123577,-0.004047525416072279,-0.04330831815993218,0.03521326732778762,2106,driscoll_kraay,cumulative,twfe_directional_dummies,Recursive Residual
16,eps_rr_neg_x_wh2m,-1.021901272935434,-2.889768413425956,0.8459658675550876,1.1355825891647133,0.019813258833123577,-0.020247194422568216,-0.05725572954299332,0.01676134069785689,2079,driscoll_kraay,cumulative,twfe_directional_dummies,Recursive Residual
17,eps_rr_neg_x_wh2m,-0.17088182162775503,-2.179689716817468,1.8379260735619576,1.2212684838788874,0.019813258833123577,-0.003385725761786365,-0.04318675653520232,0.03641530501162959,2052,driscoll_kraay,cumulative,twfe_directional_dummies,Recursive Residual
18,eps_rr_neg_x_wh2m,0.7895980728746643,-1.112003543417299,2.691199689166628,1.1560916941991624,0.019813258833123577,0.015644510992001297,-0.02203241402907752,0.05332143601308011,2025,driscoll_kraay,cumulative,twfe_directional_dummies,Recursive Residual
19,eps_rr_neg_x_wh2m,0.7956966686439673,-1.3248132628673464,2.916206600155281,1.2891784999990612,0.019813258833123577,0.01576534404849709,-0.026248868082745718,0.05777955617973989,1998,driscoll_kraay,cumulative,twfe_directional_dummies,Recursive Residual
20,eps_rr_neg_x_wh2m,0.38487497067217263,-1.8199807631803286,2.589730704524674,1.340457106775466,0.019813258833123577,0.007625627412318602,-0.036059749932197634,0.051311004756834845,1971,driscoll_kraay,cumulative,twfe_directional_dummies,Recursive Residual
21,eps_rr_neg_x_wh2m,-0.6367687909347336,-2.5376697048207153,1.2641321229512483,1.1556656973843087,0.019813258833123577,-0.012616464871645031,-0.05027950669458914,0.025046576951299082,1944,driscoll_kraay,cumulative,twfe_directional_dummies,Recursive Residual
22,eps_rr_neg_x_wh2m,-0.05137885674913295,-2.1579171980463983,2.055159484548132,1.280684376275759,0.019813258833123577,-0.0010179825873205494,-0.04275537198534208,0.04071940681070098,1917,driscoll_kraay,cumulative,twfe_directional_dummies,Recursive Residual
23,eps_rr_neg_x_wh2m,0.10064740026896438,-2.439075764076418,2.640370564614347,1.5440420489283528,0.019813258833123577,0.0019941529924099827,-0.04832603942724473,0.0523143454120647,1890,driscoll_kraay,cumulative,twfe_directional_dummies,Recursive Residual
24,eps_rr_neg_x_wh2m,0.8684689767296034,-1.6476071975015434,3.3845451509607503,1.529665699734253,0.019813258833123577,0.01720720062448161,-0.03264446785941544,0.06705886910837866,1863,driscoll_kraay,cumulative,twfe_directional_dummies,Recursive Residual
25,eps_rr_neg_x_wh2m,1.0561628268086423,-1.372161455824833,3.4844871094421173,1.4763163377242674,0.019813258833123577,0.0209260274574831,-0.02718699008509308,0.06903904500005927,1836,driscoll_kraay,cumulative,twfe_directional_dummies,Recursive Residual
26,eps_rr_neg_x_wh2m,2.841562757430286,0.0034239923004579786,5.679701522560114,1.7254658521743114,0.019813258833123577,0.05630061840353061,6.784044569159617e-5,0.11253339636136961,1809,driscoll_kraay,cumulative,twfe_directional_dummies,Recursive Residual
27,eps_rr_neg_x_wh2m,2.21596515123535,-0.1481454825199009,4.580075784990601,1.4372772111867678,0.019813258833123577,0.043905491106607825,-0.0029352447901247808,0.09074622700334044,1782,driscoll_kraay,cumulative,twfe_directional_dummies,Recursive Residual
28,eps_rr_neg_x_wh2m,2.000478355369092,-0.6865851617853185,4.687541872523503,1.633618623034892,0.019813258833123577,0.03963599544498919,-0.013603489521434541,0.09287548041141293,1755,driscoll_kraay,cumulative,twfe_directional_dummies,Recursive Residual
29,eps_rr_neg_x_wh2m,2.053384020344157,-0.6311848532279662,4.73795289391628,1.632101987425855,0.019813258833123577,0.04068422907887867,-0.012505828868552811,0.09387428702631015,1728,driscoll_kraay,cumulative,twfe_directional_dummies,Recursive Residual
30,eps_rr_neg_x_wh2m,1.1129063836302635,-2.1013442312668174,4.327156998527345,1.9541256208032864,0.019813258833123577,0.022050302235901934,-0.04163447715158054,0.08573508162338442,1701,driscoll_kraay,cumulative,twfe_directional_dummies,Recursive Residual
31,eps_rr_neg_x_wh2m,1.8854035921884473,-1.0799116194236396,4.850718803800534,1.8027836416714624,0.019813258833123577,0.03735598937693068,-0.021396568432538215,0.09610854718639956,1674,driscoll_kraay,cumulative,twfe_directional_dummies,Recursive Residual
32,eps_rr_neg_x_wh2m,-0.38849536224461845,-2.7813475831900343,2.004356858700797,1.454750855479016,0.019813258833123577,-0.007697359167620731,-0.05510755957062686,0.0397128412353854,1647,driscoll_kraay,cumulative,twfe_directional_dummies,Recursive Residual
33,eps_rr_neg_x_wh2m,-0.005662199526859845,-2.2318745832569546,2.2205501842032347,1.3534410279752966,0.019813258833123577,-1.1218662479046397e-4,-0.04422070880113986,0.04399633555155893,1620,driscoll_kraay,cumulative,twfe_directional_dummies,Recursive Residual
34,eps_rr_neg_x_wh2m,0.7227106914213011,-1.231426253858117,2.6768476367007192,1.1880309063738177,0.019813258833123577,0.014319253990595941,-0.024398567101594614,0.053037075082786496,1593,driscoll_kraay,cumulative,twfe_directional_dummies,Recursive Residual
35,eps_rr_neg_x_wh2m,0.7944008417481134,-0.9993611084194092,2.588162791915636,1.0905298324277242,0.019813258833123577,0.015739669494806614,-0.019800600308871028,0.05127993929848425,1566,driscoll_kraay,cumulative,twfe_directional_dummies,Recursive Residual
36,eps_rr_neg_x_wh2m,0.5431281602427867,-0.953823539074004,2.0400798595595773,0.9100820126415756,0.019813258833123577,0.01076113881844855,-0.0188983526607992,0.040420630297696304,1539,driscoll_kraay,cumulative,twfe_directional_dummies,Recursive Residual
37,eps_rr_neg_x_wh2m,-0.2936425523673718,-2.132116639341167,1.5448315346064234,1.1177128814684714,0.019813258833123577,-0.005818015894473782,-0.04224417883767614,0.03060814704872857,1512,driscoll_kraay,cumulative,twfe_directional_dummies,Recursive Residual
38,eps_rr_neg_x_wh2m,0.7332783119388582,-0.9512165563489312,2.4177731802266473,1.0241001634958775,0.019813258833123577,0.014528632991160528,-0.018846699837293854,0.047903965819614903,1485,driscoll_kraay,cumulative,twfe_directional_dummies,Recursive Residual
39,eps_rr_neg_x_wh2m,0.04408467934884668,-1.7337584965036694,1.821927855201363,1.0808519048272545,0.019813258833123577,8.734611625139571e-4,-0.03435140584535438,0.0360983281703823,1458,driscoll_kraay,cumulative,twfe_directional_dummies,Recursive Residual
40,eps_rr_neg_x_wh2m,-1.222648978456805,-3.3963635500161704,0.9510655931025604,1.321524624405681,0.019813258833123577,-0.02422466067221881,-0.06729303010785684,0.01884370876341922,1431,driscoll_kraay,cumulative,twfe_directional_dummies,Recursive Residual
41,eps_rr_neg_x_wh2m,-1.7127611536821379,-3.732979079281681,0.3074567719174055,1.2282052898188651,0.019813258833123577,-0.033935380057223546,-0.07396248071644329,0.006091720601996195,1404,driscoll_kraay,cumulative,twfe_directional_dummies,Recursive Residual
42,eps_rr_neg_x_wh2m,-1.2870062495289556,-3.910839465579385,1.3368269665214738,1.595177329494888,0.019813258833123577,-0.025499787941764825,-0.07748647458631903,0.026486898702789387,1377,driscoll_kraay,cumulative,twfe_directional_dummies,Recursive Residual
43,eps_rr_neg_x_wh2m,-1.6815091750536828,-4.458728509432106,1.09571015932474,1.688429468052819,0.019813258833123577,-0.033316176515610724,-0.0883419420240056,0.02170958899278415,1350,driscoll_kraay,cumulative,twfe_directional_dummies,Recursive Residual
44,eps_rr_neg_x_wh2m,-2.158546431772738,-4.985455843927802,0.6683629803823266,1.7186388903153553,0.019813258833123577,-0.04276783915602858,-0.09877812703685009,0.013242448724792933,1323,driscoll_kraay,cumulative,twfe_directional_dummies,Recursive Residual
45,eps_rr_neg_x_wh2m,-1.6049474221299787,-4.650988078176958,1.4410932339170004,1.851861227124769,0.019813258833123577,-0.031799238688215714,-0.09215123062269207,0.02855275324626063,1296,driscoll_kraay,cumulative,twfe_directional_dummies,Recursive Residual
46,eps_rr_neg_x_wh2m,-1.4101429968435373,-4.077378360850346,1.257092367163272,1.621563961864615,0.019813258833123577,-0.02793952818817757,-0.08078615282410506,0.024907096447749928,1269,driscoll_kraay,cumulative,twfe_directional_dummies,Recursive Residual
47,eps_rr_neg_x_wh2m,-1.5824755467374383,-3.5799456478355878,0.4149945543607112,1.2143755945021126,0.019813258833123577,-0.03135399760459761,-0.07093038972908076,0.008222394519885544,1242,driscoll_kraay,cumulative,twfe_directional_dummies,Recursive Residual
48,eps_rr_neg_x_wh2m,-0.6953811047651048,-2.8991437535889375,1.5083815440587278,1.3397925582644266,0.019813258833123577,-0.013777765816374445,-0.05744148558429106,0.029885953951542168,1215,driscoll_kraay,cumulative,twfe_directional_dummies,Recursive Residual
