horizon,term,estimate,ci_low,ci_high,se,shock_sd,estimate_1sd,ci_low_1sd,ci_high_1sd,nobs,se_method,shock_type,response_type,spec,panel_effect,shock_series
0,eps_tvp_pos_x_ph2m,-1.6063370146332856,-3.2382074603887805,0.02553343112220907,0.9921067862919575,0.01413041042509374,-0.022698201297788132,-0.045757200456893944,3.60797861317676e-4,2511,driscoll_kraay,contractionary,cumulative,lag1_tfe,twoways,Time-Varying Param
1,eps_tvp_pos_x_ph2m,-2.1706934950722174,-3.559260740272463,-0.7821262498719717,0.8441889432883944,0.01413041042509374,-0.030672789992451627,-0.05029381506997287,-0.011051764914930378,2484,driscoll_kraay,contractionary,cumulative,lag1_tfe,twoways,Time-Varying Param
2,eps_tvp_pos_x_ph2m,-2.7026933473129646,-4.560912559215663,-0.8444741354102658,1.1297170650659496,0.01413041042509374,-0.03819016625070261,-0.06444756637468198,-0.011932766126723242,2457,driscoll_kraay,contractionary,cumulative,lag1_tfe,twoways,Time-Varying Param
3,eps_tvp_pos_x_ph2m,-1.7472596034213623,-4.011812460583661,0.5172932537409367,1.3767503807371368,0.01413041042509374,-0.02468949531553037,-0.05668855661655233,0.007309565985491593,2430,driscoll_kraay,contractionary,cumulative,lag1_tfe,twoways,Time-Varying Param
4,eps_tvp_pos_x_ph2m,-1.2297975609057332,-3.400171325779593,0.9405762039681267,1.3194935581571314,0.01413041042509374,-0.017377544275377226,-0.04804581634890076,0.013290727798146313,2403,driscoll_kraay,contractionary,cumulative,lag1_tfe,twoways,Time-Varying Param
5,eps_tvp_pos_x_ph2m,-0.3702169176622376,-2.6669527167600307,1.9265188814355556,1.3963162201578405,0.01413041042509374,-0.005231316992880553,-0.03768513647213801,0.027222502486376903,2376,driscoll_kraay,contractionary,cumulative,lag1_tfe,twoways,Time-Varying Param
6,eps_tvp_pos_x_ph2m,-1.6731606276185738,-4.0306617469087875,0.68434049167164,1.4332589117121286,0.01413041042509374,-0.023642446375357878,-0.05695490476854648,0.009670012017830716,2349,driscoll_kraay,contractionary,cumulative,lag1_tfe,twoways,Time-Varying Param
7,eps_tvp_pos_x_ph2m,-3.209266511936259,-6.9885980185846694,0.5700649947121508,2.2976704095263014,0.01413041042509374,-0.04534825297716834,-0.09875175829859827,0.008055252344261583,2322,driscoll_kraay,contractionary,cumulative,lag1_tfe,twoways,Time-Varying Param
8,eps_tvp_pos_x_ph2m,-1.1868145243760364,-3.9488754815599925,1.5752464328079196,1.6792138290767473,0.01413041042509374,-0.016770176327895812,-0.05579923127203238,0.022258878616240752,2295,driscoll_kraay,contractionary,cumulative,lag1_tfe,twoways,Time-Varying Param
9,eps_tvp_pos_x_ph2m,1.6925064332821829,-2.365797663309699,5.750810529874064,2.4672737014985553,0.01413041042509374,0.023915810549388777,-0.03342969196529378,0.08126131306407133,2268,driscoll_kraay,contractionary,cumulative,lag1_tfe,twoways,Time-Varying Param
10,eps_tvp_pos_x_ph2m,2.626664456524632,-3.4873324002259283,8.740661313275194,3.7170461593485875,0.01413041042509374,0.037115846819698844,-0.04927743810391963,0.12350913174331733,2241,driscoll_kraay,contractionary,cumulative,lag1_tfe,twoways,Time-Varying Param
11,eps_tvp_pos_x_ph2m,-0.3248255037279942,-4.356317565363758,3.70666655790777,2.450973141669527,0.01413041042509374,-0.004589917684214374,-0.06155655514063502,0.05237671977220628,2214,driscoll_kraay,contractionary,cumulative,lag1_tfe,twoways,Time-Varying Param
12,eps_tvp_pos_x_ph2m,-0.6909698519106016,-6.369780426937607,4.9878407231164035,3.452471686220471,0.01413041042509374,-0.00976368759886304,-0.09000761175035721,0.07048023655263112,2187,driscoll_kraay,contractionary,cumulative,lag1_tfe,twoways,Time-Varying Param
13,eps_tvp_pos_x_ph2m,-2.038926269209614,-7.7039549947366694,3.6261024563174415,3.4440929166605976,0.01413041042509374,-0.028810865010437017,-0.10886004597208002,0.05123831595120599,2160,driscoll_kraay,contractionary,cumulative,lag1_tfe,twoways,Time-Varying Param
14,eps_tvp_pos_x_ph2m,-1.7696699423800564,-6.2501600467580545,2.710820161997942,2.7239445692696806,0.01413041042509374,-0.025006162602782184,-0.08831732668321439,0.03830500147765002,2133,driscoll_kraay,contractionary,cumulative,lag1_tfe,twoways,Time-Varying Param
15,eps_tvp_pos_x_ph2m,1.8234029744113367,-3.0451187162988345,6.691924665121508,2.9598510231778867,0.01413041042509374,0.025765432398768884,-0.043028777254437114,0.0945596420519749,2106,driscoll_kraay,contractionary,cumulative,lag1_tfe,twoways,Time-Varying Param
16,eps_tvp_pos_x_ph2m,1.4097656503559861,-2.7400326779503157,5.559563978662288,2.522898244749856,0.01413041042509374,0.01992056724272928,-0.03871778631760666,0.07855892080306522,2079,driscoll_kraay,contractionary,cumulative,lag1_tfe,twoways,Time-Varying Param
17,eps_tvp_pos_x_ph2m,1.782606890943223,-2.7647173128185334,6.32993109470498,2.7645768165947073,0.01413041042509374,0.02518896699562806,-0.03906659033948815,0.08944452433074428,2052,driscoll_kraay,contractionary,cumulative,lag1_tfe,twoways,Time-Varying Param
18,eps_tvp_pos_x_ph2m,0.036136695884652015,-5.031273422940734,5.103546814710038,3.0807666018387243,0.01413041042509374,5.106263442569289e-4,-0.07109395842701881,0.07211521111553267,2025,driscoll_kraay,contractionary,cumulative,lag1_tfe,twoways,Time-Varying Param
19,eps_tvp_pos_x_ph2m,-0.5275743973629192,-5.596007475674564,4.540858680948726,3.0813885170471647,0.01413041042509374,-0.0074548427645095405,-0.07907388237317435,0.06416419684415528,1998,driscoll_kraay,contractionary,cumulative,lag1_tfe,twoways,Time-Varying Param
20,eps_tvp_pos_x_ph2m,-0.7176804602856217,-5.586280754036053,4.150919833464809,2.959898810433222,0.01413041042509374,-0.010141119457906023,-0.07893643980433156,0.058654200888519505,1971,driscoll_kraay,contractionary,cumulative,lag1_tfe,twoways,Time-Varying Param
21,eps_tvp_pos_x_ph2m,-0.31961707407573076,-4.461291713437801,3.82205756528634,2.5179593925558845,0.01413041042509374,-0.004516320435557664,-0.06303988293694582,0.05400724206583049,1944,driscoll_kraay,contractionary,cumulative,lag1_tfe,twoways,Time-Varying Param
22,eps_tvp_pos_x_ph2m,-0.029570542995199633,-6.421474023288054,6.362332937297655,3.886001389764657,0.01413041042509374,-4.1784390901505154e-4,-0.09073806348313816,0.08990237566510806,1917,driscoll_kraay,contractionary,cumulative,lag1_tfe,twoways,Time-Varying Param
23,eps_tvp_pos_x_ph2m,0.4814491361507243,-3.6228608512706075,4.585759123572056,2.4952432971365073,0.01413041042509374,0.00680307389261657,-0.05119251074145817,0.06479865852669131,1890,driscoll_kraay,contractionary,cumulative,lag1_tfe,twoways,Time-Varying Param
24,eps_tvp_pos_x_ph2m,-1.7470323014405615,-5.82436200871435,2.3302974058332273,2.4788404514939146,0.01413041042509374,-0.024686283445251218,-0.08230062564745716,0.03292805875695473,1863,driscoll_kraay,contractionary,cumulative,lag1_tfe,twoways,Time-Varying Param
25,eps_tvp_pos_x_ph2m,-2.233056388615686,-6.663886264944793,2.1977734877134214,2.693753294353061,0.01413041042509374,-0.03155400327351726,-0.09416344794981488,0.031055441402780357,1836,driscoll_kraay,contractionary,cumulative,lag1_tfe,twoways,Time-Varying Param
26,eps_tvp_pos_x_ph2m,-0.9177840827961373,-5.951112169532884,4.1155440039406095,3.060046197585,0.01413041042509374,-0.012968665771527634,-0.08409165744126969,0.05815432589821442,1809,driscoll_kraay,contractionary,cumulative,lag1_tfe,twoways,Time-Varying Param
27,eps_tvp_pos_x_ph2m,2.1885258192244135,-1.5710383589984436,5.948089997447271,2.2856527271613434,0.01413041042509374,0.030924768051555467,-0.02219941680621377,0.08404895290932471,1782,driscoll_kraay,contractionary,cumulative,lag1_tfe,twoways,Time-Varying Param
28,eps_tvp_pos_x_ph2m,6.062637531857781,1.6472468195323957,10.478028244183168,2.684366949117993,0.01413041042509374,0.08566755658372777,0.02327627363142307,0.1480588395360325,1755,driscoll_kraay,contractionary,cumulative,lag1_tfe,twoways,Time-Varying Param
29,eps_tvp_pos_x_ph2m,1.7729870813465043,-2.880315310924959,6.426289473617968,2.8290069803328164,0.01413041042509374,0.025053035137815167,-0.04070003749705116,0.09080610777268149,1728,driscoll_kraay,contractionary,cumulative,lag1_tfe,twoways,Time-Varying Param
30,eps_tvp_pos_x_ph2m,2.7428225317414894,-2.998115885048013,8.483760948530993,3.4902427320719154,0.01413041042509374,0.038757208096701946,-0.04236460795772159,0.11987902415112549,1701,driscoll_kraay,contractionary,cumulative,lag1_tfe,twoways,Time-Varying Param
31,eps_tvp_pos_x_ph2m,2.090288692665305,-3.8905239852754443,8.071101370606055,3.6360759279386037,0.01413041042509374,0.029536637134293386,-0.05497470068061338,0.11404797494920016,1674,driscoll_kraay,contractionary,cumulative,lag1_tfe,twoways,Time-Varying Param
32,eps_tvp_pos_x_ph2m,2.649653382211612,-2.2387597466410605,7.538066511064285,2.9719441588931708,0.01413041042509374,0.03744068977488785,-0.03163459406321706,0.10651597361299275,1647,driscoll_kraay,contractionary,cumulative,lag1_tfe,twoways,Time-Varying Param
33,eps_tvp_pos_x_ph2m,4.345173458164028,-1.2216045437754497,9.911951460103506,3.384360718015255,0.01413041042509374,0.06139908433208159,-0.017261773580706494,0.1400599422448697,1620,driscoll_kraay,contractionary,cumulative,lag1_tfe,twoways,Time-Varying Param
34,eps_tvp_pos_x_ph2m,0.7680286762738016,-3.3670487036348336,4.903106056182437,2.5139485435992737,0.01413041042509374,0.01085256041399027,-0.04757778010364001,0.06928290093162055,1593,driscoll_kraay,contractionary,cumulative,lag1_tfe,twoways,Time-Varying Param
35,eps_tvp_pos_x_ph2m,4.172642999263008,0.2084956361908703,8.136790362335146,2.4100304720847316,0.01413041042509374,0.05896115813698042,0.002946128911218025,0.11497618736274282,1566,driscoll_kraay,contractionary,cumulative,lag1_tfe,twoways,Time-Varying Param
36,eps_tvp_pos_x_ph2m,5.307525164771723,2.179561800567855,8.435488528975592,1.9016666972374638,0.01413041042509374,0.07499750891973772,0.0307981027888801,0.11919691505059535,1539,driscoll_kraay,contractionary,cumulative,lag1_tfe,twoways,Time-Varying Param
37,eps_tvp_pos_x_ph2m,5.45814070385203,1.4684764333466225,9.447804974357439,2.4255436502880485,0.01413041042509374,0.07712576830333921,0.020750174702765585,0.13350136190391285,1512,driscoll_kraay,contractionary,cumulative,lag1_tfe,twoways,Time-Varying Param
38,eps_tvp_pos_x_ph2m,5.6885471238826355,2.738052260140482,8.63904198762479,1.7937735099326277,0.01413041042509374,0.0803815055829482,0.038689802201140544,0.12207320896475586,1485,driscoll_kraay,contractionary,cumulative,lag1_tfe,twoways,Time-Varying Param
39,eps_tvp_pos_x_ph2m,1.9878167004160714,-1.5901866714069883,5.565820072239131,2.1752715945031755,0.01413041042509374,0.028088665826734693,-0.02246999031949442,0.0786473219729638,1458,driscoll_kraay,contractionary,cumulative,lag1_tfe,twoways,Time-Varying Param
40,eps_tvp_pos_x_ph2m,0.9025775530619006,-3.7392200165564,5.544375122680201,2.822012544800893,0.01413041042509374,0.012753791265241477,-0.05283671350366773,0.07834429603415069,1431,driscoll_kraay,contractionary,cumulative,lag1_tfe,twoways,Time-Varying Param
41,eps_tvp_pos_x_ph2m,0.7763760537426739,-3.1482976741736217,4.70104978165897,2.386032205911345,0.01413041042509374,0.010970512283598617,-0.04448673827644132,0.06642776284363855,1404,driscoll_kraay,contractionary,cumulative,lag1_tfe,twoways,Time-Varying Param
42,eps_tvp_pos_x_ph2m,-0.6357907002274754,-7.283955658639839,6.012374258184889,4.041797306143221,0.01413041042509374,-0.008983983538671967,-0.10292528297476491,0.08495731589742099,1377,driscoll_kraay,contractionary,cumulative,lag1_tfe,twoways,Time-Varying Param
43,eps_tvp_pos_x_ph2m,-0.5341244643028747,-8.705361910394808,7.637112981789058,4.967759630524869,0.01413041042509374,-0.00754739789868295,-0.12301033669285676,0.10791554089549084,1350,driscoll_kraay,contractionary,cumulative,lag1_tfe,twoways,Time-Varying Param
44,eps_tvp_pos_x_ph2m,-0.16604051221837668,-5.875510509421745,5.543429484984991,3.4711112913950584,0.01413041042509374,-0.002346220584838454,-0.08302337495508086,0.07833093378540394,1323,driscoll_kraay,contractionary,cumulative,lag1_tfe,twoways,Time-Varying Param
45,eps_tvp_pos_x_ph2m,-2.9480608112694715,-9.008218379888863,3.1120967573499194,3.6843141963039763,0.01413041042509374,-0.041657309221372445,-0.12728982290670263,0.04397520446395772,1296,driscoll_kraay,contractionary,cumulative,lag1_tfe,twoways,Time-Varying Param
46,eps_tvp_pos_x_ph2m,-3.506211089094727,-9.881536589270079,2.869114411080625,3.8759226934929236,0.01413041042509374,-0.04954420172592341,-0.13963016763696715,0.040541764185120344,1269,driscoll_kraay,contractionary,cumulative,lag1_tfe,twoways,Time-Varying Param
47,eps_tvp_pos_x_ph2m,-3.651537817303666,-10.855774753422445,3.552699118815113,4.379865064024525,0.01413041042509374,-0.05159772804125176,-0.15339655274822994,0.05020109666572641,1242,driscoll_kraay,contractionary,cumulative,lag1_tfe,twoways,Time-Varying Param
48,eps_tvp_pos_x_ph2m,-2.227457948695746,-8.402894341082682,3.9479784436911896,3.7543987447882077,0.01413041042509374,-0.031474895019708286,-0.11873634579819592,0.05578655575877934,1215,driscoll_kraay,contractionary,cumulative,lag1_tfe,twoways,Time-Varying Param
0,eps_tvp_pos_x_wh2m,-3.021372773188866,-5.923704295974268,-0.11904125040346436,1.7644922777502743,0.005870504519934078,-0.017736982521411,-0.034775132844269856,-6.988321985521419e-4,2511,driscoll_kraay,contractionary,cumulative,lag1_tfe,twoways,Time-Varying Param
1,eps_tvp_pos_x_wh2m,-3.4018590087491285,-6.438299835388722,-0.36541818210953503,1.8460249452513615,0.005870504519934078,-0.01997062868704022,-0.037796068284340324,-0.0021451890897401195,2484,driscoll_kraay,contractionary,cumulative,lag1_tfe,twoways,Time-Varying Param
2,eps_tvp_pos_x_wh2m,-2.7038972171019218,-5.3638181767004784,-0.043976257503365535,1.6171171197332517,0.005870504519934078,-0.015873240834434005,-0.031488318850424725,-2.581628184432923e-4,2457,driscoll_kraay,contractionary,cumulative,lag1_tfe,twoways,Time-Varying Param
3,eps_tvp_pos_x_wh2m,-2.815523760744466,-6.854126375788718,1.223078854299787,2.455296051192891,0.005870504519934078,-0.01652854496343218,-0.04023717986926705,0.007180089942402693,2430,driscoll_kraay,contractionary,cumulative,lag1_tfe,twoways,Time-Varying Param
4,eps_tvp_pos_x_wh2m,-2.747175725954529,-6.694042387949558,1.199690936040501,2.399524551804679,0.005870504519934078,-0.016127307516269243,-0.03929740609508819,0.007042791062549706,2403,driscoll_kraay,contractionary,cumulative,lag1_tfe,twoways,Time-Varying Param
5,eps_tvp_pos_x_wh2m,-1.3148167338049546,-4.937354598575259,2.3077211309653496,2.20234664374618,0.005870504519934078,-0.007718637578686947,-0.02898476248745336,0.013547487330079468,2376,driscoll_kraay,contractionary,cumulative,lag1_tfe,twoways,Time-Varying Param
6,eps_tvp_pos_x_wh2m,-2.9780322228327143,-6.861488366948775,0.9054239212833464,2.360973694245096,0.005870504519934078,-0.01748255162464878,-0.040280398471647876,0.005315295222350322,2349,driscoll_kraay,contractionary,cumulative,lag1_tfe,twoways,Time-Varying Param
7,eps_tvp_pos_x_wh2m,-5.2414620544906025,-11.748763753829579,1.2658396448483726,3.9561585254241964,0.005870504519934078,-0.03077002668195004,-0.0689711707204942,0.00743111735659412,2322,driscoll_kraay,contractionary,cumulative,lag1_tfe,twoways,Time-Varying Param
8,eps_tvp_pos_x_wh2m,-1.7448304999094562,-6.6374207301174275,3.1477597302985147,2.9744836561997126,0.005870504519934078,-0.0102430353362373,-0.03896500839685851,0.018478937724383904,2295,driscoll_kraay,contractionary,cumulative,lag1_tfe,twoways,Time-Varying Param
9,eps_tvp_pos_x_wh2m,4.0536720774187645,-4.088588654008375,12.195932808845903,4.95014303887805,0.005870504519934078,0.02379710025281742,-0.024002078173507354,0.07159627867914219,2268,driscoll_kraay,contractionary,cumulative,lag1_tfe,twoways,Time-Varying Param
10,eps_tvp_pos_x_wh2m,7.860404428682859,-5.452618235093011,21.17342709245873,8.093743081838763,0.005870504519934078,0.046144539727092565,-0.0320096199945885,0.12429869944877364,2241,driscoll_kraay,contractionary,cumulative,lag1_tfe,twoways,Time-Varying Param
11,eps_tvp_pos_x_wh2m,-0.7781525475531883,-7.82829287127769,6.271987776171314,4.286180975744965,0.005870504519934078,-0.004568148047609209,-0.0459560286842034,0.03681973258898499,2214,driscoll_kraay,contractionary,cumulative,lag1_tfe,twoways,Time-Varying Param
12,eps_tvp_pos_x_wh2m,-2.789769259201463,-12.345295665579886,6.765757147176959,5.809347561271081,0.005870504519934078,-0.016377353045715335,-0.07247311400470931,0.03971840791327863,2187,driscoll_kraay,contractionary,cumulative,lag1_tfe,twoways,Time-Varying Param
13,eps_tvp_pos_x_wh2m,-4.3308466424216006,-14.459565075135352,5.79787179029215,6.157823569678993,0.005870504519934078,-0.02542425478947733,-0.08488494212986301,0.03403643255090835,2160,driscoll_kraay,contractionary,cumulative,lag1_tfe,twoways,Time-Varying Param
14,eps_tvp_pos_x_wh2m,-3.216502640670278,-11.121700894969168,4.688695613628612,4.806019286318003,0.005870504519934078,-0.018882493290434763,-0.06528999537327138,0.027525008792401853,2133,driscoll_kraay,contractionary,cumulative,lag1_tfe,twoways,Time-Varying Param
15,eps_tvp_pos_x_wh2m,1.9639944698978058,-6.6437708269091615,10.571759766704773,5.233149719686835,0.005870504519934078,0.011529638412660602,-0.0390022866687764,0.0620615634940976,2106,driscoll_kraay,contractionary,cumulative,lag1_tfe,twoways,Time-Varying Param
16,eps_tvp_pos_x_wh2m,2.104924716439962,-5.663659946198222,9.873509379078147,4.722964119935873,0.005870504519934078,0.012356970061981755,-0.03324854131352626,0.05796248143748977,2079,driscoll_kraay,contractionary,cumulative,lag1_tfe,twoways,Time-Varying Param
17,eps_tvp_pos_x_wh2m,2.3498508788272745,-5.948114421469878,10.647816179124426,5.04480469528245,0.005870504519934078,0.01379481020532658,-0.03491843259632399,0.06250805300697715,2052,driscoll_kraay,contractionary,cumulative,lag1_tfe,twoways,Time-Varying Param
18,eps_tvp_pos_x_wh2m,-1.727033299668052,-10.110325456331903,6.656258856995799,5.096679740556139,0.005870504519934078,-0.010138556791777964,-0.059352711289401006,0.03907559770584508,2025,driscoll_kraay,contractionary,cumulative,lag1_tfe,twoways,Time-Varying Param
19,eps_tvp_pos_x_wh2m,-1.813295398915636,-11.151970005608527,7.525379207777255,5.677511028139899,0.005870504519934078,-0.010644958835309908,-0.06546769032409412,0.044177772653474306,1998,driscoll_kraay,contractionary,cumulative,lag1_tfe,twoways,Time-Varying Param
20,eps_tvp_pos_x_wh2m,-1.7074949939435509,-9.844670342610693,6.429680354723591,4.947051345686223,0.005870504519934078,-0.010023857079710426,-0.057793181743557034,0.03774546758413619,1971,driscoll_kraay,contractionary,cumulative,lag1_tfe,twoways,Time-Varying Param
21,eps_tvp_pos_x_wh2m,-1.2809587565561895,-8.198080819427794,5.6361633063154155,4.205311615290424,0.005870504519934078,-0.007519874170212246,-0.04812687050523574,0.033087122164811245,1944,driscoll_kraay,contractionary,cumulative,lag1_tfe,twoways,Time-Varying Param
22,eps_tvp_pos_x_wh2m,0.8202857090688143,-11.31936935854051,12.959940776678138,7.380386235405421,0.005870504519934078,0.004815490962725804,-0.06645040898211536,0.07608139090756698,1917,driscoll_kraay,contractionary,cumulative,lag1_tfe,twoways,Time-Varying Param
23,eps_tvp_pos_x_wh2m,2.700356600435982,-3.2329666430015926,8.633679843873557,3.607204401788772,0.005870504519934078,0.015852455628293252,-0.01897914529053695,0.050684056547123456,1890,driscoll_kraay,contractionary,cumulative,lag1_tfe,twoways,Time-Varying Param
24,eps_tvp_pos_x_wh2m,-4.07382161199305,-11.789546725612762,3.641903501626663,4.690827795978318,0.005870504519934078,-0.02391538818661033,-0.06921058734068374,0.02137981096746307,1863,driscoll_kraay,contractionary,cumulative,lag1_tfe,twoways,Time-Varying Param
25,eps_tvp_pos_x_wh2m,-3.3095535359294956,-11.825643133508446,5.206536061649455,5.177414852020874,0.005870504519934078,-0.019428748991637913,-0.06942249146638872,0.0305649934831129,1836,driscoll_kraay,contractionary,cumulative,lag1_tfe,twoways,Time-Varying Param
26,eps_tvp_pos_x_wh2m,-0.7365884359916459,-9.552540783359944,8.079363911376653,5.359718459391158,0.005870504519934078,-0.004324145742820131,-0.05607823384556917,0.047429942359928916,1809,driscoll_kraay,contractionary,cumulative,lag1_tfe,twoways,Time-Varying Param
27,eps_tvp_pos_x_wh2m,3.5598874486151852,-2.4500572148916073,9.569832112121977,3.653786917590634,0.005870504519934078,0.020898335357552037,-0.01438307195411828,0.05617974266922235,1782,driscoll_kraay,contractionary,cumulative,lag1_tfe,twoways,Time-Varying Param
28,eps_tvp_pos_x_wh2m,12.026209213425862,3.7782292437148097,20.27418918313691,5.014415772057261,0.005870504519934078,0.07059991554508938,0.022180111852574902,0.11901971923760384,1755,driscoll_kraay,contractionary,cumulative,lag1_tfe,twoways,Time-Varying Param
29,eps_tvp_pos_x_wh2m,3.235205832202214,-4.331841313244677,10.802252977649104,4.60043800947289,0.005870504519934078,0.018992290460860185,-0.02543009400904005,0.06341467493076042,1728,driscoll_kraay,contractionary,cumulative,lag1_tfe,twoways,Time-Varying Param
30,eps_tvp_pos_x_wh2m,4.58676171441806,-3.9125023972990967,13.086025826135216,5.1671856829409615,0.005870504519934078,0.0269266053763518,-0.02296836300759726,0.07682157376030087,1701,driscoll_kraay,contractionary,cumulative,lag1_tfe,twoways,Time-Varying Param
31,eps_tvp_pos_x_wh2m,3.2095579055160344,-6.5701223511529,12.989238162184968,5.945623425954524,0.005870504519934078,0.018841724191322032,-0.038569932958963014,0.07625338134160707,1674,driscoll_kraay,contractionary,cumulative,lag1_tfe,twoways,Time-Varying Param
32,eps_tvp_pos_x_wh2m,3.755860302764008,-4.4700646889101225,11.981785294438138,5.001007297482052,0.005870504519934078,0.022048794883617082,-0.026241534960644592,0.07033912472787876,1647,driscoll_kraay,contractionary,cumulative,lag1_tfe,twoways,Time-Varying Param
33,eps_tvp_pos_x_wh2m,6.994982966792894,-1.4373517376863374,15.427317671272124,5.126495492554859,0.005870504519934078,0.04106407912341957,-0.008437979872822745,0.09056613811966188,1620,driscoll_kraay,contractionary,cumulative,lag1_tfe,twoways,Time-Varying Param
34,eps_tvp_pos_x_wh2m,0.9015932869951653,-6.873989925582975,8.677176499573305,4.727218936185343,0.005870504519934078,0.00529280746644734,-0.04035378892811617,0.05093940386101085,1593,driscoll_kraay,contractionary,cumulative,lag1_tfe,twoways,Time-Varying Param
35,eps_tvp_pos_x_wh2m,6.4714366782549675,-0.1373734068876331,13.080246763397568,4.017871242069846,0.005870504519934078,0.03799059827016296,-8.064512060525934e-4,0.07678764774637852,1566,driscoll_kraay,contractionary,cumulative,lag1_tfe,twoways,Time-Varying Param
36,eps_tvp_pos_x_wh2m,8.791374542919968,2.7443003988885817,14.838448686951354,3.676360038940896,0.005870504519934078,0.05160980399064506,0.01611042789573231,0.0871091800855578,1539,driscoll_kraay,contractionary,cumulative,lag1_tfe,twoways,Time-Varying Param
37,eps_tvp_pos_x_wh2m,10.153006245157023,3.7771434557494272,16.528869034564618,3.8762493421523785,0.005870504519934078,0.05960326905311322,0.022173737729416436,0.09703280037681,1512,driscoll_kraay,contractionary,cumulative,lag1_tfe,twoways,Time-Varying Param
38,eps_tvp_pos_x_wh2m,11.542596092165224,4.957713299164358,18.12747888516609,4.003324481343131,0.005870504519934078,0.06776086253082937,0.029104278331281656,0.1064174467303771,1485,driscoll_kraay,contractionary,cumulative,lag1_tfe,twoways,Time-Varying Param
39,eps_tvp_pos_x_wh2m,3.5134808738748653,-2.904233616812518,9.93119536456225,3.901693369872557,0.005870504519934078,0.020625905350784332,-0.01704931657444238,0.05830112727601105,1458,driscoll_kraay,contractionary,cumulative,lag1_tfe,twoways,Time-Varying Param
40,eps_tvp_pos_x_wh2m,2.831895172964211,-6.226742184513256,11.890532530441678,5.507260469289603,0.005870504519934078,0.016624653412865897,-0.03655411813864926,0.06980342496438106,1431,driscoll_kraay,contractionary,cumulative,lag1_tfe,twoways,Time-Varying Param
41,eps_tvp_pos_x_wh2m,3.3136249327535294,-4.995208527491511,11.62245839299857,5.051412067373079,0.005870504519934078,0.01945265014509585,-0.029324394238652164,0.06822969452884386,1404,driscoll_kraay,contractionary,cumulative,lag1_tfe,twoways,Time-Varying Param
42,eps_tvp_pos_x_wh2m,0.10183438977791856,-11.26635980198348,11.470028581539317,6.911371325381038,0.005870504519934078,5.978192454759995e-4,-0.06613921614074762,0.06733485463169962,1377,driscoll_kraay,contractionary,cumulative,lag1_tfe,twoways,Time-Varying Param
43,eps_tvp_pos_x_wh2m,-0.21104917634567408,-14.816856887768033,14.394758535076686,8.879700583748829,0.005870504519934078,-0.001238965143665644,-0.0869824253308586,0.08450449504352733,1350,driscoll_kraay,contractionary,cumulative,lag1_tfe,twoways,Time-Varying Param
44,eps_tvp_pos_x_wh2m,0.8030298894338868,-9.31367633013332,10.919736109001095,6.150520662630173,0.005870504519934078,0.004714190595563795,-0.0546759789932507,0.06410436018437829,1323,driscoll_kraay,contractionary,cumulative,lag1_tfe,twoways,Time-Varying Param
45,eps_tvp_pos_x_wh2m,-5.002521804567989,-15.338638892693632,5.3335952835576546,6.2839129991659695,0.005870504519934078,-0.02936732686478516,-0.09004554894919461,0.03131089521962429,1296,driscoll_kraay,contractionary,cumulative,lag1_tfe,twoways,Time-Varying Param
46,eps_tvp_pos_x_wh2m,-6.954440888094819,-19.22874988759198,5.319868111402341,7.462250013240413,0.005870504519934078,-0.040826076667175,-0.11288246312779061,0.03123030979344061,1269,driscoll_kraay,contractionary,cumulative,lag1_tfe,twoways,Time-Varying Param
47,eps_tvp_pos_x_wh2m,-6.494074425637166,-19.353742138016834,6.365593286742504,7.818122841856415,0.005870504519934078,-0.038123493268491286,-0.11361623069886645,0.03736924416188389,1242,driscoll_kraay,contractionary,cumulative,lag1_tfe,twoways,Time-Varying Param
48,eps_tvp_pos_x_wh2m,-1.22685975989693,-12.384857251186105,9.931137731392244,6.783580805283637,0.005870504519934078,-0.007202285765800165,-0.07270536047182637,0.058300788940226035,1215,driscoll_kraay,contractionary,cumulative,lag1_tfe,twoways,Time-Varying Param
0,eps_tvp_pos_x_ph2m,0.01674806097138043,-0.2385898863922813,0.27208600833504215,0.1552344495460659,0.01413041042509374,2.366569753500996e-4,-0.0033713730179994223,0.0038446869686996218,2511,driscoll_kraay,contractionary,cumulative,lag1_individual_fe,individual,Time-Varying Param
1,eps_tvp_pos_x_ph2m,-0.18308871739888452,-0.499061046965222,0.13288361216745295,0.19209753645493202,0.01413041042509374,-0.0025871187210502393,-0.00705193742079557,0.0018776999786950905,2484,driscoll_kraay,contractionary,cumulative,lag1_individual_fe,individual,Time-Varying Param
2,eps_tvp_pos_x_ph2m,-0.8703935150172232,-1.7865176844294992,0.04573065439505297,0.5569639476736885,0.01413041042509374,-0.012299017598533354,-0.025244228112676924,6.461929156102153e-4,2457,driscoll_kraay,contractionary,cumulative,lag1_individual_fe,individual,Time-Varying Param
3,eps_tvp_pos_x_ph2m,-0.01803887419793193,-0.3586819324546696,0.32260418405880575,0.20709627451050253,0.01413041042509374,-2.548966960234118e-4,-0.005068322917650232,0.004558529525603408,2430,driscoll_kraay,contractionary,cumulative,lag1_individual_fe,individual,Time-Varying Param
4,eps_tvp_pos_x_ph2m,0.19789409416202972,-0.17745379057595664,0.573241978900016,0.22819531087009012,0.01413041042509374,0.002796324771211627,-0.002507494892326899,0.008100144434750153,2403,driscoll_kraay,contractionary,cumulative,lag1_individual_fe,individual,Time-Varying Param
5,eps_tvp_pos_x_ph2m,0.19159367521459086,-0.1684241883427502,0.5516115387719319,0.21887531975996471,0.01413041042509374,0.002707297265634279,-0.0023799029067963487,0.0077944974380649065,2376,driscoll_kraay,contractionary,cumulative,lag1_individual_fe,individual,Time-Varying Param
6,eps_tvp_pos_x_ph2m,-0.008783413670397677,-0.2859613135478535,0.2683944862070581,0.16851219788545563,0.01413041042509374,-1.241132400960982e-4,-0.004040750726130088,0.0037925242459378914,2349,driscoll_kraay,contractionary,cumulative,lag1_individual_fe,individual,Time-Varying Param
7,eps_tvp_pos_x_ph2m,-0.07654924753711914,-0.4267657999728688,0.27366730489863056,0.21291654570190044,0.01413041042509374,-0.0010816722854315895,-0.006030375909010095,0.0038670313381469162,2322,driscoll_kraay,contractionary,cumulative,lag1_individual_fe,individual,Time-Varying Param
8,eps_tvp_pos_x_ph2m,-0.06211198463924065,-0.5634058664626469,0.4391818971841656,0.304765040250111,0.01413041042509374,-8.776678352695882e-4,-0.007961156129022757,0.006205820458483581,2295,driscoll_kraay,contractionary,cumulative,lag1_individual_fe,individual,Time-Varying Param
9,eps_tvp_pos_x_ph2m,-0.3970968007209409,-0.8622367832054088,0.06804318176352697,0.282785030146753,0.01413041042509374,-0.0056111407726785545,-0.012183759630304998,9.614780849478897e-4,2268,driscoll_kraay,contractionary,cumulative,lag1_individual_fe,individual,Time-Varying Param
10,eps_tvp_pos_x_ph2m,-1.3122550822380497,-2.6700332003364573,0.045523035860358,0.8254704831182322,0.01413041042509374,-0.018542702894438778,-0.037728664969380675,6.432591805031187e-4,2241,driscoll_kraay,contractionary,cumulative,lag1_individual_fe,individual,Time-Varying Param
11,eps_tvp_pos_x_ph2m,-0.12080919214039292,-0.7083658560377293,0.4667474717569435,0.35720908795167294,0.01413041042509374,-0.0017070834680677606,-0.01000950027693598,0.00659533334080046,2214,driscoll_kraay,contractionary,cumulative,lag1_individual_fe,individual,Time-Varying Param
12,eps_tvp_pos_x_ph2m,0.3831481981471169,-0.26190901504216296,1.0282054113363968,0.39216693973238936,0.01413041042509374,0.005414041293453902,-0.0037008818765778126,0.014528964463485616,2187,driscoll_kraay,contractionary,cumulative,lag1_individual_fe,individual,Time-Varying Param
13,eps_tvp_pos_x_ph2m,0.1767265064862381,-0.2900471686316493,0.6435001816041255,0.2837782447444843,0.01413041042509374,0.002497218069643535,-0.004098485535401579,0.009092921674688649,2160,driscoll_kraay,contractionary,cumulative,lag1_individual_fe,individual,Time-Varying Param
14,eps_tvp_pos_x_ph2m,-0.14024641723169634,-0.6314379289989771,0.35094509453558437,0.29862323535598856,0.01413041042509374,-0.0019817394361328084,-0.008922477094726747,0.004958998222461129,2133,driscoll_kraay,contractionary,cumulative,lag1_individual_fe,individual,Time-Varying Param
15,eps_tvp_pos_x_ph2m,0.18353518890852472,-0.3476603004686838,0.7147306782857332,0.32294392684758966,0.01413041042509374,0.0025934275467245664,-0.004912582734133911,0.010099437827583045,2106,driscoll_kraay,contractionary,cumulative,lag1_individual_fe,individual,Time-Varying Param
16,eps_tvp_pos_x_ph2m,-0.12288028758441545,-0.7303614436975767,0.4846008685287458,0.36932231911665647,0.01413041042509374,-0.0017363488967213408,-0.010320306958110752,0.00684760916466807,2079,driscoll_kraay,contractionary,cumulative,lag1_individual_fe,individual,Time-Varying Param
17,eps_tvp_pos_x_ph2m,0.11601173261561862,-0.6399471824269486,0.8719706476581858,0.4595903870447376,0.01413041042509374,0.0016392933959849248,-0.00904271633807512,0.012321303130044968,2052,driscoll_kraay,contractionary,cumulative,lag1_individual_fe,individual,Time-Varying Param
18,eps_tvp_pos_x_ph2m,0.5219248243361906,-0.31093549394841524,1.3547851426207964,0.5063431205293368,0.01413041042509374,0.007375011978915326,-0.004393646145220358,0.01914367010305101,2025,driscoll_kraay,contractionary,cumulative,lag1_individual_fe,individual,Time-Varying Param
19,eps_tvp_pos_x_ph2m,0.19194367665949405,-0.49856136783776284,0.882448721156751,0.4197972592716477,0.01413041042509374,0.0027122429297001364,-0.007044876749643718,0.012469362609043992,1998,driscoll_kraay,contractionary,cumulative,lag1_individual_fe,individual,Time-Varying Param
20,eps_tvp_pos_x_ph2m,-0.05807749141674968,-0.7373485327613923,0.621193549927893,0.41296747030529746,0.01413041042509374,-8.206587901785318e-4,-0.01041903739425915,0.008777719813902088,1971,driscoll_kraay,contractionary,cumulative,lag1_individual_fe,individual,Time-Varying Param
21,eps_tvp_pos_x_ph2m,0.12466630413796934,-0.5958916367924809,0.8452242450684195,0.43806812297694436,0.01413041042509374,0.0017615860436490686,-0.008420193396758644,0.011943365484056782,1944,driscoll_kraay,contractionary,cumulative,lag1_individual_fe,individual,Time-Varying Param
22,eps_tvp_pos_x_ph2m,-0.47401864628969786,-1.0378616019007472,0.08982430932135138,0.3427921769890619,0.01413041042509374,-0.006698078021220769,-0.014665410399302806,0.0012692543568612682,1917,driscoll_kraay,contractionary,cumulative,lag1_individual_fe,individual,Time-Varying Param
23,eps_tvp_pos_x_ph2m,-0.8077591175746072,-1.8338244917697923,0.2183062566205779,0.6238034542300689,0.01413041042509374,-0.01141396785594075,-0.025912692716296103,0.0030847570044146033,1890,driscoll_kraay,contractionary,cumulative,lag1_individual_fe,individual,Time-Varying Param
24,eps_tvp_pos_x_ph2m,0.2504032508587836,-0.39905797930583736,0.8998644810234047,0.39484439194040344,0.01413041042509374,0.0035383007064123187,-0.0056388530310000455,0.012715454443824685,1863,driscoll_kraay,contractionary,cumulative,lag1_individual_fe,individual,Time-Varying Param
25,eps_tvp_pos_x_ph2m,-0.13576493733763295,-0.6900161424444647,0.41848626776919884,0.33696080674002976,0.01413041042509374,-0.0019184142859178868,-0.00975021129268023,0.005913382720844457,1836,driscoll_kraay,contractionary,cumulative,lag1_individual_fe,individual,Time-Varying Param
26,eps_tvp_pos_x_ph2m,-0.34911431158125106,-1.0000896660211003,0.30186104285859816,0.3957649141378919,0.01413041042509374,-0.004933128507917134,-0.01413167744277307,0.0042654204269388036,1809,driscoll_kraay,contractionary,cumulative,lag1_individual_fe,individual,Time-Varying Param
27,eps_tvp_pos_x_ph2m,-0.08899879405392055,-0.728594781022121,0.55059719291428,0.38884674994066853,0.01413041042509374,-0.0012575894873202897,-0.010295343289423869,0.007780164314783291,1782,driscoll_kraay,contractionary,cumulative,lag1_individual_fe,individual,Time-Varying Param
28,eps_tvp_pos_x_ph2m,-0.733928325595322,-1.7345068915603208,0.2666502403696769,0.608308575042902,0.01413041042509374,-0.010370708463263729,-0.024509294262900893,0.0037678773363734337,1755,driscoll_kraay,contractionary,cumulative,lag1_individual_fe,individual,Time-Varying Param
29,eps_tvp_pos_x_ph2m,-0.156752514656194,-0.6570007738469789,0.34349574453459086,0.30412934682700726,0.01413041042509374,-0.002214977367257543,-0.009283690584062004,0.004853735849546919,1728,driscoll_kraay,contractionary,cumulative,lag1_individual_fe,individual,Time-Varying Param
30,eps_tvp_pos_x_ph2m,-0.014080755991914495,-0.5380987789619843,0.5099372669781553,0.31858033710955247,0.01413041042509374,-1.9896686126134972e-4,-0.007603556595974635,0.007205622873451936,1701,driscoll_kraay,contractionary,cumulative,lag1_individual_fe,individual,Time-Varying Param
31,eps_tvp_pos_x_ph2m,0.09426950595611705,-0.3869135461506859,0.57545255806292,0.2925385239284877,0.01413041042509374,0.0013320668097307527,-0.00546724720613764,0.008131380825599145,1674,driscoll_kraay,contractionary,cumulative,lag1_individual_fe,individual,Time-Varying Param
32,eps_tvp_pos_x_ph2m,0.20615262473014834,-0.29106770640076646,0.7033729558610631,0.30228849727647183,0.01413041042509374,0.0029130211976473256,-0.004112906152933514,0.009938948548228164,1647,driscoll_kraay,contractionary,cumulative,lag1_individual_fe,individual,Time-Varying Param
33,eps_tvp_pos_x_ph2m,0.24140445102912064,-0.4733912058700981,0.9562001079283394,0.43456490303274115,0.01413041042509374,0.0034111439714859175,-0.006689212030574531,0.013511499973546367,1620,driscoll_kraay,contractionary,cumulative,lag1_individual_fe,individual,Time-Varying Param
34,eps_tvp_pos_x_ph2m,0.12106468565737132,-0.5646813771196426,0.8068107484343852,0.4169040038218827,0.01413041042509374,0.001710693696323616,-0.007979179618107688,0.011400567010754918,1593,driscoll_kraay,contractionary,cumulative,lag1_individual_fe,individual,Time-Varying Param
35,eps_tvp_pos_x_ph2m,0.2878633961744079,-0.40569055245255004,0.9814173448013659,0.4216508613671434,0.01413041042509374,0.004067627934305743,-0.005732574011737552,0.013867829880349037,1566,driscoll_kraay,contractionary,cumulative,lag1_individual_fe,individual,Time-Varying Param
36,eps_tvp_pos_x_ph2m,0.2636748828400855,-0.7580328089231698,1.2853825746033407,0.6211541714242753,0.01413041042509374,0.0037258343133189146,-0.010711314705771049,0.018162983332408875,1539,driscoll_kraay,contractionary,cumulative,lag1_individual_fe,individual,Time-Varying Param
37,eps_tvp_pos_x_ph2m,-0.12698639452213986,-0.620445220503236,0.36647243145895636,0.30000166452236837,0.01413041042509374,-0.0017943698730007115,-0.00876714561199851,0.005178405865997088,1512,driscoll_kraay,contractionary,cumulative,lag1_individual_fe,individual,Time-Varying Param
38,eps_tvp_pos_x_ph2m,-0.8770708397486163,-2.328465870245479,0.574324190748246,0.8823855245933584,0.01413041042509374,-0.012393370937529569,-0.03290217840739168,0.008115436532332541,1485,driscoll_kraay,contractionary,cumulative,lag1_individual_fe,individual,Time-Varying Param
39,eps_tvp_pos_x_ph2m,0.1997801287820168,-0.48584318408773575,0.8854034416517693,0.41682937717714663,0.01413041042509374,0.00282297521446798,-0.0068651635933940774,0.012511114022330037,1458,driscoll_kraay,contractionary,cumulative,lag1_individual_fe,individual,Time-Varying Param
40,eps_tvp_pos_x_ph2m,-0.36369529154767055,-0.8142857170365657,0.08689513394122461,0.2739395275700049,0.01413041042509374,-0.005139163739242711,-0.011506191385018419,0.0012278639065329972,1431,driscoll_kraay,contractionary,cumulative,lag1_individual_fe,individual,Time-Varying Param
41,eps_tvp_pos_x_ph2m,-0.9149982767268255,-2.3628995355262705,0.5329029820726195,0.8802614622207735,0.01413041042509374,-0.012929301188403542,-0.03338874023024957,0.007530137853442485,1404,driscoll_kraay,contractionary,cumulative,lag1_individual_fe,individual,Time-Varying Param
42,eps_tvp_pos_x_ph2m,-0.3105534743407084,-0.8000153145553688,0.17890836587395204,0.29757166971860965,0.01413041042509374,-0.004388248051373027,-0.01130454474102783,0.002528048638281777,1377,driscoll_kraay,contractionary,cumulative,lag1_individual_fe,individual,Time-Varying Param
43,eps_tvp_pos_x_ph2m,-0.28199539171301763,-0.6365162565504688,0.07252547312443358,0.21553338183319745,0.01413041042509374,-0.003984710622890017,-0.008994235947302386,0.0010248147015223521,1350,driscoll_kraay,contractionary,cumulative,lag1_individual_fe,individual,Time-Varying Param
44,eps_tvp_pos_x_ph2m,-0.1213039132645406,-0.37434536029980164,0.13173753377072045,0.1538382764819271,0.01413041042509374,-0.0017140740805979312,-0.005289653581765789,0.0018615054205699268,1323,driscoll_kraay,contractionary,cumulative,lag1_individual_fe,individual,Time-Varying Param
45,eps_tvp_pos_x_ph2m,-0.15795839085476518,-0.4500572257389913,0.13414044402946093,0.17758348226133314,0.01413041042509374,-0.0022320168928652052,-0.006359493314471009,0.001895459528740598,1296,driscoll_kraay,contractionary,cumulative,lag1_individual_fe,individual,Time-Varying Param
46,eps_tvp_pos_x_ph2m,0.0277857202007369,-0.4285206406946703,0.48409208109614404,0.27741456955116023,0.01413041042509374,3.926236303932304e-4,-0.006055172528639817,0.006840419789426277,1269,driscoll_kraay,contractionary,cumulative,lag1_individual_fe,individual,Time-Varying Param
47,eps_tvp_pos_x_ph2m,0.061358666688077636,-0.19503869376015012,0.3177560271363054,0.15587852696864454,0.01413041042509374,8.670231434390642e-4,-0.0027559767916050903,0.004490023078483219,1242,driscoll_kraay,contractionary,cumulative,lag1_individual_fe,individual,Time-Varying Param
48,eps_tvp_pos_x_ph2m,-0.7634822762265069,-1.2528132532236653,-0.27415129922934844,0.29749211053148333,0.01413041042509374,-0.01078831791536533,-0.017702765454047285,-0.0038738703766833782,1215,driscoll_kraay,contractionary,cumulative,lag1_individual_fe,individual,Time-Varying Param
0,eps_tvp_pos_x_wh2m,-0.15995120993650228,-0.47167911700817555,0.15177669713517103,0.18951711080178096,0.005870504519934078,-9.389943009011612e-4,-0.0027689943883550095,8.910057865526872e-4,2511,driscoll_kraay,contractionary,cumulative,lag1_individual_fe,individual,Time-Varying Param
1,eps_tvp_pos_x_wh2m,0.0745496594011626,-0.6774640331765858,0.8265633519789108,0.45719186209383916,0.005870504519934078,4.37644112474071e-4,-0.003977055668855917,0.004852343893804058,2484,driscoll_kraay,contractionary,cumulative,lag1_individual_fe,individual,Time-Varying Param
2,eps_tvp_pos_x_wh2m,0.43725027603281363,-0.31848331708121547,1.1929838691468428,0.45945340103890336,0.005870504519934078,0.0025668797217930557,-0.0018696577524488734,0.007003417196034986,2457,driscoll_kraay,contractionary,cumulative,lag1_individual_fe,individual,Time-Varying Param
3,eps_tvp_pos_x_wh2m,0.32470013037403367,-0.1154229949294312,0.7648232556774985,0.2675758609106012,0.005870504519934078,0.001906153582983949,-6.77591213437554e-4,0.004489898379405452,2430,driscoll_kraay,contractionary,cumulative,lag1_individual_fe,individual,Time-Varying Param
4,eps_tvp_pos_x_wh2m,-0.1517628381197796,-0.774889214606258,0.4713635383666988,0.3788339377293799,0.005870504519934078,-8.909244271401898e-4,-0.004548990636794205,0.0027671417825138253,2403,driscoll_kraay,contractionary,cumulative,lag1_individual_fe,individual,Time-Varying Param
5,eps_tvp_pos_x_wh2m,-0.1408375762758956,-0.658996932504416,0.3773217799526249,0.3150185206381333,0.005870504519934078,-8.267876281042056e-4,-0.0038686444708898667,0.002215069214681456,2376,driscoll_kraay,contractionary,cumulative,lag1_individual_fe,individual,Time-Varying Param
6,eps_tvp_pos_x_wh2m,0.13064956601800035,-0.4756222545354921,0.7369213865714929,0.368587095301082,0.005870504519934078,7.669788678360967e-4,-0.002792142595031843,0.0043261003307040365,2349,driscoll_kraay,contractionary,cumulative,lag1_individual_fe,individual,Time-Varying Param
7,eps_tvp_pos_x_wh2m,0.3018604695964838,-0.35778533422580094,0.9615062734187686,0.4010361730756888,0.005870504519934078,0.0017720732511555817,-0.0021003804217386893,0.005644526924049853,2322,driscoll_kraay,contractionary,cumulative,lag1_individual_fe,individual,Time-Varying Param
8,eps_tvp_pos_x_wh2m,0.465616307163783,-0.1473839554699874,1.0786165697975534,0.3726776976319096,0.005870504519934078,0.002733402635760002,-8.652181767523239e-4,0.006332023448272328,2295,driscoll_kraay,contractionary,cumulative,lag1_individual_fe,individual,Time-Varying Param
9,eps_tvp_pos_x_wh2m,0.5401114326103448,-0.5871306723894046,1.667353537610094,0.6853145389532016,0.005870504519934078,0.003170726606407099,-0.0034467532660539344,0.009788206478868132,2268,driscoll_kraay,contractionary,cumulative,lag1_individual_fe,individual,Time-Varying Param
10,eps_tvp_pos_x_wh2m,0.5616329410413105,-0.11623256476937116,1.239498446851992,0.4121129653749311,0.005870504519934078,0.0032970687189268827,-6.823437968421238e-4,0.007276481234695889,2241,driscoll_kraay,contractionary,cumulative,lag1_individual_fe,individual,Time-Varying Param
11,eps_tvp_pos_x_wh2m,-0.35970048499001966,-1.2486335434708196,0.5292325734907803,0.5404329260156268,0.005870504519934078,-0.0021116233229563903,-0.00733010886068675,0.00310686221477397,2214,driscoll_kraay,contractionary,cumulative,lag1_individual_fe,individual,Time-Varying Param
12,eps_tvp_pos_x_wh2m,-0.7578677000026202,-1.834461683137687,0.31872628313244666,0.6545226672420681,0.005870504519934078,-0.004449065758377425,-0.010769215602505667,0.001871084085750817,2187,driscoll_kraay,contractionary,cumulative,lag1_individual_fe,individual,Time-Varying Param
13,eps_tvp_pos_x_wh2m,-0.4500743758419177,-1.0551158454308507,0.15496709374701534,0.3678390950265289,0.005870504519934078,-0.0026421636576864868,-0.006194062339655875,9.097350242829015e-4,2160,driscoll_kraay,contractionary,cumulative,lag1_individual_fe,individual,Time-Varying Param
14,eps_tvp_pos_x_wh2m,-0.2797452461455385,-0.8762805478104818,0.3167900555194048,0.3626677121237506,0.005870504519934078,-0.0016422457319274547,-0.005144208916651743,0.0018597174527968333,2133,driscoll_kraay,contractionary,cumulative,lag1_individual_fe,individual,Time-Varying Param
15,eps_tvp_pos_x_wh2m,-0.8316376423871494,-1.6132446389389357,-0.05003064583536321,0.4751833134236972,0.005870504519934078,-0.004882132538581081,-0.009470559944650441,-2.937051325117208e-4,2106,driscoll_kraay,contractionary,cumulative,lag1_individual_fe,individual,Time-Varying Param
16,eps_tvp_pos_x_wh2m,-0.5503710601814291,-1.3042710177309171,0.20352889736805901,0.45833862977020423,0.005870504519934078,-0.00323095579643599,-0.007656728904808369,0.0011948173119363894,2079,driscoll_kraay,contractionary,cumulative,lag1_individual_fe,individual,Time-Varying Param
17,eps_tvp_pos_x_wh2m,-0.33431827251747054,-1.4879195824316058,0.8192830373966649,0.7013397976646649,0.005870504519934078,-0.0019626169299103635,-0.008734838633963168,0.0048096047741424414,2052,driscoll_kraay,contractionary,cumulative,lag1_individual_fe,individual,Time-Varying Param
18,eps_tvp_pos_x_wh2m,-0.6206003101626917,-1.698106470853899,0.45690585052851584,0.6550772318192404,0.005870504519934078,-0.0036432369258825722,-0.00996874171247712,0.0026822678607119764,2025,driscoll_kraay,contractionary,cumulative,lag1_individual_fe,individual,Time-Varying Param
19,eps_tvp_pos_x_wh2m,-0.22533651619929598,-1.3037690160342905,0.8530959836356986,0.6556404060303731,0.005870504519934078,-0.0013228390368541657,-0.007653781901579308,0.0050081038278709765,1998,driscoll_kraay,contractionary,cumulative,lag1_individual_fe,individual,Time-Varying Param
20,eps_tvp_pos_x_wh2m,-0.11296563928212945,-1.0553721297951941,0.82944085123093525,0.5729424643454117,0.005870504519934078,-6.631652960029836e-4,-0.006195566858175142,0.004869236266169174,1971,driscoll_kraay,contractionary,cumulative,lag1_individual_fe,individual,Time-Varying Param
21,eps_tvp_pos_x_wh2m,-0.027838566864448636,-0.7532997181660579,0.6976225844371606,0.44104906322039117,0.005870504519934078,-1.6342643260623278e-4,-0.00442224940035891,0.004095396535146445,1944,driscoll_kraay,contractionary,cumulative,lag1_individual_fe,individual,Time-Varying Param
22,eps_tvp_pos_x_wh2m,0.0599046018235791,-0.7248711378322108,0.8446803414793691,0.4771097724423496,0.005870504519934078,3.516702357701723e-4,-0.0042553592910137515,0.004958699762554097,1917,driscoll_kraay,contractionary,cumulative,lag1_individual_fe,individual,Time-Varying Param
23,eps_tvp_pos_x_wh2m,-0.13150550000828945,-0.7730649904295934,0.5100539904130146,0.3900404752794651,0.005870504519934078,-7.720036321948541e-4,-0.004538281520519723,0.002994274256130015,1890,driscoll_kraay,contractionary,cumulative,lag1_individual_fe,individual,Time-Varying Param
24,eps_tvp_pos_x_wh2m,-0.24612287752598933,-0.9992882904214886,0.5070425353695098,0.4578920583294674,0.005870504519934078,-0.0014448654649755017,-0.005866326425636547,0.002976595495685542,1863,driscoll_kraay,contractionary,cumulative,lag1_individual_fe,individual,Time-Varying Param
25,eps_tvp_pos_x_wh2m,0.5648864331174748,-0.6890455204586878,1.8188183866936374,0.7623364979290997,0.005870504519934078,0.003316168358865575,-0.004045044842293056,0.010677381560024206,1836,driscoll_kraay,contractionary,cumulative,lag1_individual_fe,individual,Time-Varying Param
26,eps_tvp_pos_x_wh2m,0.3494958854702033,-0.9606737849110729,1.6596655558514795,0.7965266020718879,0.005870504519934078,0.0020517171753511912,-0.005639639796502631,0.009743074147205015,1809,driscoll_kraay,contractionary,cumulative,lag1_individual_fe,individual,Time-Varying Param
27,eps_tvp_pos_x_wh2m,-0.4818121821851093,-1.6715882681254508,0.7079639037552321,0.723332499892675,0.005870504519934078,-0.0028284805932769857,-0.009813066483499236,0.004156105296945265,1782,driscoll_kraay,contractionary,cumulative,lag1_individual_fe,individual,Time-Varying Param
28,eps_tvp_pos_x_wh2m,-0.374177874127386,-1.7091721873130208,0.9608164390582488,0.8116189132645669,0.005870504519934078,-0.002196612901324144,-0.010033703050966703,0.005640477248318415,1755,driscoll_kraay,contractionary,cumulative,lag1_individual_fe,individual,Time-Varying Param
29,eps_tvp_pos_x_wh2m,-0.16504610855237714,-1.4648204560006766,1.1347282388959223,0.7902066944748555,0.005870504519934078,-9.689039262542605e-4,-0.00859923510784387,0.0066614272553353485,1728,driscoll_kraay,contractionary,cumulative,lag1_individual_fe,individual,Time-Varying Param
30,eps_tvp_pos_x_wh2m,-0.4061291788245588,-2.148630806154222,1.336372448505104,1.0593657689524445,0.005870504519934078,-0.0023841831799666876,-0.01261354685919796,0.007845180499264585,1701,driscoll_kraay,contractionary,cumulative,lag1_individual_fe,individual,Time-Varying Param
31,eps_tvp_pos_x_wh2m,-0.3337844244317321,-1.5964183529141602,0.9288495040506961,0.7676269230244886,0.005870504519934078,-0.001959482972310078,-0.009371781156488294,0.005452815211868138,1674,driscoll_kraay,contractionary,cumulative,lag1_individual_fe,individual,Time-Varying Param
32,eps_tvp_pos_x_wh2m,-0.5301657339585726,-1.732979048333068,0.6726475804159229,0.7312585719884134,0.005870504519934078,-0.0031123403375179683,-0.010173461336190332,0.003948780661154397,1647,driscoll_kraay,contractionary,cumulative,lag1_individual_fe,individual,Time-Varying Param
33,eps_tvp_pos_x_wh2m,-0.13813882473712913,-1.627849069054503,1.3515714195802448,0.9056795206016987,0.005870504519934078,-8.10944594997698e-4,-0.009556295317654942,0.007934406127659546,1620,driscoll_kraay,contractionary,cumulative,lag1_individual_fe,individual,Time-Varying Param
34,eps_tvp_pos_x_wh2m,-0.1393515877069007,-1.05811715247322,0.7794139770594186,0.5585698020249591,0.005870504519934078,-8.180641254933507e-4,-0.006211681526213814,0.004575553275227112,1593,driscoll_kraay,contractionary,cumulative,lag1_individual_fe,individual,Time-Varying Param
35,eps_tvp_pos_x_wh2m,-0.2730180568527587,-1.3170644956521054,0.771028381946588,0.6347351653012159,0.005870504519934078,-0.001602753736777739,-0.007731833074770381,0.004526325601214903,1566,driscoll_kraay,contractionary,cumulative,lag1_individual_fe,individual,Time-Varying Param
36,eps_tvp_pos_x_wh2m,-0.006684843214845186,-1.1389820050344737,1.1256123186047833,0.6883877952825495,0.005870504519934078,-3.9243402307799315e-5,-0.006686399008678456,0.006607912204062857,1539,driscoll_kraay,contractionary,cumulative,lag1_individual_fe,individual,Time-Varying Param
37,eps_tvp_pos_x_wh2m,0.35650334541540646,-0.21620449441553863,0.9292111852463516,0.34818164391465445,0.005870504519934078,0.0020928545006327634,-0.0012692294616964816,0.0054549384629620085,1512,driscoll_kraay,contractionary,cumulative,lag1_individual_fe,individual,Time-Varying Param
38,eps_tvp_pos_x_wh2m,-0.24452296249654842,-0.8633012822649215,0.37425535727182463,0.37619050694206785,0.005870504519934078,-0.0014354731565636586,-0.005068014079601107,0.00219706776647379,1485,driscoll_kraay,contractionary,cumulative,lag1_individual_fe,individual,Time-Varying Param
39,eps_tvp_pos_x_wh2m,0.36100808361895514,-0.3448582237512621,1.0668743909891725,0.4291362439820566,0.005870504519934078,0.002119299586617816,-0.002024491761268222,0.0062630909345038534,1458,driscoll_kraay,contractionary,cumulative,lag1_individual_fe,individual,Time-Varying Param
40,eps_tvp_pos_x_wh2m,0.5667968497940987,-0.25286754238872766,1.386461241976925,0.4983205671023572,0.005870504519934078,0.0033273834686006532,-0.0014844600505376478,0.008139226987738954,1431,driscoll_kraay,contractionary,cumulative,lag1_individual_fe,individual,Time-Varying Param
41,eps_tvp_pos_x_wh2m,0.1120747362213231,-0.26025353023811715,0.4844030026807633,0.22635951330788234,0.005870504519934078,6.579352455576968e-4,-0.001527819525591667,0.00284369001670706,1404,driscoll_kraay,contractionary,cumulative,lag1_individual_fe,individual,Time-Varying Param
42,eps_tvp_pos_x_wh2m,0.6320436363769638,-0.059521656585263205,1.3236089293391908,0.4204418445694502,0.005870504519934078,0.0037104150241465367,-3.494221540177516e-4,0.007770252202310825,1377,driscoll_kraay,contractionary,cumulative,lag1_individual_fe,individual,Time-Varying Param
43,eps_tvp_pos_x_wh2m,0.21924945735208262,-0.2613429415113659,0.6998418562155311,0.2921794322538996,0.005870504519934078,0.0012871049303784948,-0.0015342149193953408,0.00410842478015233,1350,driscoll_kraay,contractionary,cumulative,lag1_individual_fe,individual,Time-Varying Param
44,eps_tvp_pos_x_wh2m,0.9554884666914621,0.43755175899242515,1.4734251743904991,0.3148831599435187,0.005870504519934078,0.00560919936245711,0.002568649578870138,0.008649749146044081,1323,driscoll_kraay,contractionary,cumulative,lag1_individual_fe,individual,Time-Varying Param
45,eps_tvp_pos_x_wh2m,-0.17188347876992313,-1.12142143743774,0.7776544798978937,0.5772780891316546,0.005870504519934078,-0.0010090427390208269,-0.006583309617229223,0.00456522413918757,1296,driscoll_kraay,contractionary,cumulative,lag1_individual_fe,individual,Time-Varying Param
46,eps_tvp_pos_x_wh2m,-0.7125058940413354,-1.7005959985774963,0.2755842104948256,0.6007161295971735,0.005870504519934078,-0.00418276907144933,-0.009983356496231,0.0016178183533323382,1269,driscoll_kraay,contractionary,cumulative,lag1_individual_fe,individual,Time-Varying Param
47,eps_tvp_pos_x_wh2m,0.045507771892204264,-0.5588661582051891,0.6498817019895976,0.3674332598320764,0.005870504519934078,2.671535805853141e-4,-0.0032808263077817564,0.0038151334689523844,1242,driscoll_kraay,contractionary,cumulative,lag1_individual_fe,individual,Time-Varying Param
48,eps_tvp_pos_x_wh2m,1.272154978589933,0.33669967086021624,2.20761028631965,0.5687164452824081,0.005870504519934078,0.007468191551868842,0.001976596939645216,0.01295978616409247,1215,driscoll_kraay,contractionary,cumulative,lag1_individual_fe,individual,Time-Varying Param
