ref_month_yyyymm,mean_income,n_obs,total_weight,year,month,date,mean_income_sa,mean_income_trend
201201,2928.07841510337,71182,84094385.444433,2012,1,2012-01-01,2967.80334839218,3005.48132324726
201202,3003.58509209938,69746,84873769.4007507,2012,2,2012-02-01,3020.3822921501,3013.52851624082
201203,3111.3718904994,71126,85141828.5517724,2012,3,2012-03-01,3014.94169958377,3021.57570923438
201204,2981.14930083151,75995,85922090.6585609,2012,4,2012-04-01,3031.02932022894,3029.62290222794
201205,3011.96521270746,75184,85932374.5986285,2012,5,2012-05-01,3056.83956823819,3037.65508462015
201206,3146.21638012685,74688,85808655.1038117,2012,6,2012-06-01,3068.10196992843,3045.68726701237
201207,3029.54370096549,76092,86200148.1085301,2012,7,2012-07-01,3082.20330074503,3053.71944940459
201208,3030.69355021372,76019,86884031.3562623,2012,8,2012-08-01,3058.81528045103,3061.93532433921
201209,3150.22180391688,76038,86783119.6789602,2012,9,2012-09-01,3075.75314302044,3070.15119927383
201210,3015.80497648025,76780,86920764.5019947,2012,10,2012-10-01,3064.29641638771,3078.36707420844
201211,3029.01315033695,75882,87473693.7280221,2012,11,2012-11-01,3065.05946889262,3086.84429703554
201212,3143.29148560489,74626,86801277.0761762,2012,12,2012-12-01,3075.727430128,3095.32151986263
201301,3062.95392156524,75734,85882159.8387639,2013,1,2013-01-01,3101.6179216597,3103.79874268973
201302,3086.20134226376,75652,86330174.2246022,2013,2,2013-02-01,3102.35166339462,3113.74961888276
201303,3192.55015762551,76823,86306551.5467831,2013,3,2013-03-01,3097.16779790156,3123.70049507579
201304,3090.20630848305,78303,87184228.3318225,2013,4,2013-04-01,3140.1022603821,3133.65137126882
201305,3088.21785128937,77641,87421162.1806654,2013,5,2013-05-01,3132.5710079142,3142.37200376122
201306,3267.20085478257,77183,87045700.5872491,2013,6,2013-06-01,3190.55068018433,3151.09263625363
201307,3153.57795463715,78819,88019642.4185706,2013,7,2013-07-01,3206.87763662912,3159.81326874604
201308,3152.09025704694,77522,88088077.1705013,2013,8,2013-08-01,3180.0694672529,3167.24874432091
201309,3273.25837315897,77636,87694939.0959038,2013,9,2013-09-01,3199.92515682282,3174.68421989577
201310,3164.97399093877,79848,88515002.0079582,2013,10,2013-10-01,3212.99209697242,3182.11969547064
201311,3110.36836486294,77638,88971796.375935,2013,11,2013-11-01,3144.29474501528,3186.4274785331
201312,3217.152293418,76723,88115392.5596076,2013,12,2013-12-01,3150.31013865363,3190.73526159556
201401,3156.96516986357,78920,87468578.4296667,2014,1,2014-01-01,3194.56631189105,3195.04304465803
201402,3186.76910003129,77477,88587277.6248317,2014,2,2014-02-01,3202.27468130252,3197.65332702376
201403,3324.14727337442,77697,87798881.9199813,2014,3,2014-03-01,3229.81894783524,3200.26360938949
201404,3161.91994659511,79670,88272449.0337274,2014,4,2014-04-01,3211.84165471781,3202.87389175522
201405,3165.03376885033,77762,89342225.1888355,2014,5,2014-05-01,3208.87917102025,3205.33316699668
201406,3259.45570774441,77392,88128508.3617108,2014,6,2014-06-01,3184.28384175421,3207.79244223815
201407,3149.18923374796,79260,88115258.3321037,2014,7,2014-07-01,3203.14369951711,3210.25171747961
201408,3220.27043318324,78189,89415298.759444,2014,8,2014-08-01,3248.11860224176,3210.63702803301
201409,3292.542983548,79529,89249462.0027717,2014,9,2014-09-01,3220.35346797521,3211.0223385864
201410,3179.36112801669,80684,89073032.8152368,2014,10,2014-10-01,3226.90830300181,3211.40764913979
201411,3161.79471205637,78568,89783209.1560603,2014,11,2014-11-01,3193.59770325288,3209.44275790089
201412,3307.12652652596,77966,89660840.9584059,2014,12,2014-12-01,3240.99515687993,3207.47786666199
201501,3165.55890326119,78618,88104136.4328941,2015,1,2015-01-01,3201.15021643177,3205.51297542309
201502,3154.09171080436,76860,88357209.5585052,2015,2,2015-02-01,3168.72204618862,3199.66573827
201503,3332.47645114492,77979,88591742.1677579,2015,3,2015-03-01,3239.63203778094,3193.8185011169
201504,3161.69129822245,78995,88687088.6527507,2015,4,2015-04-01,3211.50398949153,3187.97126396381
201505,3130.42020922161,77047,88341102.6838017,2015,5,2015-05-01,3173.49405443773,3180.54077286575
201506,3332.98589837556,78127,88887501.8823324,2015,6,2015-06-01,3260.63569778218,3173.11028176769
201507,3108.89079186249,79095,88685670.831389,2015,7,2015-07-01,3164.13592901661,3165.67979066963
201508,3088.90703354652,76594,88218424.2553186,2015,8,2015-08-01,3116.47039669509,3158.25754544435
201509,3311.55379133758,77793,89109270.41691,2015,9,2015-09-01,3241.20955088769,3150.83530021908
201510,3050.17889763599,77952,89359313.9098866,2015,10,2015-10-01,3096.83833250167,3143.4130549938
201511,3018.63953799745,75389,88180179.2641575,2015,11,2015-11-01,3046.97115870574,3137.31448809715
201512,3268.76671924047,76033,89527571.9837355,2015,12,2015-12-01,3203.44138209154,3131.21592120051
201601,3074.19530631307,76428,87644634.6647037,2016,1,2016-01-01,3107.80077760553,3125.11735430386
201602,2978.25250017435,74225,86867663.6830788,2016,2,2016-02-01,2992.04682547507,3122.2828563294
201603,3309.78669582454,75765,88243476.026246,2016,3,2016-03-01,3218.48067926385,3119.44835835494
201604,3039.76239197099,76550,87738933.8196656,2016,4,2016-04-01,3089.5271201729,3116.61386038048
201605,3011.72149804941,74482,87316818.5065949,2016,5,2016-05-01,3054.09140925656,3117.26052861609
201606,3196.00003449848,75742,87902904.8245501,2016,6,2016-06-01,3126.52488459613,3117.90719685169
201607,3061.39631391212,75312,86919855.8996498,2016,7,2016-07-01,3117.97127009483,3118.5538650873
201608,3089.82710301517,72981,86290871.9317219,2016,8,2016-08-01,3117.10698509073,3122.11242352192
201609,3181.02590421127,75040,87151533.8796773,2016,9,2016-09-01,3112.49044091454,3125.67098195654
201610,3079.57883652379,75095,86930578.3788912,2016,10,2016-10-01,3125.25866299513,3129.22954039115
201611,3097.65554372728,73202,87118057.1056548,2016,11,2016-11-01,3122.36855536729,3133.76804749656
201612,3237.28717612125,73989,87254517.3010407,2016,12,2016-12-01,3172.55606977224,3138.30655460197
201701,3116.67688523355,73636,85633200.1210222,2017,1,2017-01-01,3145.19770693454,3142.84506170738
201702,3127.54775569129,71634,85608721.932294,2017,2,2017-02-01,3138.60874329887,3146.89271272884
201703,3298.47964097529,73607,85941585.6276621,2017,3,2017-03-01,3211.0563040592,3150.9403637503
201704,3074.78573014712,74042,86565426.4553025,2017,4,2017-04-01,3124.7979814893,3154.98801477177
201705,3116.04658174625,72382,86903803.3597429,2017,5,2017-05-01,3155.5052024556,3158.99883224069
201706,3247.05268990122,74091,87688696.9036698,2017,6,2017-06-01,3185.35326723149,3163.00964970961
201707,3084.04742697391,74638,87689772.7446479,2017,7,2017-07-01,3144.39554026267,3167.02046717853
201708,3105.52376589227,73148,88031327.7483331,2017,8,2017-08-01,3132.76001518347,3171.27099506334
201709,3301.5533099216,74467,88336849.8403513,2017,9,2017-09-01,3239.42731260835,3175.52152294814
201710,3108.65776120198,75266,88559169.6545192,2017,10,2017-10-01,3152.61501237452,3179.77205083295
201711,3155.30366151131,73802,89276257.2223758,2017,11,2017-11-01,3169.11989018222,3185.08724328767
201712,3308.02801364098,73125,89002922.6827096,2017,12,2017-12-01,3245.01891870461,3190.4024357424
201801,3152.33563239528,73683,87477774.9914507,2018,1,2018-01-01,3175.54228378365,3195.71762819712
201802,3186.65481257883,71702,87642086.466722,2018,2,2018-02-01,3194.79758595862,3200.19550025655
201803,3286.91503085743,72053,87493223.4074069,2018,3,2018-03-01,3203.23414123778,3204.67337231597
201804,3174.76445222505,72841,87855776.4523893,2018,4,2018-04-01,3224.91466280685,3209.1512443754
201805,3184.22348596383,72009,88096520.2002912,2018,5,2018-05-01,3220.69192072222,3212.02485451115
201806,3290.95062495551,71940,88410504.2469073,2018,6,2018-06-01,3236.97054161961,3214.89846464691
201807,3154.20168642921,74466,89197323.3148872,2018,7,2018-07-01,3218.28907647959,3217.77207478266
201808,3225.07910986661,73180,89233904.598397,2018,8,2018-08-01,3252.25904096612,3218.74897349986
201809,3235.75247565789,73553,89958183.449175,2018,9,2018-09-01,3180.04445385789,3219.72587221707
201810,3168.19004472427,75517,90083462.4199226,2018,10,2018-10-01,3210.45509170936,3220.70277093427
201811,3245.50557905163,73043,90343752.2840514,2018,11,2018-11-01,3248.4772574464,3219.8364583682
201812,3272.69381661517,71650,89615690.4114196,2018,12,2018-12-01,3211.48575079271,3218.97014580212
201901,3203.65534780939,73401,88678350.8723323,2019,1,2019-01-01,3221.33616593042,3218.10383323604
201902,3256.2295844321,71346,88939519.9419908,2019,2,2019-02-01,3259.83887696759,3217.63067922496
201903,3248.41773202901,72265,89367103.9747739,2019,3,2019-03-01,3179.62490901886,3217.15752521388
201904,3169.76830571183,74247,90191567.4790454,2019,4,2019-04-01,3216.95314787082,3216.68437120279
201905,3189.27903036992,72725,90443487.0467331,2019,5,2019-05-01,3216.25504384109,3217.34833378332
201906,3232.96896756048,73124,90415961.0961083,2019,6,2019-06-01,3193.32775842147,3218.01229636385
201907,3154.71556057909,74696,91012295.6281444,2019,7,2019-07-01,3217.20163300258,3218.67625894438
201908,3205.67012877697,72204,90730765.8754632,2019,8,2019-08-01,3226.82510183463,3220.95065688734
201909,3235.90295582766,73717,91134085.7860783,2019,9,2019-09-01,3185.82976371471,3223.2250548303
201910,3207.7691712334,74804,91743981.0412758,2019,10,2019-10-01,3247.06166530911,3225.49945277326
201911,3239.50830638071,71843,91996556.6575199,2019,11,2019-11-01,3231.87775062448,3229.82347721131
201912,3231.57511562074,71667,91601880.5528758,2019,12,2019-12-01,3180.5168789966,3234.14750164936
202001,3252.24713519661,73101,90596838.0119516,2020,1,2020-01-01,3264.36895024197,3238.47152608741
202002,3258.3119004284,70042,90644038.5314717,2020,2,2020-02-01,3257.31491070278,3244.87220777154
202003,3290.23053542724,48609,87271065.287257,2020,3,2020-03-01,3236.21334600131,3251.27288945567
202004,3352.72666331793,45720,81805328.2031577,2020,4,2020-04-01,3396.82045434688,3257.67357113979
202005,3414.13807440205,45431,81015114.1069385,2020,5,2020-05-01,3431.48273419678,3259.22612489521
202006,3445.46922426167,41569,79463122.8063693,2020,6,2020-06-01,3420.04187872793,3260.77867865062
202007,3466.55730633112,43453,78075122.589644,2020,7,2020-07-01,3527.33097233374,3262.33123240603
202008,3423.00588206036,42023,79793365.0135598,2020,8,2020-08-01,3438.06510626398,3265.01485121255
202009,3452.95240926702,42048,82062299.7005783,2020,9,2020-09-01,3408.48355401072,3267.69847001906
202010,3300.71970031499,42276,83333876.8320775,2020,10,2020-10-01,3337.06809795077,3270.38208882557
202011,3314.8505461876,39202,84139251.6766038,2020,11,2020-11-01,3296.70516204969,3266.25229835662
202012,3276.01249019332,38472,83260562.1563378,2020,12,2020-12-01,3235.25309621439,3262.12250788766
202101,3280.58823586573,38910,83370069.424917,2021,1,2021-01-01,3290.56957973483,3257.99271741871
202102,3217.43140882482,36161,83436795.0574474,2021,2,2021-02-01,3212.92602727723,3234.75095835575
202103,3311.29635979659,37242,83005780.1902495,2021,3,2021-03-01,3264.53739565542,3211.50919929279
202104,3152.68746941187,40860,84296842.6519408,2021,4,2021-04-01,3195.46380759717,3188.26744022983
202105,3241.47084320805,38994,85735377.6917888,2021,5,2021-05-01,3253.39277035349,3165.84159785081
202106,3140.62457561937,47158,86430849.1807659,2021,6,2021-06-01,3121.43513892446,3143.41575547178
202107,3052.88919440353,51997,88120064.3556155,2021,7,2021-07-01,3113.60746999367,3120.98991309275
202108,3066.31327720956,51830,89220505.6737324,2021,8,2021-08-01,3076.99123242253,3105.28757022147
202109,2999.16459777182,57209,89859350.6445203,2021,9,2021-09-01,2957.33903528316,3089.58522735018
202110,2929.63823868678,58235,91157310.6567078,2021,10,2021-10-01,2966.6343076537,3073.88288447889
202111,2960.3363070815,57036,91945562.7030693,2021,11,2021-11-01,2938.15466385731,3063.01385831184
202112,2927.2950205704,60851,92298621.4270814,2021,12,2021-12-01,2889.28716361916,3052.14483214478
202201,3005.66501320869,60999,90332778.5835773,2022,1,2022-01-01,3013.72610650446,3041.27580597773
202202,2966.38604854749,57181,91312900.1508621,2022,2,2022-02-01,2958.56035500392,3038.22275240454
202203,3002.3717518896,62556,92621406.7047647,2022,3,2022-03-01,2963.02695208227,3035.16969883134
202204,2983.91490986558,63794,94253759.0952668,2022,4,2022-04-01,3025.49733923954,3032.11664525815
202205,3041.26693207373,62052,94795876.4837344,2022,5,2022-05-01,3047.85727558541,3046.68870745316
202206,3036.65241385661,64927,94631790.5167256,2022,6,2022-06-01,3023.76847820802,3061.26076964817
202207,3144.11706819772,65727,95485272.6198772,2022,7,2022-07-01,3204.82398877484,3075.83283184317
202208,3099.32981285788,64069,95673507.8658091,2022,8,2022-08-01,3105.65472149849,3091.09726347061
202209,3138.97047719992,66295,95618541.7924973,2022,9,2022-09-01,3099.800616916,3106.36169509805
202210,3126.96018224415,65305,96428883.5738274,2022,10,2022-10-01,3164.60553960996,3121.62612672549
202211,3217.27078500352,62627,96062826.8225301,2022,11,2022-11-01,3191.04370739148,3135.19346551188
202212,3176.97757291231,63960,94903795.4263967,2022,12,2022-12-01,3141.70647323065,3148.76080429826
202301,3163.28630430212,62758,94448046.1004359,2023,1,2023-01-01,3170.45173514178,3162.32814308465
202302,3210.34328483372,60340,94568857.4184264,2023,2,2023-02-01,3201.46734163339,3173.25067577829
202303,3172.54166169184,63464,94176670.8989364,2023,3,2023-03-01,3136.41411252715,3184.17320847192
202304,3155.52713275052,63068,95199690.6451383,2023,4,2023-04-01,3196.55244893869,3195.09574116555
202305,3187.16548541573,62030,95728512.3335686,2023,5,2023-05-01,3191.48809034023,3205.23278940306
202306,3206.81632470283,65062,95293090.5410305,2023,6,2023-06-01,3196.6134545341,3215.36983764058
202307,3187.94012041941,65658,96667516.0053107,2023,7,2023-07-01,3248.47898133371,3225.50688587809
202308,3222.48997565374,63618,96249790.1233197,2023,8,2023-08-01,3227.27279343374,3238.1725579848
202309,3306.88268008209,65952,96271578.036179,2023,9,2023-09-01,3268.63161721129,3250.83823009151
202310,3211.67484052224,65081,97363051.8343267,2023,10,2023-10-01,3249.26399188403,3263.50390219822
202311,3286.97675912563,64127,97282147.5672917,2023,11,2023-11-01,3259.00125651352,3277.66289494932
202312,3287.26289619397,65119,97899931.4617373,2023,12,2023-12-01,3253.36093323373,3291.82188770041
202401,3345.02034660688,65678,96321353.0251389,2024,1,2024-01-01,3351.30285862937,3305.98088045151
202402,3329.58158169577,64681,96134852.4351956,2024,2,2024-02-01,3319.6667742187,3319.98196433257
202403,3280.58762450035,66939,97967316.4891679,2024,3,2024-03-01,3247.6873530994,3333.98304821363
202404,3378.38154714486,67754,98449275.9412299,2024,4,2024-04-01,3418.85745848987,3347.98413209469
202405,3380.88816357876,66228,97694575.0325092,2024,5,2024-05-01,3382.94841948025,3361.06573459054
202406,3348.775739252,66963,99059813.3154896,2024,6,2024-06-01,3341.2578807921,3374.1473370864
202407,3339.90896033843,68422,99011681.2985937,2024,7,2024-07-01,3400.28226448369,3387.22893958225
202408,3419.1896630609,66569,98889007.9357805,2024,8,2024-08-01,3422.43252270004,3398.29897946865
202409,3320.19996142474,68057,100653826.563708,2024,9,2024-09-01,3282.86945851277,3409.36901935505
202410,3388.32092428361,68411,100629246.050882,2024,10,2024-10-01,3425.85564516721,3420.43905924145
202411,3466.45174013343,66080,100059222.300835,2024,11,2024-11-01,3436.72960102719,3430.99715703745
202412,3367.57976342757,64534,100164806.563883,2024,12,2024-12-01,3335.04899288126,3441.55525483344
202501,3427.4803355438,66732,98182509.1642329,2025,1,2025-01-01,3433.06454122183,3452.11335262944
202502,3545.87695304538,64249,98945079.7920981,2025,2,2025-02-01,3535.20614524222,3463.60207833314
202503,3413.05164158256,66160,100065551.111059,2025,3,2025-03-01,3382.76821422724,3475.09080403684
202504,3422.1996960314,68239,100347487.440376,2025,4,2025-04-01,3462.16958571812,3486.57952974054
202505,3580.65735224612,64821,100791633.513268,2025,5,2025-05-01,3581.09546595631,3499.22840401237
202506,3495.78236780185,67000,101173053.640923,2025,6,2025-06-01,3490.25779095151,3511.8772782842
202507,3436.94154126018,70356,100420035.284023,2025,7,2025-07-01,3497.05623776275,3524.52615255603
202508,3584.64816006353,64184,100830551.480295,2025,8,2025-08-01,3586.76322096663,3537.48695242661
202509,3567.96644559708,68082,101622927.610566,2025,9,2025-09-01,3531.13482362882,3550.44775229719
202510,3474.85686971758,70098,100977407.291322,2025,10,2025-10-01,3512.3937971544,3563.40855216778
202511,3628.5959898328,59668,101853459.806013,2025,11,2025-11-01,3597.67650238588,3576.61277078271
202512,3648.66914599677,63499,101523353.273675,2025,12,2025-12-01,3617.18025994263,3589.81698939765
