t,Y,cR,cW,cP,pi,R,r,X,q,hW,bW,A,j,u,TP
0,1.632116761492386e-05,-0.00016269207943379288,-0.0003803222447150396,0.00225563727862356,-2.095714709925723e-05,2.206841465607124e-19,-1.4973620059934969e-05,7.366816530856982e-05,-0.00017444045413652558,-0.0004679942759982141,-0.0006268448956248461,-0.0,-0.0,-0.0,0.05
1,9.064152410906218e-05,-0.00034035777892752074,-0.0005368905560869813,0.00456983418279577,-5.983527039322197e-06,-3.333177342480299e-05,-3.8483408596345225e-05,2.282601072380491e-05,-0.00034826469382309244,-0.0008711035403303989,-0.0012037403491099003,-0.0,-0.0,-0.0,0.0975
2,0.00012251270425822454,-0.0005415332669576589,-0.0007146429425949377,0.00666233436784152,-1.5805511927714773e-05,-1.0841295388231175e-05,-1.7907762817929255e-05,4.691423251769698e-05,-0.000545560671512372,-0.0012285945542174115,-0.0017579382034461168,-0.0,-0.0,-0.0,0.142625
3,0.00017033308585688318,-0.0007221331092093809,-0.0008611341826915947,0.008698810210869174,-1.3890679669558733e-05,-1.4065463083128391e-05,-1.7907242724548505e-05,3.6385668341538116e-05,-0.0007216918661831596,-0.0015378374405319428,-0.0022430594684752564,-0.0,-0.0,-0.0,0.18549375
4,0.0002073625472339204,-0.0009027324313677223,-0.0010021375042522102,0.0106107657702637,-1.711536745783654e-05,-5.413666267447427e-06,-8.654824310236177e-06,4.177965834384784e-05,-0.000897569724804387,-0.001805851702902352,-0.002686618746679525,-0.0,-0.0,-0.0,0.2262190625
5,0.0002461256517592406,-0.0010740793351117514,-0.001127235817029653,0.012437333065745087,-1.7715989056467513e-05,-2.248235336189028e-06,-3.911185189154774e-06,3.978494925392698e-05,-0.001063862322223934,-0.0020347838796283863,-0.003081616255325539,-0.0,-0.0,-0.0,0.264908109375
6,0.0002810231590695364,-0.001240682599734699,-0.0012426071531196408,0.014167616139166683,-1.9294197246290538e-05,3.421350315050238e-06,2.6714552079376617e-06,4.11584783168714e-05,-0.0012251840150228322,-0.0022286352918516683,-0.003436576061607408,-0.0,-0.0,-0.0,0.30166270390624994
7,0.00031480678875823683,-0.0014007032239605542,-0.001346680422830595,0.01581343908223564,-2.02072519921441e-05,7.891994688962878e-06,8.165240972295012e-06,4.094079782145753e-05,-0.001379709768684327,-0.0023901849700409847,-0.003752488877276648,-0.0,-0.0,-0.0,0.3365795687109374
8,0.0003463665482964154,-0.001555230062422052,-0.00144137186999256,0.01737580423292371,-2.123039338258904e-05,1.2856926282980562e-05,1.3921939747795302e-05,4.1422476250947266e-05,-0.0015285791203998936,-0.002522433981686365,-0.004033473236770068,-0.0,-0.0,-0.0,0.36975059027539053
9,0.00037636513828145316,-0.0017040002021080497,-0.001526907223519923,0.018860382599250977,-2.2022160564071625e-05,1.7521695402446676e-05,1.931962595001112e-05,4.154935773135717e-05,-0.001671557769472433,-0.0026279623610212894,-0.004281880306991082,-0.0,-0.0,-0.0,0.401263060761621
10,0.00040463919902692085,-0.0018473726555918314,-0.0016042156608147647,0.0202703841086885,-2.2755077646821554e-05,2.224104539418998e-05,2.4647369574577508e-05,4.1810089917847644e-05,-0.0018090387741563063,-0.0027092474816788237,-0.004500573623744865,-0.0,-0.0,-0.0,0.43119990772353994
11,0.00043139861276037536,-0.0019854173654510468,-0.0016738304422036928,0.02160986207757322,-2.3363471279644114e-05,2.6841038168214414e-05,2.977442796056481e-05,4.198144337128712e-05,-0.0019411192266279888,-0.0027685374895879216,-0.004691897550602647,-0.0,-0.0,-0.0,0.4596399123373629
12,0.0004566736793076541,-0.0021183350169242748,-0.0017364007562288525,0.022882203442414865,-2.389053689160707e-05,3.139296279210741e-05,3.476411564243294e-05,4.216844055351321e-05,-0.0020680260871906862,-0.002807928670575292,-0.004858171992114997,-0.0,-0.0,-0.0,0.48665791672049474
13,0.0004805705507588202,-0.0022462629807156347,-0.0017924599927888582,0.024090839139334623,-2.4328299949581945e-05,3.5856207740838356e-05,3.959056872241837e-05,4.232453801517635e-05,-0.002189919660033797,-0.002829347500058767,-0.00500148181369252,-0.0,-0.0,-0.0,0.51232502088447
14,0.0005031537813438006,-0.0023693644914270094,-0.001842536759932817,0.02523892959819522,-2.469150808083641e-05,4.024290575626102e-05,4.426936177725628e-05,4.247298278471009e-05,-0.002306984199047859,-0.002834575502663162,-0.005123790490398665,-0.0,-0.0,-0.0,0.5367087698402464
15,0.0005245008734819324,-0.002487787209083546,-0.0018871075273730559,0.026329522370019075,-2.4983603120251818e-05,4.454188468011402e-05,4.8797211973044315e-05,4.260470584322644e-05,-0.0024193860800947706,-0.002825253274482404,-0.00522690312076889,-0.0,-0.0,-0.0,0.559873331348234
16,0.0005446774592204079,-0.0026016820765442945,-0.001926622085809164,0.02736549132321079,-2.5212474392187312e-05,4.87536613331364e-05,5.317975762542576e-05,4.2725433566111624e-05,-0.0025272930884499656,-0.0028028930981531764,-0.005312497933859907,-0.0,-0.0,-0.0,0.5818796647808223
17,0.0005637490747259071,-0.0027111943983526617,-0.001961495186192773,0.02834957600801502,-2.5383243391546742e-05,5.287421631607005e-05,5.7418709848162426e-05,4.28339622853621e-05,-0.0026308655322178284,-0.0027688866386235793,-0.005382125264512462,-0.0,-0.0,-0.0,0.6027856815417811
18,0.0005817760357804541,-0.002816467767938292,-0.0019921135659971374,0.02928437424421902,-2.5501640631349684e-05,5.6902403386860175e-05,6.151774893962858e-05,4.293218814251622e-05,-0.002730260370177244,-0.002724514013467101,-0.005437220659627807,-0.0,-0.0,-0.0,0.6226463974646921
19,0.0005988160918929261,-0.0029176420984324564,-0.0020188356759869037,0.03017235574829717,-2.5572492652025764e-05,6.0836462015016555e-05,6.547977619590765e-05,4.302048770718097e-05,-0.0028256293513576006,-0.002670951391084788,-0.005479110644083758,-0.0,-0.0,-0.0,0.6415140775914574
20,0.0006149234756674455,-0.0030148544016703415,-0.0020419945858256706,0.031015865541994533,-2.5600461280148446e-05,6.46755628438196e-05,6.930815599008347e-05,4.3099856762426916e-05,-0.002917119930939587,-0.002609278483332478,-0.005509021102988467,-0.0,-0.0,-0.0,0.6594383737118845
21,0.0006301495994105947,-0.003108238325114051,-0.0020618992467245807,0.03181713158720229,-2.5589740245521383e-05,6.841903748757504e-05,7.300611917531117e-05,4.3170932137127015e-05,-0.0030048749178024302,-0.0025404853522863753,-0.005528083735716152,-0.0,-0.0,-0.0,0.6764664550262902
22,0.000644542976632452,-0.0031979242853725325,-0.0020788363469328363,0.03257827000687688,-2.554422878699355e-05,7.206668302061924e-05,7.657701644017e-05,4.323445283431018e-05,-0.00308903271839099,-0.0024654788460071212,-0.005537342724109608,-0.0,-0.0,-0.0,0.6926431322749756
23,0.0006581494861058573,-0.0032840393483661552,-0.0020930717396278045,0.03330129097678283,-2.5467480518808136e-05,7.561857794069574e-05,8.002418086023478e-05,4.32910597221018e-05,-0.0031697273157988417,-0.002385088562550375,-0.0055377606700811495,-0.0,-0.0,-0.0,0.7080109756612268
24,0.0006710124626702432,-0.0033667072469397135,-0.002104851924623959,0.03398810388434642,-2.536275001879652e-05,7.907513228225657e-05,8.335097140599599e-05,4.3341404723336195e-05,-0.0032470883808070655,-0.0023000724308686713,-0.00553022428006951,-0.0,-0.0,-0.0,0.7226104268781655
25,0.0006831728518638402,-0.0034460483549675104,-0.002114405372446915,0.03464052241873966,-2.5232986222996733e-05,8.243704122013411e-05,8.65607327422823e-05,4.338612457671092e-05,-0.0033212413319313686,-0.0022111219079713577,-0.005515549616391491,-0.0,-0.0,-0.0,0.7364799055342571
26,0.0006946693171119301,-0.003522179701659021,-0.0021219437992947288,0.03526026929861315,-2.508083862140539e-05,8.570529933978838e-05,8.96567920415202e-05,4.3425889269115144e-05,-0.003392307429814376,-0.002118866831566545,-0.005494487038350812,-0.0,-0.0,-0.0,0.7496559102575442
27,0.0007055383472450739,-0.0035952149890512938,-0.0021276633547418575,0.03584898078025657,-2.4908639800989253e-05,8.888121081830475e-05,9.264243498084788e-05,4.346143610691404e-05,-0.0034604038688792727,-0.002023879948527992,-0.0054677258171303735,-0.0,-0.0,-0.0,0.762173114744667
28,0.0007158143360828244,-0.0036652646335042388,-0.00213174575359429,0.03640821087948828,-2.4718371261800572e-05,9.196643820922702e-05,9.552088421415862e-05,4.349364333642571e-05,-0.0035256438877580595,-0.0019266811490006193,-0.005435898475442574,-0.0,-0.0,-0.0,0.7740644590074336
29,0.0007255296365894988,-0.003732435828723873,-0.002134359354627324,0.03693943532457463,-2.451159310418921e-05,9.496309120959053e-05,9.829526417272781e-05,4.352363931422887e-05,-0.003588136896364322,-0.0018277414342917513,-0.005399584878145859,-0.0,-0.0,-0.0,0.7853612360570619
30,0.0007347145709679291,-0.0037968326439849383,-0.002135660207993329,0.03744405519888615,-2.4289320062395208e-05,9.787388928392245e-05,0.00010096855101599313,4.35529829376533e-05,-0.003647988633817906,-0.0017274866532177556,-0.00535931612268632,-0.0,-0.0,-0.0,0.7960931742542088
31,0.0007433973766482035,-0.003858556172402738,-0.002135793093962865,0.03792340022764393,-2.4051808831328724e-05,0.00010070243888983937,0.0001035434945523764,4.358395364905324e-05,-0.0037053013725890974,-0.0016263010491460175,-0.005315578287113336,-0.0,-0.0,-0.0,0.8062885155414983
32,0.0007516040509644009,-0.003917704757284154,-0.0021348925909591542,0.038378731615500504,-2.3798202761795013e-05,0.00010345369839281,0.00010602249659067842,4.3620021554062625e-05,-0.003760174197551469,-0.001524530674680086,-0.005268816121468609,-0.0,-0.0,-0.0,0.8159740897644233
33,0.0007593580371264898,-0.0039743743401272685,-0.002133084228787421,0.03881124428582115,-2.352594529712627e-05,0.00010613474638312352,0.00010840741943742016,4.366660609483497e-05,-0.0038127034043343717,-0.0014224867542784974,-0.005219436807518696,-0.0,-0.0,-0.0,0.8251753852762022
34,0.0007666796599152221,-0.004028659000123641,-0.0021304858135207036,0.03922206827824704,-2.322982015355441e-05,0.00010875604233279624,0.00011069928650954424,4.373229591835946e-05,-0.003862983087939305,-0.0013204491127728236,-0.005167813976169625,-0.0,-0.0,-0.0,0.833916616012392
35,0.0007735851701680556,-0.00408065179304789,-0.0021272090545528346,0.039612268925183054,-2.2900391276005896e-05,0.00011133348377996794,0.00011289782164357837,4.383079529427346e-05,-0.0039111060310237835,-0.0012186698459659725,-0.005114292268687709,-0.0,-0.0,-0.0,0.8422207852117723
36,0.0007800851880457423,-0.004130446050838104,-0.002123361685606259,0.03998284523781938,-2.2521484962868336e-05,0.00011389174789049205,0.00011500076275733321,4.39839921705277e-05,-0.003957165055214685,-0.0011173774958742396,-0.005059192868177538,-0.0,-0.0,-0.0,0.8501097459511837
37,0.000786182252677912,-0.004178137367514564,-0.002119050343202053,0.04033472570582305,-2.2066161966099134e-05,0.0001164696911626534,0.00011700290046386496,4.422669760228974e-05,-0.004001255063682493,-0.0010167821116203479,-0.0050028206105300265,-0.0,-0.0,-0.0,0.8576042586536244
38,0.0007918671252736967,-0.004223826546484492,-0.002114384513982935,0.040668760548731836,-2.14903564004696e-05,0.00011912901473148465,0.00011889489850021895,4.461371954193372e-05,-0.004043476052582341,-0.0009170817138338252,-0.004945473468061025,-0.0,-0.0,-0.0,0.8647240457209432
39,0.0007971135768940869,-0.004267623727418066,-0.002109481769198528,0.040985709688846836,-2.07230308679925e-05,0.00012196802848564967,0.00012066232770033851,4.5229774730304164e-05,-0.004083937309863508,-0.0008184707635220335,-0.004887455216210143,-0.0,-0.0,-0.0,0.8714878434348959
40,0.0008018719801905995,-0.00430965347915152,-0.0021044739304300754,0.041286227333015915,-1.9651446313947028e-05,0.00012514316607468005,0.00012228645398697777,4.620163422852218e-05,-0.004122762579124298,-0.0007211510253103281,-0.004829091422628781,-0.0,-0.0,-0.0,0.8779134512631511
41,0.0008060640960142762,-0.004350059104598335,-0.002099511832019777,0.04157084974662359,-1.8100435011555748e-05,0.0001289017395349252,0.00012375135547776413,4.770799753476493e-05,-0.004160094397468002,-0.000625344015341743,-0.00477074607899428,-0.0,-0.0,-0.0,0.8840177786999935
42,0.0008095875665659661,-0.004388999828554364,-0.002094760552298147,0.04184000962953435,-1.5806763042096732e-05,0.00013362955456111103,0.00012506991535633376,4.9971069092106913e-05,-0.0041960911623113,-0.0005313001664718183,-0.00471282735665869,-0.0,-0.0,-0.0,0.8898168897649938
43,0.0008123553504766022,-0.0044266219926318235,-0.0020903612592960003,0.04209414647231076,-1.2397507894480469e-05,0.00013991418137985364,0.00012636166793170858,5.318233888256041e-05,-0.004230897728967065,-0.0004392881675905956,-0.00465574625749717,-0.0,-0.0,-0.0,0.8953260452767441
44,0.0008144389598358538,-0.004462952404133908,-0.00208629534683387,0.04233410214691926,-7.404633651112765e-06,0.00014861256135021315,0.00012806682774775551,5.7233009847518355e-05,-0.004264536876111393,-0.0003495180227819116,-0.0045997284066024696,-0.0,-0.0,-0.0,0.9005597430129069
45,0.0008164923100796206,-0.004497577655819945,-0.002081992451408998,0.042562287231965125,-4.114134968002393e-07,0.0001608733558513863,0.00013150535031830013,6.0916867986414085e-05,-0.004296584010209329,-0.00026189640096925765,-0.004544246081667106,-0.0,-0.0,-0.0,0.9055317558622614
46,0.0008208547287508155,-0.004528764384935438,-0.002075409879711275,0.042785706945221026,8.410858433828315e-06,0.0001779563558801144,0.00014024609654216474,5.986252260965576e-05,-0.004325284784516076,-0.00017567245725930717,-0.004486903380707171,-0.0,-0.0,-0.0,0.9102551680691483
47,0.0008336274669650807,-0.004551210367827066,-0.0020626163681443594,0.04302157096076649,1.6753112238691825e-05,0.0002004023387717425,0.00016269207943379286,4.2730000135416464e-05,-0.004345425281042226,-9.330284326642485e-05,-0.0044269797496059166,-0.0,-0.0,-0.0,0.9147424096656909
