horizon,term,estimate,ci_low,ci_high,se,shock_sd,estimate_1sd,ci_low_1sd,ci_high_1sd,nobs,se_method,shock_type,response_type,spec,panel_effect
0,mp_pos_x_ph2m,0.48021469677377365,-0.3298452956941286,1.2902746892416759,0.49248150667925755,0.007989593800600683,0.0038367203643010785,-0.002635329929635109,0.010308770658237265,2511,driscoll_kraay,contractionary,cumulative,lag1_tfe,twoways
1,mp_pos_x_ph2m,0.40614432439760495,-0.33982781137239904,1.1521164601676088,0.45351885635718786,0.007989593800600683,0.003244928176356257,-0.0027150861750126175,0.009204942527725132,2484,driscoll_kraay,contractionary,cumulative,lag1_tfe,twoways
2,mp_pos_x_ph2m,-0.3086384893215718,-1.1743919697246616,0.5571149910815181,0.5263407431624506,0.007989593800600683,-0.00246589616091039,-0.009382914800787382,0.004451122478966602,2457,driscoll_kraay,contractionary,cumulative,lag1_tfe,twoways
3,mp_pos_x_ph2m,-0.2573855498873577,-0.8787891243964931,0.36401802462177774,0.3777865484972231,0.007989593800600683,-0.0020564059937442304,-0.007021168140313524,0.002908356152825062,2430,driscoll_kraay,contractionary,cumulative,lag1_tfe,twoways
4,mp_pos_x_ph2m,0.2640653925220538,-1.3494647454338036,1.877595530477911,0.9809566708658032,0.007989593800600683,0.002109775223047387,-0.010781675164247096,0.015001225610341869,2403,driscoll_kraay,contractionary,cumulative,lag1_tfe,twoways
5,mp_pos_x_ph2m,0.33351352995818406,-0.8624742534478677,1.5295013133642357,0.7271089438047227,0.007989593800600683,0.0026646376313703576,-0.006890818948524786,0.012220094211265499,2376,driscoll_kraay,contractionary,cumulative,lag1_tfe,twoways
6,mp_pos_x_ph2m,0.11188206058873293,-1.0991175398973783,1.3228816610748442,0.7362354805579546,0.007989593800600683,8.938922176781706e-4,-0.008781502682895567,0.010569287118251908,2349,driscoll_kraay,contractionary,cumulative,lag1_tfe,twoways
7,mp_pos_x_ph2m,0.44088634568214397,-0.6360430802261476,1.5178157715904355,0.6547266019677656,0.007989593800600683,0.003522502814231547,-0.005081725850689792,0.012126731479152886,2322,driscoll_kraay,contractionary,cumulative,lag1_tfe,twoways
8,mp_pos_x_ph2m,-0.28538355652610925,-1.715559842952041,1.1447927298998226,0.8694854441708487,0.007989593800600683,-0.002280098694014377,-0.013706626285809107,0.009146428897780355,2295,driscoll_kraay,contractionary,cumulative,lag1_tfe,twoways
9,mp_pos_x_ph2m,0.9540332318404892,-0.6123393101716093,2.5204057738525876,0.9522868882352602,0.007989593800600683,0.007622337994679806,-0.004892342356411188,0.0201370183457708,2268,driscoll_kraay,contractionary,cumulative,lag1_tfe,twoways
10,mp_pos_x_ph2m,-0.06182490602601711,-1.5558716824164904,1.432221870364456,0.9083159449023438,0.007989593800600683,-4.939558859081861e-4,-0.012430782748364946,0.011442870976548572,2241,driscoll_kraay,contractionary,cumulative,lag1_tfe,twoways
11,mp_pos_x_ph2m,-0.3886006158629023,-2.2009588221392127,1.423757590413408,1.1018355533770428,0.007989593800600683,-0.0031047610714078516,-0.017584766960740836,0.011375244817925132,2214,driscoll_kraay,contractionary,cumulative,lag1_tfe,twoways
12,mp_pos_x_ph2m,0.9094879116031223,-1.5010012789242828,3.3199771021305273,1.4654733716306068,0.007989593800600683,0.0072664389802655676,-0.011992390512787146,0.02652526847331828,2187,driscoll_kraay,contractionary,cumulative,lag1_tfe,twoways
13,mp_pos_x_ph2m,0.7559142689845826,-1.132234201945897,2.6440627399150625,1.1479127625659462,0.007989593800600683,0.006039447957264818,-0.009046091360695,0.02112498727522464,2160,driscoll_kraay,contractionary,cumulative,lag1_tfe,twoways
14,mp_pos_x_ph2m,-0.20527495559673475,-2.023715516802071,1.6131656056086017,1.1055333626102564,0.007989593800600683,-0.0016400635126542524,-0.016168664947221235,0.01288853792191273,2133,driscoll_kraay,contractionary,cumulative,lag1_tfe,twoways
15,mp_pos_x_ph2m,1.1607479768930096,-0.4904668556397076,2.8119628094257267,1.0038673383923136,0.007989593800600683,0.009273904840244174,-0.003918630949219118,0.022466440629707464,2106,driscoll_kraay,contractionary,cumulative,lag1_tfe,twoways
16,mp_pos_x_ph2m,-0.12963943067202927,-2.7315015132142797,2.4722226518702213,1.5818198287737453,0.007989593800600683,-0.001035766391610647,-0.021823587556308192,0.019752054773086898,2079,driscoll_kraay,contractionary,cumulative,lag1_tfe,twoways
17,mp_pos_x_ph2m,0.5680110819086414,-2.0037940312087255,3.1398161950260084,1.563546488865324,0.007989593800600683,0.004538177818689768,-0.016009500369425885,0.02508585600680542,2052,driscoll_kraay,contractionary,cumulative,lag1_tfe,twoways
18,mp_pos_x_ph2m,0.6515501672145938,-1.8227639163411398,3.125864250770327,1.5042761513932168,0.007989593800600683,0.005205621176758057,-0.014563143285957791,0.024974385639473903,2025,driscoll_kraay,contractionary,cumulative,lag1_tfe,twoways
19,mp_pos_x_ph2m,-1.5606495485910639,-4.30069842986339,1.1793993326812617,1.6658314371417111,0.007989593800600683,-0.012468955958333418,-0.03436083351348963,0.009422921596822792,1998,driscoll_kraay,contractionary,cumulative,lag1_tfe,twoways
20,mp_pos_x_ph2m,-1.56847061823206,-3.9784569539283705,0.8415157174642507,1.465167657600583,0.007989593800600683,-0.012531443127851186,-0.031786255015062784,0.006723368759360413,1971,driscoll_kraay,contractionary,cumulative,lag1_tfe,twoways
21,mp_pos_x_ph2m,-0.5893228335281397,-2.6497765714458525,1.4711309043895728,1.2526669268052157,0.007989593800600683,-0.004708450057308853,-0.021170638468200716,0.011753738353583006,1944,driscoll_kraay,contractionary,cumulative,lag1_tfe,twoways
22,mp_pos_x_ph2m,-1.6665886413640791,-4.084117927820998,0.75094064509284,1.4697534460482689,0.007989593800600683,-0.01331536627719396,-0.032630443277040753,0.005999710722652832,1917,driscoll_kraay,contractionary,cumulative,lag1_tfe,twoways
23,mp_pos_x_ph2m,-2.741432773845017,-5.782937027091549,0.30007147940151535,1.8491032900499338,0.007989593800600683,-0.021902934294675682,-0.04620331782091478,0.0023974492315634224,1890,driscoll_kraay,contractionary,cumulative,lag1_tfe,twoways
24,mp_pos_x_ph2m,-0.4472026199371035,-2.6647870855505107,1.7703818456763039,1.3481956262110812,0.007989593800600683,-0.0035729672798618653,-0.02129056637863512,0.014144631818911391,1863,driscoll_kraay,contractionary,cumulative,lag1_tfe,twoways
25,mp_pos_x_ph2m,-1.181021498728483,-3.195056871745706,0.8330138742887401,1.2244465647377896,0.007989593800600683,-0.009435882044617216,-0.025527206575066103,0.0066554424858316745,1836,driscoll_kraay,contractionary,cumulative,lag1_tfe,twoways
26,mp_pos_x_ph2m,-0.25029993270033385,-2.1993145305977557,1.6987146651970881,1.1849167402875078,0.007989593800600683,-0.0019997947905933556,-0.017571629739234828,0.01357204015804812,1809,driscoll_kraay,contractionary,cumulative,lag1_tfe,twoways
27,mp_pos_x_ph2m,-2.1704669531250875,-4.356343179948994,0.01540927369881917,1.3289183858111144,0.007989593800600683,-0.01734114931309685,-0.03480541246380955,1.231138376158448e-4,1782,driscoll_kraay,contractionary,cumulative,lag1_tfe,twoways
28,mp_pos_x_ph2m,-2.7027873418652746,-4.368718673176085,-1.0368560105544646,1.0128143343662763,0.007989593800600683,-0.021594172990908794,-0.03490428762777609,-0.008284058354041507,1755,driscoll_kraay,contractionary,cumulative,lag1_tfe,twoways
29,mp_pos_x_ph2m,-2.6789589399848777,-4.449579619486116,-0.9083382604836394,1.0764609388270372,0.007989593800600683,-0.021403793738966954,-0.03555033374312541,-0.0072572537348084935,1728,driscoll_kraay,contractionary,cumulative,lag1_tfe,twoways
30,mp_pos_x_ph2m,-1.7675543103851685,-3.8796148142888214,0.3445061935184841,1.2840416127592398,0.007989593800600683,-0.014122040960478357,-0.030996546468960537,0.00275246454800382,1701,driscoll_kraay,contractionary,cumulative,lag1_tfe,twoways
31,mp_pos_x_ph2m,-2.18680010060799,-3.780899615036537,-0.5927005861794428,0.9691436905440693,0.007989593800600683,-0.017471644526970545,-0.030207852124989425,-0.0047354369289516664,1674,driscoll_kraay,contractionary,cumulative,lag1_tfe,twoways
32,mp_pos_x_ph2m,-1.713787502226443,-3.913568963233602,0.48599395878071583,1.3373721679321557,0.007989593800600683,-0.013692466003335318,-0.03126782632687443,0.003882894320203791,1647,driscoll_kraay,contractionary,cumulative,lag1_tfe,twoways
33,mp_pos_x_ph2m,-1.4531787308005149,-2.863085339065602,-0.04327212253542734,0.8571623548523107,0.007989593800600683,-0.011610307778768562,-0.02287488887558924,-3.4572668194788334e-4,1620,driscoll_kraay,contractionary,cumulative,lag1_tfe,twoways
34,mp_pos_x_ph2m,-1.0778423500061647,-2.617048554054235,0.4613638540419056,0.9357709274720053,0.007989593800600683,-0.008611522557634125,-0.020909154903342695,0.003686109788074447,1593,driscoll_kraay,contractionary,cumulative,lag1_tfe,twoways
35,mp_pos_x_ph2m,-0.462906739780558,-1.9639550345220866,1.0381415549609707,0.9125725658176236,0.007989593800600683,-0.00369843681840702,-0.01569120296847616,0.008294329331662124,1566,driscoll_kraay,contractionary,cumulative,lag1_tfe,twoways
36,mp_pos_x_ph2m,-1.766241711015092,-3.0034678114145583,-0.5290156106156259,0.7521800603574123,0.007989593800600683,-0.014111553824688523,-0.023996487806381455,-0.004226619842995589,1539,driscoll_kraay,contractionary,cumulative,lag1_tfe,twoways
37,mp_pos_x_ph2m,-1.9359847764837899,-3.0673066279220063,-0.8046629250455737,0.6877948486729353,0.007989593800600683,-0.015467731968252185,-0.024506534018987045,-0.006428929917517328,1512,driscoll_kraay,contractionary,cumulative,lag1_tfe,twoways
38,mp_pos_x_ph2m,-1.815257996834123,-3.354783619226822,-0.27573237444142373,0.9359651200368604,0.007989593800600683,-0.014503174037996723,-0.02680335840653134,-0.0022029896694621054,1485,driscoll_kraay,contractionary,cumulative,lag1_tfe,twoways
39,mp_pos_x_ph2m,-1.2337965025879216,-2.6953294242000885,0.22773641902424524,0.8885489247580853,0.007989593800600683,-0.009857532888279263,-0.021534587258165636,0.0018195214816071092,1458,driscoll_kraay,contractionary,cumulative,lag1_tfe,twoways
40,mp_pos_x_ph2m,-0.6111017202532519,-2.0051510405744466,0.7829476000679428,0.8475218083112289,0.007989593800600683,-0.004882454515671794,-0.016020342323041607,0.0062554332916980185,1431,driscoll_kraay,contractionary,cumulative,lag1_tfe,twoways
41,mp_pos_x_ph2m,-1.2784604611816188,-2.7797767320467504,0.2228558096835127,0.9127354837327573,0.007989593800600683,-0.01021437977496975,-0.02220928694541474,0.0017805273954752388,1404,driscoll_kraay,contractionary,cumulative,lag1_tfe,twoways
42,mp_pos_x_ph2m,-1.8323228921703432,-3.2896855697379728,-0.37496021460271356,0.8860135964004695,0.007989593800600683,-0.014639515619982887,-0.02628325143390403,-0.0029957798060617417,1377,driscoll_kraay,contractionary,cumulative,lag1_tfe,twoways
43,mp_pos_x_ph2m,-0.47368154601242285,-1.7108338852175462,0.7634707931927005,0.7521352167353815,0.007989593800600683,-0.0037845231434798007,-0.013668867803191686,0.006099821516232086,1350,driscoll_kraay,contractionary,cumulative,lag1_tfe,twoways
44,mp_pos_x_ph2m,-0.45166588961854054,-1.6984405809354974,0.7951088016984162,0.7579851914408313,0.007989593800600683,-0.0036086269916390835,-0.013569850336130873,0.006352596352852704,1323,driscoll_kraay,contractionary,cumulative,lag1_tfe,twoways
45,mp_pos_x_ph2m,-0.9950359491248558,-2.0554718517985164,0.06539995354880468,0.644699251834976,0.007989593800600683,-0.007949933050502764,-0.01642238516443863,5.225190634331025e-4,1296,driscoll_kraay,contractionary,cumulative,lag1_tfe,twoways
46,mp_pos_x_ph2m,-1.4192658902291013,-2.7462103395865487,-0.09232144087165373,0.8067249435542612,0.007989593800600683,-0.011339357957978437,-0.021941105104306184,-7.376108116506871e-4,1269,driscoll_kraay,contractionary,cumulative,lag1_tfe,twoways
47,mp_pos_x_ph2m,-1.5808638332770184,-3.2529208840116732,0.0911932174576362,1.0165385073403772,0.007989593800600683,-0.012630459881943898,-0.025989516528744157,7.285967648563601e-4,1242,driscoll_kraay,contractionary,cumulative,lag1_tfe,twoways
48,mp_pos_x_ph2m,-1.285946648260037,-2.7429895545511984,0.17109625803112416,0.8858191892682914,0.007989593800600683,-0.010274191368841619,-0.021915372340154685,0.0013669896024714444,1215,driscoll_kraay,contractionary,cumulative,lag1_tfe,twoways
0,mp_pos_x_wh2m,0.002595316718111376,-1.0989354026322953,1.1041260360685181,0.6696831263897656,0.009362604392895343,2.4298923705944297e-5,-0.01028889742819334,0.01033749527560523,2511,driscoll_kraay,contractionary,cumulative,lag1_tfe,twoways
1,mp_pos_x_wh2m,-1.1958033424564265,-2.6759521138752156,0.2843454289623626,0.8998665578298647,0.009362604392895343,-0.011195833627121473,-0.02505388101654567,0.0026622137623027267,2484,driscoll_kraay,contractionary,cumulative,lag1_tfe,twoways
2,mp_pos_x_wh2m,-1.5384387972189266,-3.570669866153756,0.4937922717159027,1.2355087623822874,0.009362604392895343,-0.01440379384104255,-0.03343076937443018,0.004623181692345081,2457,driscoll_kraay,contractionary,cumulative,lag1_tfe,twoways
3,mp_pos_x_wh2m,-1.9473548224632464,-3.7263513973280746,-0.168358247598418,1.08155312163671,0.009362604392895343,-0.018232312815320322,-0.03488835396209553,-0.0015762716685451103,2430,driscoll_kraay,contractionary,cumulative,lag1_tfe,twoways
4,mp_pos_x_wh2m,-1.5465239308366332,-2.9134548687831643,-0.1795929928901019,0.8310350024761566,0.009362604392895343,-0.014479491748568836,-0.02727752535297158,-0.0016814581441660901,2403,driscoll_kraay,contractionary,cumulative,lag1_tfe,twoways
5,mp_pos_x_wh2m,-1.9140359911484812,-3.6794575870115516,-0.14861439528541065,1.0733001204095325,0.009362604392895343,-0.017920361778886562,-0.034449305767626455,-0.0013914177901466708,2376,driscoll_kraay,contractionary,cumulative,lag1_tfe,twoways
6,mp_pos_x_wh2m,-1.9956831660111911,-3.578232122081291,-0.41313420994109107,0.9621214496776559,0.009362604392895343,-0.018684791976923663,-0.03350157178499752,-0.003868012168849806,2349,driscoll_kraay,contractionary,cumulative,lag1_tfe,twoways
7,mp_pos_x_wh2m,-1.9460327863608782,-3.730963791254969,-0.16110178146678722,1.0851609989165025,0.009362604392895343,-0.01821993511430072,-0.03493153798173724,-0.0015083322468642075,2322,driscoll_kraay,contractionary,cumulative,lag1_tfe,twoways
8,mp_pos_x_wh2m,-2.107439156381353,-3.9637499249153683,-0.2511283878473378,1.1285568138816418,0.009362604392895343,-0.01973111910329571,-0.03711102245935121,-0.0023512157472402105,2295,driscoll_kraay,contractionary,cumulative,lag1_tfe,twoways
9,mp_pos_x_wh2m,-2.6903594518865015,-4.562298161549011,-0.8184207422239917,1.138057927459425,0.009362604392895343,-0.025188771222700065,-0.04271499280901712,-0.0076625496363830125,2268,driscoll_kraay,contractionary,cumulative,lag1_tfe,twoways
10,mp_pos_x_wh2m,-3.2084789879719433,-5.212239104349663,-1.2047188715942228,1.2181996522641574,0.009362604392895343,-0.030039719467298522,-0.048800132735205046,-0.01127930619939199,2241,driscoll_kraay,contractionary,cumulative,lag1_tfe,twoways
11,mp_pos_x_wh2m,-2.4994819850913905,-4.5645081188555245,-0.4344558513272565,1.2554467460982526,0.009362604392895343,-0.023401661013579426,-0.042735683765003196,-0.004067638262155658,2214,driscoll_kraay,contractionary,cumulative,lag1_tfe,twoways
12,mp_pos_x_wh2m,-2.431198845147208,-4.311678578394225,-0.5507191119001911,1.1432505010991456,0.009362604392895343,-0.022762352987577335,-0.04036854079882651,-0.005156165176328151,2187,driscoll_kraay,contractionary,cumulative,lag1_tfe,twoways
13,mp_pos_x_wh2m,-3.5432241260868897,-5.50230978473637,-1.58413846743741,1.1910395104763198,0.009362604392895343,-0.03317380576791388,-0.05151594976164376,-0.01483166177418399,2160,driscoll_kraay,contractionary,cumulative,lag1_tfe,twoways
14,mp_pos_x_wh2m,-3.4004533536652612,-5.375135133173728,-1.4257715741567945,1.2005212787038626,0.009362604392895343,-0.031837099506862074,-0.050325263810258446,-0.013348935203465712,2133,driscoll_kraay,contractionary,cumulative,lag1_tfe,twoways
15,mp_pos_x_wh2m,-3.735025149670353,-5.850996191823015,-1.6190541075176905,1.2864190512041775,0.009362604392895343,-0.03496956287387823,-0.05478056264837608,-0.015158563099380379,2106,driscoll_kraay,contractionary,cumulative,lag1_tfe,twoways
16,mp_pos_x_wh2m,-3.134315458511633,-5.434813346205047,-0.8338175708182192,1.3986034076218055,0.009362604392895343,-0.029345355680580797,-0.05088400730974561,-0.007806704051415983,2079,driscoll_kraay,contractionary,cumulative,lag1_tfe,twoways
17,mp_pos_x_wh2m,-3.2890694556394053,-5.618404430676767,-0.9597344806020436,1.416135111884995,0.009362604392895343,-0.03079425613390739,-0.05260289800371696,-0.008985614264097823,2052,driscoll_kraay,contractionary,cumulative,lag1_tfe,twoways
18,mp_pos_x_wh2m,-3.807393457314717,-6.21972406670578,-1.3950628479236538,1.4665928748091788,0.009362604392895343,-0.035647118708935756,-0.05823281586953642,-0.01306142154833509,2025,driscoll_kraay,contractionary,cumulative,lag1_tfe,twoways
19,mp_pos_x_wh2m,-3.585778217131889,-6.126348737710622,-1.0452076965531556,1.5445572049394813,0.009362604392895343,-0.03357222288766745,-0.057358579604098306,-0.009785866171236597,1998,driscoll_kraay,contractionary,cumulative,lag1_tfe,twoways
20,mp_pos_x_wh2m,-3.310796676548331,-5.608604816362746,-1.0129885367339164,1.3969681570226475,0.009362604392895343,-0.030997679507834705,-0.05251114809169182,-0.009484210923977592,1971,driscoll_kraay,contractionary,cumulative,lag1_tfe,twoways
21,mp_pos_x_wh2m,-4.536482051041091,-6.8266439514733825,-2.2463201506087995,1.3923195735518528,0.009362604392895343,-0.042473286779368194,-0.06391516664879711,-0.021031406909939276,1944,driscoll_kraay,contractionary,cumulative,lag1_tfe,twoways
22,mp_pos_x_wh2m,-4.28501015826014,-6.884618763042255,-1.685401553478025,1.5804498115739096,0.009362604392895343,-0.04011885493132755,-0.06445796187426912,-0.01577974798838599,1917,driscoll_kraay,contractionary,cumulative,lag1_tfe,twoways
23,mp_pos_x_wh2m,-3.0734224807498274,-5.8655927087548205,-0.28125225274483423,1.6975189659762784,0.009362604392895343,-0.028775238819491636,-0.05491722406192278,-0.002633253577060496,1890,driscoll_kraay,contractionary,cumulative,lag1_tfe,twoways
24,mp_pos_x_wh2m,-5.649818425732014,-8.301630463250904,-2.9980063882131245,1.6121872451554782,0.009362604392895343,-0.052897014811819604,-0.07772488184342671,-0.0280691477802125,1863,driscoll_kraay,contractionary,cumulative,lag1_tfe,twoways
25,mp_pos_x_wh2m,-5.272451280220586,-7.90786020497058,-2.637042355470591,1.6022148606830096,0.009362604392895343,-0.04936387551751993,-0.07403816669345982,-0.024689584341580036,1836,driscoll_kraay,contractionary,cumulative,lag1_tfe,twoways
26,mp_pos_x_wh2m,-4.380466753365653,-7.382040738548293,-1.3788927681830128,1.824827410780422,0.009362604392895343,-0.04101257726799326,-0.06911512704726462,-0.012910027488721896,1809,driscoll_kraay,contractionary,cumulative,lag1_tfe,twoways
27,mp_pos_x_wh2m,-4.569237436257155,-7.220736507537897,-1.917738364976413,1.6119969751928387,0.009362604392895343,-0.04277996249288309,-0.06760489934541408,-0.017955025640352097,1782,driscoll_kraay,contractionary,cumulative,lag1_tfe,twoways
28,mp_pos_x_wh2m,-5.305705989138701,-7.942189793651165,-2.669222184626238,1.602868341178086,0.009362604392895343,-0.049675226201321136,-0.07435958105124696,-0.02499087135139532,1755,driscoll_kraay,contractionary,cumulative,lag1_tfe,twoways
29,mp_pos_x_wh2m,-2.425869249510363,-6.510680654582009,1.6589421555612827,2.4833890007844213,0.009362604392895343,-0.022712454092055454,-0.060956927297328246,0.015532019113217334,1728,driscoll_kraay,contractionary,cumulative,lag1_tfe,twoways
30,mp_pos_x_wh2m,-3.0786961142879563,-6.494390312586111,0.3369980840101987,2.0765946235767574,0.009362604392895343,-0.028824613764022244,-0.060804407269795684,0.0031551797417512,1701,driscoll_kraay,contractionary,cumulative,lag1_tfe,twoways
31,mp_pos_x_wh2m,-2.7864884014080347,-5.773643089315451,0.200666286499382,1.8160611004905833,0.009362604392895343,-0.02608878854777479,-0.05405633615103468,0.0018787590554851094,1674,driscoll_kraay,contractionary,cumulative,lag1_tfe,twoways
32,mp_pos_x_wh2m,-2.8944797484669453,-6.01365413256052,0.2246946356266286,1.8963233767338736,0.009362604392895343,-0.02709986880814323,-0.05630346459886436,0.0021037269825778917,1647,driscoll_kraay,contractionary,cumulative,lag1_tfe,twoways
33,mp_pos_x_wh2m,-2.990319833527497,-6.326313945700933,0.345674278645939,2.028140411713278,0.009362604392895343,-0.027997181609546617,-0.05923077473885463,0.003236411519761398,1620,driscoll_kraay,contractionary,cumulative,lag1_tfe,twoways
34,mp_pos_x_wh2m,-3.005760749788575,-6.912193704244443,0.9006722046672917,2.3749426030667222,0.009362604392895343,-0.028141748799962913,-0.06471613513990256,0.00843263753997672,1593,driscoll_kraay,contractionary,cumulative,lag1_tfe,twoways
35,mp_pos_x_wh2m,-2.9936019314165243,-6.3183435906808,0.33113972784775125,2.0212994060913885,0.009362604392895343,-0.028027910593660332,-0.05915615145793019,0.003100330270609524,1566,driscoll_kraay,contractionary,cumulative,lag1_tfe,twoways
36,mp_pos_x_wh2m,-3.0310249099598883,-7.115337713624448,1.0532878937046712,2.483085872652582,0.009362604392895343,-0.028378287136965663,-0.06661809213451417,0.009861517860582838,1539,driscoll_kraay,contractionary,cumulative,lag1_tfe,twoways
37,mp_pos_x_wh2m,-2.664224162349107,-6.962349141705898,1.6339008170076847,2.6130744456105943,0.009362604392895343,-0.024944076846067663,-0.06518572065900677,0.015297566966871439,1512,driscoll_kraay,contractionary,cumulative,lag1_tfe,twoways
38,mp_pos_x_wh2m,-1.5269178181599825,-4.910938159404272,1.8571025230843068,2.057338285787863,0.009362604392895343,-0.014295927471894825,-0.04597917118447581,0.017387316240686155,1485,driscoll_kraay,contractionary,cumulative,lag1_tfe,twoways
39,mp_pos_x_wh2m,-1.47065754966517,-4.777743543821199,1.8364284444908594,2.010565523866884,0.009362604392895343,-0.01376918483493982,-0.04473212269150772,0.01719375302162808,1458,driscoll_kraay,contractionary,cumulative,lag1_tfe,twoways
40,mp_pos_x_wh2m,-1.1080875710460187,-5.444000833329356,3.227825691237318,2.6360480903820025,0.009362604392895343,-0.010374585560388186,-0.05097002611705533,0.030220854996278964,1431,driscoll_kraay,contractionary,cumulative,lag1_tfe,twoways
41,mp_pos_x_wh2m,-1.9098201501315493,-5.9993657116894035,2.1797254114263054,2.4862671635635514,0.009362604392895343,-0.017880890527261686,-0.05616968776684891,0.020407906712325535,1404,driscoll_kraay,contractionary,cumulative,lag1_tfe,twoways
42,mp_pos_x_wh2m,-2.189798421258014,-5.706464508895701,1.3268676663796728,2.137981173531765,0.009362604392895343,-0.020502216318425567,-0.05342736967888826,0.012422937042037117,1377,driscoll_kraay,contractionary,cumulative,lag1_tfe,twoways
43,mp_pos_x_wh2m,-1.0646686015944462,-3.996559429531308,1.8672222263424152,1.7824630592636688,0.009362604392895343,-0.009968070926265903,-0.03741820487139713,0.017482063018865318,1350,driscoll_kraay,contractionary,cumulative,lag1_tfe,twoways
44,mp_pos_x_wh2m,-1.9461496171269486,-4.9977912499620185,1.1054920157081212,1.855266379228468,0.009362604392895343,-0.018221028954544357,-0.0467923423116683,0.010350284402579582,1323,driscoll_kraay,contractionary,cumulative,lag1_tfe,twoways
45,mp_pos_x_wh2m,-1.912941559401211,-5.298478764328886,1.4725956455264637,2.058260473427256,0.009362604392895343,-0.017910115047401844,-0.04960756055456832,0.013787330459764623,1296,driscoll_kraay,contractionary,cumulative,lag1_tfe,twoways
46,mp_pos_x_wh2m,-0.24673514128944268,-3.002220678548162,2.508750395969277,1.675216257610511,0.009362604392895343,-0.002310083517718189,-0.02810860451341626,0.023488437477979882,1269,driscoll_kraay,contractionary,cumulative,lag1_tfe,twoways
47,mp_pos_x_wh2m,-0.384398865162648,-3.037998399429318,2.2692006691040225,1.613273966015312,0.009362604392895343,-0.0035989745035957927,-0.028443577160105954,0.021245628152914375,1242,driscoll_kraay,contractionary,cumulative,lag1_tfe,twoways
48,mp_pos_x_wh2m,-0.3136931827203195,-3.350548127902707,2.723161762462068,1.8462767114486742,0.009362604392895343,-0.0029369851705585846,-0.03136985662090915,0.02549588627979198,1215,driscoll_kraay,contractionary,cumulative,lag1_tfe,twoways
0,mp_pos_x_ph2m,0.4494358350162358,-0.06873368650147565,0.9676053565339473,0.3150247006951453,0.007989593800600683,0.003590809761213509,-5.491542355646207e-4,0.007730773757991639,2511,driscoll_kraay,contractionary,cumulative,lag1_individual_fe,individual
1,mp_pos_x_ph2m,0.9307928035312255,-0.08245141835840852,1.9440370254208594,0.6160087470929279,0.007989593800600683,0.007436656412736809,-6.58753340967074e-4,0.01553206616644069,2484,driscoll_kraay,contractionary,cumulative,lag1_individual_fe,individual
2,mp_pos_x_ph2m,0.5998504806666738,-0.5729381259493409,1.7726390872826885,0.7130048457804907,0.007989593800600683,0.004792561681621796,-0.0045775428992126275,0.01416266626245622,2457,driscoll_kraay,contractionary,cumulative,lag1_individual_fe,individual
3,mp_pos_x_ph2m,0.9711309902348906,-0.2924774557439218,2.2347394362137027,0.7682193875942328,0.007989593800600683,0.007758942139151884,-0.002336776067227098,0.017854660345530866,2430,driscoll_kraay,contractionary,cumulative,lag1_individual_fe,individual
4,mp_pos_x_ph2m,1.0332631362799551,-0.33386114922221277,2.4003874217821233,0.8311525494435394,0.007989593800600683,0.008255352748011547,-0.0026674149680872106,0.01917812046411031,2403,driscoll_kraay,contractionary,cumulative,lag1_individual_fe,individual
5,mp_pos_x_ph2m,1.3004326033398284,-0.19009820835579228,2.790963415035449,0.9061783901453477,0.007989593800600683,0.0103899282657429,-0.0015188074669847348,0.022298663998470535,2376,driscoll_kraay,contractionary,cumulative,lag1_individual_fe,individual
6,mp_pos_x_ph2m,1.2712640596641331,-0.16664444726452055,2.7091725665927866,0.8741863004513266,0.007989593800600683,0.010156883450019015,-0.0013314214427691407,0.021645188342807167,2349,driscoll_kraay,contractionary,cumulative,lag1_individual_fe,individual
7,mp_pos_x_ph2m,1.4546622660944601,-0.07367812720886935,2.9830026593977896,0.9291649835954798,0.007989593800600683,0.01162216062315604,-5.88658308387851e-4,0.02383297955469993,2322,driscoll_kraay,contractionary,cumulative,lag1_individual_fe,individual
8,mp_pos_x_ph2m,1.0997301039303888,-0.5875008465850484,2.7869610544458263,1.0257635833788488,0.007989593800600683,0.00878639682069618,-0.004693893121723556,0.022266686763115915,2295,driscoll_kraay,contractionary,cumulative,lag1_individual_fe,individual
9,mp_pos_x_ph2m,2.3351927440099463,0.7420186364625332,3.9283668515573593,0.9685810831083858,0.007989593800600683,0.018657241470749562,0.005928427497811227,0.0313860554436879,2268,driscoll_kraay,contractionary,cumulative,lag1_individual_fe,individual
10,mp_pos_x_ph2m,1.9869753096286265,0.31695345864542523,3.6569971606118274,1.0153011937471759,0.007989593800600683,0.015875125615755496,0.0025323293882724344,0.029217921843238556,2241,driscoll_kraay,contractionary,cumulative,lag1_individual_fe,individual
11,mp_pos_x_ph2m,1.6677122444171413,-0.08229220766037737,3.4177166964946597,1.0639271625165398,0.007989593800600683,0.013324343409181042,-6.574813121610951e-4,0.027306168130523178,2214,driscoll_kraay,contractionary,cumulative,lag1_individual_fe,individual
12,mp_pos_x_ph2m,2.5734032128067934,0.6661182670300063,4.480688158583581,1.1595469131874665,0.007989593800600683,0.020560446355487035,0.005322014376729809,0.035798878334244263,2187,driscoll_kraay,contractionary,cumulative,lag1_individual_fe,individual
13,mp_pos_x_ph2m,2.9493909895662083,1.2208285611705996,4.677953417961817,1.050891337729109,0.007989593800600683,0.02356443596578569,0.009753924303924874,0.0373749476276465,2160,driscoll_kraay,contractionary,cumulative,lag1_individual_fe,individual
14,mp_pos_x_ph2m,2.364160839566446,0.4602111139329226,4.26811056519997,1.1575192433154393,0.007989593800600683,0.018888684787422984,0.0036768998628460125,0.03410046971199995,2133,driscoll_kraay,contractionary,cumulative,lag1_individual_fe,individual
15,mp_pos_x_ph2m,3.419001239950123,1.55249431087024,5.285508169030006,1.1347556393447713,0.007989593800600683,0.02731643111095155,0.012403798921596699,0.0422290633003064,2106,driscoll_kraay,contractionary,cumulative,lag1_individual_fe,individual
16,mp_pos_x_ph2m,2.5173272124051977,0.34876549790931,4.685888926901086,1.3183919097500751,0.007989593800600683,0.020112421890315965,0.0027864946599596334,0.0374383491206723,2079,driscoll_kraay,contractionary,cumulative,lag1_individual_fe,individual
17,mp_pos_x_ph2m,3.136566110827646,1.255690667962589,5.017441553692703,1.1434910754648864,0.007989593800600683,0.025059889154242752,0.01003245837622603,0.040087319932259474,2052,driscoll_kraay,contractionary,cumulative,lag1_individual_fe,individual
18,mp_pos_x_ph2m,3.631589194007907,1.5131462367428168,5.750032151272997,1.2879218688846839,0.007989593800600683,0.029014922510774005,0.012089423792482661,0.045940421229065345,2025,driscoll_kraay,contractionary,cumulative,lag1_individual_fe,individual
19,mp_pos_x_ph2m,1.991332811919078,-0.33256895885616267,4.315234582694319,1.4128319582346662,0.007989593800600683,0.015909940289041392,-0.0026570908919494205,0.0344769714700322,1998,driscoll_kraay,contractionary,cumulative,lag1_individual_fe,individual
20,mp_pos_x_ph2m,1.9683475334653904,-0.012178325796409428,3.94887339272719,1.2040742269161386,0.007989593800600683,0.015726297250802726,-9.729987628468814e-5,0.031549894377890145,1971,driscoll_kraay,contractionary,cumulative,lag1_individual_fe,individual
21,mp_pos_x_ph2m,3.2091134543403754,1.1406001939753776,5.277626714705374,1.2575667685389893,0.007989593800600683,0.025639512960222106,0.009112932238749613,0.0421660936816946,1944,driscoll_kraay,contractionary,cumulative,lag1_individual_fe,individual
22,mp_pos_x_ph2m,2.0437289510628265,-0.5641898509417773,4.65164775306743,1.585502052749856,0.007989593800600683,0.016328564157519695,-0.004507647735446247,0.03716477605048563,1917,driscoll_kraay,contractionary,cumulative,lag1_individual_fe,individual
23,mp_pos_x_ph2m,0.15856024473785452,-3.967853645069087,4.284974134544796,2.508681515603749,0.007989593800600683,0.0012668319483792895,-0.0317015388843348,0.03423520278109338,1890,driscoll_kraay,contractionary,cumulative,lag1_individual_fe,individual
24,mp_pos_x_ph2m,4.119663583012072,1.829498426776261,6.409828739247882,1.3923215529398454,0.007989593800600683,0.03291443862339364,0.014616949288780318,0.05121192795800696,1863,driscoll_kraay,contractionary,cumulative,lag1_individual_fe,individual
25,mp_pos_x_ph2m,3.412511121895774,1.2687900182993483,5.5562322254922005,1.3032898906448853,0.007989593800600683,0.02726457770397936,0.0101371168644685,0.04439203854349022,1836,driscoll_kraay,contractionary,cumulative,lag1_individual_fe,individual
26,mp_pos_x_ph2m,3.679284889898807,1.3221876525965568,6.036382127201057,1.4330133688982603,0.007989593800600683,0.029395991746979273,0.010563742272416219,0.04822824122154233,1809,driscoll_kraay,contractionary,cumulative,lag1_individual_fe,individual
27,mp_pos_x_ph2m,2.4582463522446236,0.08587779711766297,4.830614907371585,1.4422976709020892,0.007989593800600683,0.019640389816242887,6.861287154605232e-4,0.038594650917025256,1782,driscoll_kraay,contractionary,cumulative,lag1_individual_fe,individual
28,mp_pos_x_ph2m,2.281105950146023,0.29348156616468124,4.268730334127365,1.2083898235158788,0.007989593800600683,0.018225109957799995,0.002344798501619916,0.03410542141398007,1755,driscoll_kraay,contractionary,cumulative,lag1_individual_fe,individual
29,mp_pos_x_ph2m,1.1121225388966431,-1.5918815482554045,3.816126626048691,1.6439177583014348,0.007989593800600683,0.008885407342276911,-0.012718486949231996,0.03048930163378582,1728,driscoll_kraay,contractionary,cumulative,lag1_individual_fe,individual
30,mp_pos_x_ph2m,1.9751839796551176,-0.7938638209320066,4.744231780242242,1.683461528257201,0.007989593800600683,0.01578091767889831,-0.00634264946223953,0.03790448482003615,1701,driscoll_kraay,contractionary,cumulative,lag1_individual_fe,individual
31,mp_pos_x_ph2m,1.4188188944918432,-0.8838096981760573,3.7214474871597436,1.3998987842678328,0.007989593800600683,0.011335786643607144,-0.007061280485458187,0.029732853772672475,1674,driscoll_kraay,contractionary,cumulative,lag1_individual_fe,individual
32,mp_pos_x_ph2m,1.8023538764631186,-0.8212369526543242,4.425944705580561,1.595029968703013,0.007989593800600683,0.014400075357878342,-0.006561349665751184,0.035361500381507864,1647,driscoll_kraay,contractionary,cumulative,lag1_individual_fe,individual
33,mp_pos_x_ph2m,1.7152624279248503,-0.6524508142660941,4.082975670115795,1.4394674415979507,0.007989593800600683,0.013704250060551659,-0.0052128169808572525,0.032621317101960576,1620,driscoll_kraay,contractionary,cumulative,lag1_individual_fe,individual
34,mp_pos_x_ph2m,1.7567540730729903,-0.9463869782347643,4.459895124380745,1.6433930697637125,0.007989593800600683,0.014035751451403962,-0.007561247534273685,0.03563275043708161,1593,driscoll_kraay,contractionary,cumulative,lag1_individual_fe,individual
35,mp_pos_x_ph2m,2.0440727201043805,-0.4505735252313632,4.538718965440124,1.516637228054909,0.007989593800600683,0.016331310732522933,-0.0035998994439032945,0.03626252090894916,1566,driscoll_kraay,contractionary,cumulative,lag1_individual_fe,individual
36,mp_pos_x_ph2m,0.8832986801194013,-1.6721256578920207,3.438723018130823,1.5535876847276546,0.007989593800600683,0.007057197658760734,-0.013359604790119427,0.02747400010764089,1539,driscoll_kraay,contractionary,cumulative,lag1_individual_fe,individual
37,mp_pos_x_ph2m,0.5901091290521395,-2.1254984509450283,3.3057167090493076,1.650972181050665,0.007989593800600683,0.004714732239152842,-0.016981869246856754,0.02641133372516244,1512,driscoll_kraay,contractionary,cumulative,lag1_individual_fe,individual
38,mp_pos_x_ph2m,0.005134547306649652,-2.49204604899345,2.5023151436067494,1.5181780040381518,0.007989593800600683,4.102294733009899e-5,-0.019910435663849493,0.019992481558509693,1485,driscoll_kraay,contractionary,cumulative,lag1_individual_fe,individual
39,mp_pos_x_ph2m,0.21067589029255213,-1.8622059804563487,2.283557761041453,1.2602226950678435,0.007989593800600683,0.001683214787017404,-0.01487826935689556,0.018244698930930368,1458,driscoll_kraay,contractionary,cumulative,lag1_individual_fe,individual
40,mp_pos_x_ph2m,0.48685838962265754,-1.8766886906768958,2.8504054699222108,1.4369345950132288,0.007989593800600683,0.0038898007714996165,-0.01499398032868954,0.02277358187168877,1431,driscoll_kraay,contractionary,cumulative,lag1_individual_fe,individual
41,mp_pos_x_ph2m,0.32566944176940316,-2.1289861349811843,2.780325018519991,1.4923246278758442,0.007989593800600683,0.0026019665530059087,-0.01700973442561048,0.022213667531622298,1404,driscoll_kraay,contractionary,cumulative,lag1_individual_fe,individual
42,mp_pos_x_ph2m,0.01787332211644585,-2.538157129644532,2.5739037738774235,1.5539561757226128,0.007989593800600683,1.4280058357769482e-4,-0.020278844467958378,0.020564445635113764,1377,driscoll_kraay,contractionary,cumulative,lag1_individual_fe,individual
43,mp_pos_x_ph2m,0.385668509694895,-1.6500088093226868,2.421345828712477,1.2376039336645734,0.007989593800600683,0.0030813347341452375,-0.013182900153901052,0.019345569622191527,1350,driscoll_kraay,contractionary,cumulative,lag1_individual_fe,individual
44,mp_pos_x_ph2m,0.8445130441143994,-0.8120680887435573,2.501094176972356,1.0071298173371332,0.007989593800600683,0.006747316181782817,-0.00648809416749117,0.019982726531056802,1323,driscoll_kraay,contractionary,cumulative,lag1_individual_fe,individual
45,mp_pos_x_ph2m,0.05168994173334687,-2.163614223126273,2.266994106592967,1.3468093017890026,0.007989593800600683,4.129816380261587e-4,-0.01728639878398113,0.01811236206003345,1296,driscoll_kraay,contractionary,cumulative,lag1_individual_fe,individual
46,mp_pos_x_ph2m,-0.7756045602859464,-2.6448605273311796,1.0936514067592866,1.1364269357569907,0.007989593800600683,-0.0061967653865782155,-0.021131361272618644,0.008737830499462211,1269,driscoll_kraay,contractionary,cumulative,lag1_individual_fe,individual
47,mp_pos_x_ph2m,-1.0171303037334953,-2.676605767380546,0.6423451599135552,1.0088894455141755,0.007989593800600683,-0.008126457969112223,-0.021384992845715645,0.005132076907491195,1242,driscoll_kraay,contractionary,cumulative,lag1_individual_fe,individual
48,mp_pos_x_ph2m,-0.5675193713425979,-2.5857567695375527,1.450718026852357,1.227001214652457,0.007989593800600683,-0.004534249250999617,-0.02065914625575848,0.011590647753759245,1215,driscoll_kraay,contractionary,cumulative,lag1_individual_fe,individual
0,mp_pos_x_wh2m,-0.26607511154550356,-0.7519747348732262,0.219824511782219,0.2954059956254443,0.009362604392895343,-0.00249115600819605,-0.007040441956070379,0.002058129939678278,2511,driscoll_kraay,contractionary,cumulative,lag1_individual_fe,individual
1,mp_pos_x_wh2m,-0.8020510652011497,-1.7644023506366366,0.16030022023433732,0.5850680386795776,0.009362604392895343,-0.007509286826378673,-0.016519401198905444,0.0015008275461480976,2484,driscoll_kraay,contractionary,cumulative,lag1_individual_fe,individual
2,mp_pos_x_wh2m,-0.6468948001607513,-1.7327970059639999,0.4390074056424973,0.6601816648061453,0.009362604392895343,-0.006056620097726205,-0.016223492860034442,0.004110252664582033,2457,driscoll_kraay,contractionary,cumulative,lag1_individual_fe,individual
3,mp_pos_x_wh2m,-0.8165176501487866,-1.8584070491608817,0.22537174886330835,0.6334237782258506,0.009362604392895343,-0.0076447317381596125,-0.017399530002261344,0.002110066525942117,2430,driscoll_kraay,contractionary,cumulative,lag1_individual_fe,individual
4,mp_pos_x_wh2m,-0.9864243423095029,-2.004395715598953,0.03154703097994749,0.6188826510819274,0.009362604392895343,-0.009235500880565852,-0.018766364131967365,2.9536237083566184e-4,2403,driscoll_kraay,contractionary,cumulative,lag1_individual_fe,individual
5,mp_pos_x_wh2m,-1.328938914028304,-2.5457425689447275,-0.11213525911188071,0.7397640951016506,0.009362604392895343,-0.012442329314370967,-0.023834780559182582,-0.001049878069559352,2376,driscoll_kraay,contractionary,cumulative,lag1_individual_fe,individual
6,mp_pos_x_wh2m,-1.4318863099952903,-2.6635542087025668,-0.20021841128801365,0.748800913665502,0.009362604392895343,-0.013406185056088609,-0.02493780433511353,-0.0018745657770636833,2349,driscoll_kraay,contractionary,cumulative,lag1_individual_fe,individual
7,mp_pos_x_wh2m,-1.466762296675999,-2.726169060386014,-0.2073555329659842,0.765664946153395,0.009362604392895343,-0.013732715122191971,-0.025524042420545463,-0.0019413878238384787,2322,driscoll_kraay,contractionary,cumulative,lag1_individual_fe,individual
8,mp_pos_x_wh2m,-1.2155098332592955,-2.5823448964224545,0.15132522990386366,0.8309767147465974,0.009362604392895343,-0.011380337704480966,-0.02417747367121574,0.0014167982622538117,2295,driscoll_kraay,contractionary,cumulative,lag1_individual_fe,individual
9,mp_pos_x_wh2m,-2.177879732715238,-3.355071614118977,-1.0006878513114992,0.7156818467704725,0.009362604392895343,-0.020390626352717423,-0.0314122082328288,-0.009369044472606045,2268,driscoll_kraay,contractionary,cumulative,lag1_individual_fe,individual
10,mp_pos_x_wh2m,-2.1269291493289435,-3.425929818744497,-0.8279284799133899,0.7897363316291476,0.009362604392895343,-0.01991359619688432,-0.03207562557072838,-0.007751566823040268,2241,driscoll_kraay,contractionary,cumulative,lag1_individual_fe,individual
11,mp_pos_x_wh2m,-1.893365753023845,-3.273481482718915,-0.5132500233287751,0.8390507866970146,0.009362604392895343,-0.01772683451661865,-0.030648312110165672,-0.004805356923071627,2214,driscoll_kraay,contractionary,cumulative,lag1_individual_fe,individual
12,mp_pos_x_wh2m,-2.461501583585869,-4.011536746502342,-0.9114664206693963,0.9423544669985421,0.009362604392895343,-0.0230460655395999,-0.03755843156506392,-0.008533699514135885,2187,driscoll_kraay,contractionary,cumulative,lag1_individual_fe,individual
13,mp_pos_x_wh2m,-3.0919250950592208,-4.517349506636659,-1.6665006834817824,0.8665965093923175,0.009362604392895343,-0.02894847147750481,-0.04229415633508,-0.015602786619929627,2160,driscoll_kraay,contractionary,cumulative,lag1_individual_fe,individual
14,mp_pos_x_wh2m,-2.630681876357727,-4.235004312517645,-1.0263594401978093,0.9753587856527554,0.009362604392895343,-0.024630033691897018,-0.039650669980308424,-0.009609397403485615,2133,driscoll_kraay,contractionary,cumulative,lag1_individual_fe,individual
15,mp_pos_x_wh2m,-3.4373162554821217,-4.974783064263862,-1.899849446700381,0.9347134502364453,0.009362604392895343,-0.03218223227334748,-0.04657692577117819,-0.017787538775516774,2106,driscoll_kraay,contractionary,cumulative,lag1_individual_fe,individual
16,mp_pos_x_wh2m,-2.5553109403903282,-4.261610640247348,-0.8490112405333083,1.0373565598170769,0.009362604392895343,-0.023924365435712018,-0.03989977450118935,-0.007948956370234678,2079,driscoll_kraay,contractionary,cumulative,lag1_individual_fe,individual
17,mp_pos_x_wh2m,-3.0317089986309234,-4.584917976387746,-1.4785000208741013,0.9442840094139554,0.009362604392895343,-0.028384691988562225,-0.042926773186792735,-0.013842610790331717,2052,driscoll_kraay,contractionary,cumulative,lag1_individual_fe,individual
18,mp_pos_x_wh2m,-3.370118468127358,-5.1359020793311885,-1.6043348569235274,1.0735202101092043,0.009362604392895343,-0.031553085974266926,-0.048085419369426514,-0.015020752579107339,2025,driscoll_kraay,contractionary,cumulative,lag1_individual_fe,individual
19,mp_pos_x_wh2m,-2.1964709537504365,-4.093318812552411,-0.29962309494846173,1.153201614855872,0.009362604392895343,-0.02056468860045086,-0.038324124695924354,-0.002805252504977366,1998,driscoll_kraay,contractionary,cumulative,lag1_individual_fe,individual
20,mp_pos_x_wh2m,-2.2093709970932873,-3.913309809053904,-0.5054321851326709,1.0359212418910806,0.009362604392895343,-0.020685466602921178,-0.03663877160900852,-0.004732161596833836,1971,driscoll_kraay,contractionary,cumulative,lag1_individual_fe,individual
21,mp_pos_x_wh2m,-3.173047679345594,-4.894219665245196,-1.4518756934459918,1.0463982677228107,0.009362604392895343,-0.02970799014150743,-0.04582264253761945,-0.013593337745395414,1944,driscoll_kraay,contractionary,cumulative,lag1_individual_fe,individual
22,mp_pos_x_wh2m,-2.5007672006512487,-4.626213865244522,-0.3753205360579752,1.2921798206035637,0.009362604392895343,-0.02341369397842597,-0.04331341025721171,-0.003513977699640234,1917,driscoll_kraay,contractionary,cumulative,lag1_individual_fe,individual
23,mp_pos_x_wh2m,-1.4398738643020765,-4.150779053741223,1.2710313251370704,1.6481133305845987,0.009362604392895343,-0.013480969367129815,-0.03886210220249555,0.011900163468235924,1890,driscoll_kraay,contractionary,cumulative,lag1_individual_fe,individual
24,mp_pos_x_wh2m,-4.140750309682035,-6.191421292158504,-2.0900793272055664,1.2467194337997896,0.009362604392895343,-0.038768207039311775,-0.057967828188228966,-0.01956858589039458,1863,driscoll_kraay,contractionary,cumulative,lag1_individual_fe,individual
25,mp_pos_x_wh2m,-3.5870187471062196,-5.507721103955756,-1.666316390256683,1.167704119915713,0.009362604392895343,-0.03358383747905464,-0.05156661380273855,-0.015601061155370731,1836,driscoll_kraay,contractionary,cumulative,lag1_individual_fe,individual
26,mp_pos_x_wh2m,-3.808741434941828,-5.897500233802955,-1.7199826360807013,1.2698751819834433,0.009362604392895343,-0.03565973929018887,-0.055215961596104854,-0.016103516984272887,1809,driscoll_kraay,contractionary,cumulative,lag1_individual_fe,individual
27,mp_pos_x_wh2m,-2.542812288020459,-4.7303468514704985,-0.35527772457041973,1.3299265828925815,0.009362604392895343,-0.02380734549812861,-0.044288366211496344,-0.0033263247847608733,1782,driscoll_kraay,contractionary,cumulative,lag1_individual_fe,individual
28,mp_pos_x_wh2m,-2.5325756491312195,-4.319816205680805,-0.7453350925816342,1.0865651066241133,0.009362604392895343,-0.023711503897895732,-0.0404447301838076,-0.006978277611983866,1755,driscoll_kraay,contractionary,cumulative,lag1_individual_fe,individual
29,mp_pos_x_wh2m,-1.282470716679997,-3.6377227470001756,1.0727813136401816,1.4318915627072184,0.009362604392895343,-0.012007265965747778,-0.03405855897119916,0.0100440270397036,1728,driscoll_kraay,contractionary,cumulative,lag1_individual_fe,individual
30,mp_pos_x_wh2m,-1.959753015614789,-4.383361126455603,0.46385509522602497,1.4734491088624497,0.009362604392895343,-0.01834839219298492,-0.04103967613819991,0.004342891752230069,1701,driscoll_kraay,contractionary,cumulative,lag1_individual_fe,individual
31,mp_pos_x_wh2m,-1.4918873720705499,-3.517470409063895,0.5336956649227955,1.2314670459446946,0.009362604392895343,-0.01396795126345282,-0.032932683903781006,0.0049967813768753665,1674,driscoll_kraay,contractionary,cumulative,lag1_individual_fe,individual
32,mp_pos_x_wh2m,-1.7599148403245555,-4.114314950478828,0.5944852698297178,1.4313736320221129,0.009362604392895343,-0.016477386415144388,-0.03852070322910806,0.005565930398819289,1647,driscoll_kraay,contractionary,cumulative,lag1_individual_fe,individual
33,mp_pos_x_wh2m,-1.6589905084809047,-3.769056004798994,0.4510749878371847,1.2828287342678808,0.009362604392895343,-0.015532471822474997,-0.035288180307599636,0.004223236662649639,1620,driscoll_kraay,contractionary,cumulative,lag1_individual_fe,individual
34,mp_pos_x_wh2m,-1.8069003879817496,-4.220056478778183,0.6062557028146833,1.4670947318691894,0.009362604392895343,-0.016917293510042227,-0.03951071932647507,0.005676132306390608,1593,driscoll_kraay,contractionary,cumulative,lag1_individual_fe,individual
35,mp_pos_x_wh2m,-1.9389646817946882,-4.126680107398817,0.2487507438094405,1.3300365392747944,0.009362604392895343,-0.01815375924743987,-0.038636473301605995,0.0023289548067262516,1566,driscoll_kraay,contractionary,cumulative,lag1_individual_fe,individual
36,mp_pos_x_wh2m,-0.9981561239996054,-3.1682116132779305,1.1718993652787195,1.3193000603343952,0.009362604392895343,-0.009345340911354093,-0.029662711968097995,0.010972030145389803,1539,driscoll_kraay,contractionary,cumulative,lag1_individual_fe,individual
37,mp_pos_x_wh2m,-0.7015709264918867,-2.988546432574521,1.5854045795907479,1.390382383337814,0.009362604392895343,-0.006568531038300594,-0.027980577957993916,0.014843515881392731,1512,driscoll_kraay,contractionary,cumulative,lag1_individual_fe,individual
38,mp_pos_x_wh2m,-0.14257895878975166,-2.2086959851609014,1.9235380675813982,1.25610996171157,0.009362604392895343,-0.001334910385899373,-0.02067914673323776,0.01800932596143902,1485,driscoll_kraay,contractionary,cumulative,lag1_individual_fe,individual
39,mp_pos_x_wh2m,-0.2694212482363049,-2.0407038830802384,1.5018613866076285,1.0768633791000493,0.009362604392895343,-0.0025224845622765753,-0.019106303140325624,0.014061334015772474,1458,driscoll_kraay,contractionary,cumulative,lag1_individual_fe,individual
40,mp_pos_x_wh2m,-0.5723827225147768,-2.6454039977485966,1.5006385527190427,1.260307446976849,0.009362604392895343,-0.005358992992234246,-0.024767871090303914,0.014049885105835418,1431,driscoll_kraay,contractionary,cumulative,lag1_individual_fe,individual
41,mp_pos_x_wh2m,-0.2775721048989628,-2.5057168780001238,1.950572668202198,1.3546158372953498,0.009362604392895343,-0.002598797808672236,-0.023460035849315962,0.01826244023197149,1404,driscoll_kraay,contractionary,cumulative,lag1_individual_fe,individual
42,mp_pos_x_wh2m,-0.12212584489521483,-2.4317215296337378,2.1874698398433083,1.4041344754907261,0.009362604392895343,-0.0011434159719019936,-0.022767246675647015,0.02048041473184303,1377,driscoll_kraay,contractionary,cumulative,lag1_individual_fe,individual
43,mp_pos_x_wh2m,-0.4516866133915308,-2.2216238446583896,1.3182506178753277,1.076045431803688,0.009362604392895343,-0.004228963070751567,-0.02080018516735968,0.012342259025856544,1350,driscoll_kraay,contractionary,cumulative,lag1_individual_fe,individual
44,mp_pos_x_wh2m,-0.667452645500849,-2.003516887214061,0.668611596212363,0.8122693836225648,0.009362604392895343,-0.006249095070815868,-0.018758136009470374,0.006259945867838637,1323,driscoll_kraay,contractionary,cumulative,lag1_individual_fe,individual
45,mp_pos_x_wh2m,-0.35548144483580607,-2.087779532389334,1.3768166427177215,1.0531624572358596,0.009362604392895343,-0.0033282321370125016,-0.01954705382134536,0.012890589547320358,1296,driscoll_kraay,contractionary,cumulative,lag1_individual_fe,individual
46,mp_pos_x_wh2m,0.5797739078910759,-1.007414742492732,2.166962558274884,0.9649421835336568,0.009362604392895343,0.005428193736907087,-0.009432025693529984,0.020288413167344158,1269,driscoll_kraay,contractionary,cumulative,lag1_individual_fe,individual
47,mp_pos_x_wh2m,0.6586796038914241,-0.7166461104934888,2.034005318276337,0.8361386641642425,0.009362604392895343,0.006166956552904412,-0.0067096740222577,0.019043587128066523,1242,driscoll_kraay,contractionary,cumulative,lag1_individual_fe,individual
48,mp_pos_x_wh2m,0.32981771954955713,-1.3194936082504867,1.9791290473496008,1.0027100896855083,0.009362604392895343,0.003087952829909408,-0.012353896653003333,0.018529802312822148,1215,driscoll_kraay,contractionary,cumulative,lag1_individual_fe,individual
