horizon,term,estimate,ci_low,ci_high,se,shock_sd,estimate_1sd,ci_low_1sd,ci_high_1sd,nobs,se_method,response_type,spec
0,mp_pos_x_ph2m,6.194787808667483,-4.8327262788956595,17.222301896230626,6.704252528537294,0.007804617340971183,0.048347948355163116,-0.037717579320436206,0.13441347603076242,2640,driscoll_kraay,cumulative,twfe_directional_dummies
1,mp_pos_x_ph2m,7.464547834279019,-7.628455521815445,22.55755119037348,9.175894504404893,0.007804617340971183,0.05825793946992292,-0.0595371762503882,0.17605305519023404,2613,driscoll_kraay,cumulative,twfe_directional_dummies
2,mp_pos_x_ph2m,19.07059639338004,-7.026520243793783,45.16771303055386,15.865920352768127,0.007804617340971183,0.14883870731443635,-0.054839301741398026,0.35251671637027077,2586,driscoll_kraay,cumulative,twfe_directional_dummies
3,mp_pos_x_ph2m,33.055884592538014,1.218526480672704,64.89324270440332,19.355739374130103,0.007804617340971183,0.25798853011206435,0.009510132901490774,0.5064669273226379,2559,driscoll_kraay,cumulative,twfe_directional_dummies
4,mp_pos_x_ph2m,36.96461226625012,5.78760115551275,68.1416233769875,18.95427690336193,0.007804617340971183,0.2884946538954518,0.04517001234093967,0.531819295449964,2532,driscoll_kraay,cumulative,twfe_directional_dummies
5,mp_pos_x_ph2m,62.78638324551361,13.737332588849632,111.83543390217758,29.81970544550532,0.007804617340971183,0.4900236954547981,0.1072146241416244,0.8728327667679717,2505,driscoll_kraay,cumulative,twfe_directional_dummies
6,mp_pos_x_ph2m,75.47153210318318,20.657261797303903,130.28580240906246,33.32471011871774,0.007804617340971183,0.5890264282021668,0.1612220236402196,1.016830832764114,2478,driscoll_kraay,cumulative,twfe_directional_dummies
7,mp_pos_x_ph2m,80.36212894782663,31.929008445572187,128.7952494500811,29.445246500151583,0.007804617340971183,0.6271956651435701,0.24919369299432806,1.0051976372928122,2451,driscoll_kraay,cumulative,twfe_directional_dummies
8,mp_pos_x_ph2m,81.49950145431976,30.552464759443247,132.44653814919627,30.973599024309788,0.007804617340971183,0.6360724223308901,0.23845029627096173,1.0336945483908186,2424,driscoll_kraay,cumulative,twfe_directional_dummies
9,mp_pos_x_ph2m,72.22512326232126,26.10556700735556,118.34467951728696,28.038699309945574,0.007804617340971183,0.5636894494668937,0.20374396096149242,0.923634937972295,2397,driscoll_kraay,cumulative,twfe_directional_dummies
10,mp_pos_x_ph2m,70.86418681702509,20.69215053105001,121.03622310300017,30.502432230983747,0.007804617340971183,0.5530678612859755,0.161494316856619,0.9446414057153321,2370,driscoll_kraay,cumulative,twfe_directional_dummies
11,mp_pos_x_ph2m,58.36652156642478,6.583019621051669,110.15002351179788,31.482133788005978,0.007804617340971183,0.4555283663494874,0.051377949090413405,0.8596787836085613,2343,driscoll_kraay,cumulative,twfe_directional_dummies
12,mp_pos_x_ph2m,61.09724984782762,11.640031424179796,110.55446827147544,30.067853828009323,0.007804617340971183,0.47684065564800443,0.09084599110260314,0.8628353201934057,2316,driscoll_kraay,cumulative,twfe_directional_dummies
13,mp_pos_x_ph2m,49.42522325286433,0.09375375305292977,98.75669275267572,29.99140391065741,0.007804617340971183,0.3857449544806771,7.317121668580257e-4,0.7707581967944961,2289,driscoll_kraay,cumulative,twfe_directional_dummies
14,mp_pos_x_ph2m,66.51068244196367,16.46055549462541,116.56080938930192,30.428316615685645,0.007804617340971183,0.5190904255463773,0.12846833685537198,0.9097125142373825,2262,driscoll_kraay,cumulative,twfe_directional_dummies
15,mp_pos_x_ph2m,79.73437170658389,31.818573849329916,127.65016956383786,29.130736663820876,0.007804617340971183,0.6222962600926467,0.24833179322945248,0.996260726955841,2235,driscoll_kraay,cumulative,twfe_directional_dummies
16,mp_pos_x_ph2m,67.6236005793546,22.168949905408574,113.07825125330064,27.634465419388405,0.007804617340971183,0.5277763257405399,0.17302017086287325,0.8825324806182065,2208,driscoll_kraay,cumulative,twfe_directional_dummies
17,mp_pos_x_ph2m,71.13447827898803,28.15505041828648,114.11390613968958,26.12963679957255,0.007804617340971183,0.5551773827171279,0.21973939473047663,0.8906153707037793,2181,driscoll_kraay,cumulative,twfe_directional_dummies
18,mp_pos_x_ph2m,61.50542769104988,21.85928260474676,101.15157277735301,24.103144764183213,0.007804617340971183,0.4800263275214171,0.1706033360781963,0.789449318964638,2154,driscoll_kraay,cumulative,twfe_directional_dummies
19,mp_pos_x_ph2m,54.14411314279721,13.903843241581754,94.38438304401267,24.464347004417476,0.007804617340971183,0.42257408434578086,0.10851417606939395,0.7366339926221678,2127,driscoll_kraay,cumulative,twfe_directional_dummies
20,mp_pos_x_ph2m,29.564338354710394,-22.26132560084301,81.3900023102638,31.507766470142226,0.007804617340971183,0.2307383477975122,-0.1737411278173451,0.6352178234123695,2100,driscoll_kraay,cumulative,twfe_directional_dummies
21,mp_pos_x_ph2m,20.993668289357952,-29.711857782201275,71.69919436091718,30.826770990884768,0.007804617340971183,0.1638475475817199,-0.23188968047943767,0.5595847756428775,2073,driscoll_kraay,cumulative,twfe_directional_dummies
22,mp_pos_x_ph2m,26.235813759634414,-35.31035469020081,87.78198220946963,37.417413587069916,0.007804617340971183,0.20476048702293312,-0.2755838065309844,0.6851047805768506,2046,driscoll_kraay,cumulative,twfe_directional_dummies
23,mp_pos_x_ph2m,29.230711948509708,-40.14176445991008,98.6031883569295,42.175470979136854,0.007804617340971183,0.22813452136227244,-0.31329111100099494,0.7695601537255398,2019,driscoll_kraay,cumulative,twfe_directional_dummies
24,mp_pos_x_ph2m,49.545361023790974,-24.731797024936725,123.82251907251867,45.157305690714274,0.007804617340971183,0.3866825838109568,-0.1930222119342007,0.9663873795561143,1992,driscoll_kraay,cumulative,twfe_directional_dummies
25,mp_pos_x_ph2m,46.913695419866805,-24.05944940329227,117.88684024302589,43.148608277502994,0.007804617340971183,0.3661434408029329,-0.18777479602715363,0.9200616776330194,1965,driscoll_kraay,cumulative,twfe_directional_dummies
26,mp_pos_x_ph2m,50.66284983066715,-7.80578451900891,109.13148418034321,35.54640570543671,0.007804617340971183,0.3954041563314438,-0.06092116121694134,0.851729473879829,1938,driscoll_kraay,cumulative,twfe_directional_dummies
27,mp_pos_x_ph2m,50.055489090273625,-11.451864900145203,111.56284308069246,37.393816071290765,0.007804617340971183,0.39066393816474343,-0.08937742338613248,0.8707052997156194,1911,driscoll_kraay,cumulative,twfe_directional_dummies
28,mp_pos_x_ph2m,39.811073376972296,-13.983562618352245,93.60570937229684,32.70481647356434,0.007804617340971183,0.3107101936405942,-0.10913635529974834,0.7305567425809367,1884,driscoll_kraay,cumulative,twfe_directional_dummies
29,mp_pos_x_ph2m,22.13821946376697,-25.544286688612974,69.82072561614692,28.988905378014362,0.007804617340971183,0.17278033152514147,-0.19936338285268818,0.5449240459029712,1857,driscoll_kraay,cumulative,twfe_directional_dummies
30,mp_pos_x_ph2m,10.097719148657642,-32.487242066595215,52.68268036391051,25.889818107510703,0.007804617340971183,0.0788088339718702,-0.2535504927932775,0.411168160737018,1830,driscoll_kraay,cumulative,twfe_directional_dummies
31,mp_pos_x_ph2m,6.806003250313964,-37.76860130378626,51.38060780441419,27.0994353684307,0.007804617340971183,0.0531182509901066,-0.2947694806797571,0.4010059826599703,1803,driscoll_kraay,cumulative,twfe_directional_dummies
32,mp_pos_x_ph2m,5.3111502980783305,-42.08097973555784,52.7032803317145,28.812369232800062,0.007804617340971183,0.04145149571688641,-0.3284259441691917,0.4113289356029645,1776,driscoll_kraay,cumulative,twfe_directional_dummies
33,mp_pos_x_ph2m,-6.404690037123598,-46.32870739866371,33.51932732441651,24.272079112312404,0.007804617340971183,-0.0499861549272802,-0.36157783314839076,0.2616055232938303,1749,driscoll_kraay,cumulative,twfe_directional_dummies
34,mp_pos_x_ph2m,0.3355994230809558,-46.411262337839645,47.08246118400156,28.420073977986725,0.007804617340971183,0.0026192250769975526,-0.3622221428582661,0.3674605930122612,1722,driscoll_kraay,cumulative,twfe_directional_dummies
35,mp_pos_x_ph2m,10.7672649925323,-37.22867322950587,58.76320321457047,29.179458546103323,0.007804617340971183,0.08403438307554956,-0.2905555486683512,0.45862431481945026,1695,driscoll_kraay,cumulative,twfe_directional_dummies
36,mp_pos_x_ph2m,4.704360426951904,-39.90169000517287,49.31041085907667,27.11855310481118,0.007804617340971183,0.03671573296636743,-0.3114174217484287,0.38484888768116354,1668,driscoll_kraay,cumulative,twfe_directional_dummies
37,mp_pos_x_ph2m,-9.73167136456951,-42.42636796153145,22.963025232392432,19.87696416340549,0.007804617340971183,-0.0759519710885519,-0.3311215671069926,0.17921762492988882,1641,driscoll_kraay,cumulative,twfe_directional_dummies
38,mp_pos_x_ph2m,-6.350061474748067,-38.69160021028277,25.991477260786638,19.662259428807452,0.007804617340971183,-0.04955979990205181,-0.3019731339510972,0.20285353414699359,1614,driscoll_kraay,cumulative,twfe_directional_dummies
39,mp_pos_x_ph2m,-13.913956944531122,-45.255354802998525,17.427440913936277,19.054216949720153,0.007804617340971183,-0.10859310965081402,-0.3532007268672858,0.13601450756565775,1587,driscoll_kraay,cumulative,twfe_directional_dummies
40,mp_pos_x_ph2m,-6.58234769162767,-36.95923903319191,23.79454364993657,18.467838623345454,0.007804617340971183,-0.051372704938378956,-0.28845271786754867,0.18570730799079072,1560,driscoll_kraay,cumulative,twfe_directional_dummies
41,mp_pos_x_ph2m,-3.9866549509986946,-32.144342254925505,24.171032352928112,17.11865836725759,0.007804617340971183,-0.031114316363033034,-0.25087429097690433,0.18864565825083826,1533,driscoll_kraay,cumulative,twfe_directional_dummies
42,mp_pos_x_ph2m,-1.4686026631612783,-28.40504208931508,25.467836762992526,16.376192376507746,0.007804617340971183,-0.011461881811904974,-0.22169048406128483,0.19876672043747487,1506,driscoll_kraay,cumulative,twfe_directional_dummies
43,mp_pos_x_ph2m,-0.382072525979876,-27.929093406698456,27.164948354738705,16.747399543249028,0.007804617340971183,-0.0029819298617712034,-0.21797588671952273,0.21201202699598032,1479,driscoll_kraay,cumulative,twfe_directional_dummies
44,mp_pos_x_ph2m,2.5881023902517515,-23.65870503402332,28.834909814526824,15.956925889460582,0.007804617340971183,0.02019914879516779,-0.18464713957346063,0.2250454371637962,1452,driscoll_kraay,cumulative,twfe_directional_dummies
45,mp_pos_x_ph2m,-1.1156374127838806,-27.95525195518149,25.723977129613733,16.317327026929107,0.007804617340971183,-0.0087071230980493,-0.21818004418062806,0.20076579798452945,1425,driscoll_kraay,cumulative,twfe_directional_dummies
46,mp_pos_x_ph2m,-1.6395322260187029,-28.637118956564432,25.35805450452703,16.413367297965806,0.007804617340971183,-0.012795921642266653,-0.22350175520385737,0.19790991191932408,1398,driscoll_kraay,cumulative,twfe_directional_dummies
47,mp_pos_x_ph2m,4.914343693013989,-19.75394257047696,29.582629956504938,14.997253165444576,0.007804617340971183,0.038354572005989344,-0.15417196273809333,0.23088110675007203,1371,driscoll_kraay,cumulative,twfe_directional_dummies
48,mp_pos_x_ph2m,1.5706157230255802,-19.93960020706456,23.08083165311572,13.077282730595675,0.007804617340971183,0.012258054707927436,-0.15562094954808867,0.18013705896394352,1344,driscoll_kraay,cumulative,twfe_directional_dummies
0,mp_neg_x_ph2m,0.278427547211672,-4.868106110018078,5.424961204441423,3.1288702975766913,0.011530562940861485,0.003210426357593867,-0.05613200390435582,0.06255285661954356,2640,driscoll_kraay,cumulative,twfe_directional_dummies
1,mp_neg_x_ph2m,-7.169724705633072,-16.10239679545929,1.7629473841931436,5.43067902423743,0.011530562940861485,-0.08267096198695173,-0.18566969974876962,0.020327775774866157,2613,driscoll_kraay,cumulative,twfe_directional_dummies
2,mp_neg_x_ph2m,-8.847832927471918,-23.627741678890587,5.932075823946748,8.985546500457527,0.011530562940861485,-0.10202049446044169,-0.27244116257886414,0.06840017365798073,2586,driscoll_kraay,cumulative,twfe_directional_dummies
3,mp_neg_x_ph2m,-8.368040125991648,-23.66390547666581,6.9278252246825165,9.29922583994487,0.011530562940861485,-0.09648821336440117,-0.2728581515252919,0.07988172479648961,2559,driscoll_kraay,cumulative,twfe_directional_dummies
4,mp_neg_x_ph2m,-11.382082012503062,-27.046591179815678,4.282427154809552,9.523345366812245,0.011530562940861485,-0.13124181304321392,-0.3118624219346138,0.049378795848185913,2532,driscoll_kraay,cumulative,twfe_directional_dummies
5,mp_neg_x_ph2m,-18.82258491885508,-41.3453913543216,3.7002215166114425,13.692894046268238,0.011530562940861485,-0.21703500011656865,-0.47673563732555546,0.04266563709241818,2505,driscoll_kraay,cumulative,twfe_directional_dummies
6,mp_neg_x_ph2m,-21.511603810329795,-46.04806200036322,3.0248543797036227,14.917107387548304,0.011530562940861485,-0.24804090169388346,-0.5309600771998801,0.03487827381211315,2478,driscoll_kraay,cumulative,twfe_directional_dummies
7,mp_neg_x_ph2m,-31.08162371517998,-60.577293397204144,-1.5859540331558115,17.93209389499944,0.011530562940861485,-0.3583886185520557,-0.6984902943034953,-0.01828694280061621,2451,driscoll_kraay,cumulative,twfe_directional_dummies
8,mp_neg_x_ph2m,-34.85885005099631,-68.44903296269936,-1.2686671392932567,20.421381186335843,0.011530562940861485,-0.40194216455906556,-0.7892558828175075,-0.014628446300623581,2424,driscoll_kraay,cumulative,twfe_directional_dummies
9,mp_neg_x_ph2m,-25.78415395160111,-55.47330787448004,3.904999971277821,18.049723961094355,0.011530562940861485,-0.297305810015799,-0.6396384679844792,0.045026847952881206,2397,driscoll_kraay,cumulative,twfe_directional_dummies
10,mp_neg_x_ph2m,-26.424097849752794,-52.08014367908217,-0.7680520204234185,15.59776834178225,0.011530562940861485,-0.3046847234120572,-0.6005133746607664,-0.008856072163348057,2370,driscoll_kraay,cumulative,twfe_directional_dummies
11,mp_neg_x_ph2m,-17.250622456147717,-40.697654435902614,6.19640952360718,14.254783280145729,0.011530562940861485,-0.1989093879996498,-0.46926686601860573,0.07144809001930612,2343,driscoll_kraay,cumulative,twfe_directional_dummies
12,mp_neg_x_ph2m,-20.814369425510193,-45.24747464418195,3.6187357931615622,14.8542732425106,0.011530562940861485,-0.2400013967351882,-0.5217288542997741,0.041726060829397706,2316,driscoll_kraay,cumulative,twfe_directional_dummies
13,mp_neg_x_ph2m,-24.60004393501541,-49.979710518018244,0.7796226479874235,15.429741690779405,0.011530562940861485,-0.28365235494065305,-0.5762941978940461,0.008989488012740085,2289,driscoll_kraay,cumulative,twfe_directional_dummies
14,mp_neg_x_ph2m,-23.27681549838404,-50.55857451244762,4.004943515679546,16.586131779170454,0.011530562940861485,-0.26839478616693724,-0.5829688256160126,0.04617925328213808,2262,driscoll_kraay,cumulative,twfe_directional_dummies
15,mp_neg_x_ph2m,-21.46079918121704,-50.35280905731764,7.431210694883564,17.565094791837677,0.011530562940861485,-0.2474550957202117,-0.5805962340845814,0.08568604264415795,2235,driscoll_kraay,cumulative,twfe_directional_dummies
16,mp_neg_x_ph2m,-27.77990931163995,-56.53597641400913,0.9761577907292285,17.48244745379862,0.011530562940861485,-0.3203179928092885,-0.6518916344647927,0.011255648846215664,2208,driscoll_kraay,cumulative,twfe_directional_dummies
17,mp_neg_x_ph2m,-26.017782966954265,-54.01656730046501,1.9810013665564874,17.02205222078208,0.011530562940861485,-0.29999968408214,-0.6228414291072922,0.022842060943012193,2181,driscoll_kraay,cumulative,twfe_directional_dummies
18,mp_neg_x_ph2m,-23.839338128592583,-53.17324008003358,5.494563822848409,17.833746098008536,0.011530562940861485,-0.2748809887602158,-0.6131173915123658,0.06335541399193408,2154,driscoll_kraay,cumulative,twfe_directional_dummies
19,mp_neg_x_ph2m,-31.15866538597542,-57.99975221776569,-4.3175785541851575,16.31822211532392,0.011530562940861485,-0.35927695238623175,-0.6687697935013178,-0.04978411127114569,2127,driscoll_kraay,cumulative,twfe_directional_dummies
20,mp_neg_x_ph2m,-30.14236930184822,-56.353685601637324,-3.931053002059116,15.935348817857106,0.011530562940861485,-0.347558486421652,-0.6497897187791988,-0.04532725406410513,2100,driscoll_kraay,cumulative,twfe_directional_dummies
21,mp_neg_x_ph2m,-24.85742637818484,-50.67070788663433,0.9558551302646521,15.693360847123612,0.011530562940861485,-0.28662011940149085,-0.5842617865448436,0.011021547741861926,2073,driscoll_kraay,cumulative,twfe_directional_dummies
22,mp_neg_x_ph2m,-28.5566341142628,-53.40773308949383,-3.705535139031767,15.108395402507277,0.011530562940861485,-0.32927406703365947,-0.6158212279171392,-0.042726906150179704,2046,driscoll_kraay,cumulative,twfe_directional_dummies
23,mp_neg_x_ph2m,-17.619768760498996,-43.14124044744358,7.901702926445587,15.51595307252075,0.011530562940861485,-0.20316585269635862,-0.4974427883260875,0.09111108293337024,2019,driscoll_kraay,cumulative,twfe_directional_dummies
24,mp_neg_x_ph2m,-10.29208251821824,-36.280926907172656,15.696761870736172,15.800095499756688,0.011530562940861485,-0.1186735052688556,-0.4183395112559493,0.1809925007182381,1992,driscoll_kraay,cumulative,twfe_directional_dummies
25,mp_neg_x_ph2m,-15.648928913491874,-42.09699548826077,10.799137661277017,16.079282764988058,0.011530562940861485,-0.1804409597940852,-0.48540205609855275,0.12452013651038235,1965,driscoll_kraay,cumulative,twfe_directional_dummies
26,mp_neg_x_ph2m,-16.495520503180547,-41.56930243022092,8.578261423859828,15.243777024410047,0.011530562940861485,-0.1902026374041944,-0.47931745807936865,0.09891218327097982,1938,driscoll_kraay,cumulative,twfe_directional_dummies
27,mp_neg_x_ph2m,-14.82927294219405,-40.74401423954073,11.085468355152633,15.755044018947986,0.011530562940861485,-0.1709898650271827,-0.469801420652381,0.12782169059801568,1911,driscoll_kraay,cumulative,twfe_directional_dummies
28,mp_neg_x_ph2m,-21.529879848150234,-46.0456758500242,2.9859161537237355,14.90454566909452,0.011530562940861485,-0.2482516346982816,-0.5309325635432097,0.03442929414664657,1884,driscoll_kraay,cumulative,twfe_directional_dummies
29,mp_neg_x_ph2m,-24.903244795613404,-46.425599926956814,-3.3808896642699935,13.084662840931554,0.011530562940861485,-0.2871484315475016,-0.5353133020250299,-0.038983561069973215,1857,driscoll_kraay,cumulative,twfe_directional_dummies
30,mp_neg_x_ph2m,-31.638410400502266,-57.313396286949825,-5.963424514054708,15.609283078904049,0.011530562940861485,-0.36480868247179804,-0.6608557232412119,-0.06876164170238412,1830,driscoll_kraay,cumulative,twfe_directional_dummies
31,mp_neg_x_ph2m,-18.82392815731944,-40.857270818301885,3.2094145036630017,13.39532120059732,0.011530562940861485,-0.21705048841222657,-0.47110733276225314,0.03700635593779997,1803,driscoll_kraay,cumulative,twfe_directional_dummies
32,mp_neg_x_ph2m,-26.922762569718817,-48.259910801327194,-5.585614338110439,12.972065040920443,0.011530562940861485,-0.31043460835201253,-0.5564639390150643,-0.06440527768896077,1776,driscoll_kraay,cumulative,twfe_directional_dummies
33,mp_neg_x_ph2m,-43.060098547319846,-74.3130725129024,-11.807124581737302,19.000459039936572,0.011530562940861485,-0.4965071765395697,-0.8568715599388247,-0.1361427931403148,1749,driscoll_kraay,cumulative,twfe_directional_dummies
34,mp_neg_x_ph2m,-20.7177186573062,-52.835606957082064,11.400169642469663,19.526289618427818,0.011530562940861485,-0.23888695896912945,-0.6092242915372538,0.13145037359899484,1722,driscoll_kraay,cumulative,twfe_directional_dummies
35,mp_neg_x_ph2m,-11.687250679675367,-48.760896792737284,25.386395433386554,22.539176438315206,0.011530562940861485,-0.134760579567623,-0.5622405895215082,0.29271943038626225,1695,driscoll_kraay,cumulative,twfe_directional_dummies
36,mp_neg_x_ph2m,12.033607715588431,-28.16963224855602,52.23684767973288,24.441834401189897,0.011530562940861485,0.1387542711702288,-0.3248117176628966,0.6023202600033543,1668,driscoll_kraay,cumulative,twfe_directional_dummies
37,mp_neg_x_ph2m,6.512078554452736,-43.08945484869954,56.11361195760501,30.15559110574626,0.011530562940861485,0.07508793164795155,-0.4968456712203391,0.6470215345162422,1641,driscoll_kraay,cumulative,twfe_directional_dummies
38,mp_neg_x_ph2m,-16.429988286846804,-69.58077395639812,36.720797382704504,32.313383269281886,0.011530562940861485,-0.18944701405910405,-0.8023054935781041,0.423411465459896,1614,driscoll_kraay,cumulative,twfe_directional_dummies
39,mp_neg_x_ph2m,-31.469775254301705,-100.93769507719996,37.998144568596544,42.23349645503003,0.011530562940861485,-0.36286422430449106,-1.1638684461931386,0.43813999758415645,1587,driscoll_kraay,cumulative,twfe_directional_dummies
40,mp_neg_x_ph2m,14.662826701673435,-57.10712584745727,86.43277925080415,43.63303297822752,0.011530562940861485,0.16907064617458994,-0.6584773089558038,0.9966186013049838,1560,driscoll_kraay,cumulative,twfe_directional_dummies
41,mp_neg_x_ph2m,21.703828668900464,-55.804014211179826,99.21167154898075,47.12142260568881,0.011530562940861485,0.25025736252443076,-0.6434516982147378,1.143966423263599,1533,driscoll_kraay,cumulative,twfe_directional_dummies
42,mp_neg_x_ph2m,27.99939324859112,-43.92942255992644,99.92820905710867,43.72961498211153,0.011530562940861485,0.32284876615881203,-0.5065309717829323,1.1522285041005562,1506,driscoll_kraay,cumulative,twfe_directional_dummies
43,mp_neg_x_ph2m,30.396909010491044,-39.07375485774811,99.8675728787302,42.2351647161421,0.011530562940861485,0.3504934725531066,-0.4505423897230568,1.1515293348292701,1479,driscoll_kraay,cumulative,twfe_directional_dummies
44,mp_neg_x_ph2m,31.188530930195906,-30.70941532094115,93.08647718133297,37.63127930468627,0.011530562940861485,0.3596213189236291,-0.35409684623516796,1.0733394840824262,1452,driscoll_kraay,cumulative,twfe_directional_dummies
45,mp_neg_x_ph2m,39.4485721388687,-18.109809176989657,97.00695345472705,34.993011154758825,0.011530562940861485,0.45486424397434033,-0.2088162945622702,1.118544782510951,1425,driscoll_kraay,cumulative,twfe_directional_dummies
46,mp_neg_x_ph2m,38.798720044242806,-25.3908402564225,102.9882803449081,39.02448172220196,0.011530562940861485,0.4473710834950058,-0.2927706816980392,1.1875128486880506,1398,driscoll_kraay,cumulative,twfe_directional_dummies
47,mp_neg_x_ph2m,34.06138679960581,-23.459762023308187,91.58253562251981,34.9703754063042,0.011530562940861485,0.3927469643458834,-0.270504262587387,1.0559981912791538,1371,driscoll_kraay,cumulative,twfe_directional_dummies
48,mp_neg_x_ph2m,45.21707585289905,-16.508291124214068,106.94244283001217,37.52635855599704,0.011530562940861485,0.5213783391235606,-0.19034988985381532,1.2331065681009363,1344,driscoll_kraay,cumulative,twfe_directional_dummies
0,mp_pos_x_wh2m,-5.324473799430382,-14.663784057251064,4.014836458390302,5.677897476585753,0.009145853557827039,-0.04869685764207721,-0.13411282159121704,0.03671910630706265,2640,driscoll_kraay,cumulative,twfe_directional_dummies
1,mp_pos_x_wh2m,-6.5748238553542695,-21.573488913925356,8.423841203216817,9.11854089191463,0.009145853557827039,-0.060132376149577935,-0.19730797033816638,0.07704321803901053,2613,driscoll_kraay,cumulative,twfe_directional_dummies
2,mp_pos_x_wh2m,-12.3941506559313,-32.75290956082416,7.9646082489615555,12.377246565474184,0.009145853557827039,-0.11335508687279361,-0.2995533144360509,0.07284314069046362,2586,driscoll_kraay,cumulative,twfe_directional_dummies
3,mp_pos_x_wh2m,-21.453858685397503,-44.545140655027566,1.6374232842325647,14.038502631037657,0.009145853557827039,-0.19621384978696127,-0.4074033331436897,0.014975633569767235,2559,driscoll_kraay,cumulative,twfe_directional_dummies
4,mp_pos_x_wh2m,-24.61391324597243,-51.837034986183724,2.6092084942388674,16.550482847927274,0.009145853557827039,-0.22511524603272304,-0.4740939308555931,0.023863438790147077,2532,driscoll_kraay,cumulative,twfe_directional_dummies
5,mp_pos_x_wh2m,-38.89371573368134,-74.72093783745558,-3.0664936299071073,21.7814044464099,0.009145853557827039,-0.35571622842000294,-0.6833867551648661,-0.028045701675139867,2505,driscoll_kraay,cumulative,twfe_directional_dummies
6,mp_pos_x_wh2m,-40.386114644859376,-78.80613067544627,-1.9660986142724894,23.357711227954997,0.009145853557827039,-0.3693654903114978,-0.7207493306166128,-0.017981650006382858,2478,driscoll_kraay,cumulative,twfe_directional_dummies
7,mp_pos_x_wh2m,-48.49833026938327,-82.37281772660708,-14.623842812159445,20.594226077128763,0.009145853557827039,-0.4435586264429097,-0.7533697280731275,-0.13374752481269184,2451,driscoll_kraay,cumulative,twfe_directional_dummies
8,mp_pos_x_wh2m,-43.31265258464043,-82.34193651265906,-4.283368656621803,23.728119808663145,0.009145853557827039,-0.39613117774016016,-0.753087293012671,-0.039175062467649346,2424,driscoll_kraay,cumulative,twfe_directional_dummies
9,mp_pos_x_wh2m,-34.98823760392921,-73.71567540389066,3.739200196032243,23.544610392924668,0.009145853557827039,-0.3199972973719937,-0.6741927721602965,0.03419817741630905,2397,driscoll_kraay,cumulative,twfe_directional_dummies
10,mp_pos_x_wh2m,-36.73405301387889,-80.9094571166984,7.441351088940628,26.856738726772335,0.009145853557827039,-0.3359642694503913,-0.7399860462326103,0.06805750733182775,2370,driscoll_kraay,cumulative,twfe_directional_dummies
11,mp_pos_x_wh2m,-29.568623307983604,-70.51436705169752,11.377120435730308,24.89324464669946,0.009145853557827039,-0.27043029868136936,-0.6449140747776895,0.10405347741495075,2343,driscoll_kraay,cumulative,twfe_directional_dummies
12,mp_pos_x_wh2m,-29.282843441148458,-67.41573289862622,8.850046016329301,23.18315066620989,0.009145853557827039,-0.2678165978695198,-0.6165744205844179,0.08094122484537836,2316,driscoll_kraay,cumulative,twfe_directional_dummies
13,mp_pos_x_wh2m,-28.06814373517454,-66.72429092604672,10.588003455697642,23.501268780077694,0.009145853557827039,-0.2567071322419468,-0.6102505935594708,0.09683632907557727,2289,driscoll_kraay,cumulative,twfe_directional_dummies
14,mp_pos_x_wh2m,-35.778068826335954,-71.43257804639794,-0.12355960627396456,21.676402468797857,0.009145853557827039,-0.32722097806752537,-0.6533118980704061,-0.0011300580646444469,2262,driscoll_kraay,cumulative,twfe_directional_dummies
15,mp_pos_x_wh2m,-39.95329150224524,-69.8167894710092,-10.089793533481288,18.155717614893295,0.009145853557827039,-0.36540695323271044,-0.6385341323794909,-0.09227977408593009,2235,driscoll_kraay,cumulative,twfe_directional_dummies
16,mp_pos_x_wh2m,-38.43197076920096,-66.23529878246573,-10.628642755936188,16.9032232155482,0.009145853557827039,-0.35149317659380136,-0.6057783430233512,-0.09720801016425157,2208,driscoll_kraay,cumulative,twfe_directional_dummies
17,mp_pos_x_wh2m,-40.16583176967807,-66.80131060353546,-13.530352935820694,16.19322132828492,0.009145853557827039,-0.3673508153937925,-0.6109550042508538,-0.12374662653673121,2181,driscoll_kraay,cumulative,twfe_directional_dummies
18,mp_pos_x_wh2m,-35.70812429193781,-61.187263930283635,-10.228984653591983,15.490217014366312,0.009145853557827039,-0.3265812755987495,-0.5596097555104866,-0.09355279568701241,2154,driscoll_kraay,cumulative,twfe_directional_dummies
19,mp_pos_x_wh2m,-29.040108990987857,-53.95396527878843,-4.126252703187287,15.14654913943635,0.009145853557827039,-0.2655965841349113,-0.49345506530388367,-0.03773810296593889,2127,driscoll_kraay,cumulative,twfe_directional_dummies
20,mp_pos_x_wh2m,-18.26570142840288,-50.29168482601226,13.760281969206492,19.47041540526952,0.009145853557827039,-0.1670554303951649,-0.4599603845951003,0.12584952380477044,2100,driscoll_kraay,cumulative,twfe_directional_dummies
21,mp_pos_x_wh2m,-14.634068696173074,-47.82318377617711,18.555046383830962,20.177549257994386,0.009145853557827039,-0.1338410492503798,-0.43738383548596577,0.16970173698520613,2073,driscoll_kraay,cumulative,twfe_directional_dummies
22,mp_pos_x_wh2m,-21.591149612370216,-61.65021959550239,18.46792037076196,24.354185276276894,0.009145853557827039,-0.19746949249987203,-0.5638438802283438,0.16890489522859972,2046,driscoll_kraay,cumulative,twfe_directional_dummies
23,mp_pos_x_wh2m,-12.99309723024243,-60.63755174904165,34.65135728855678,28.965771627413552,0.009145853557827039,-0.11883296453040537,-0.5545821684018938,0.31691623934108293,2019,driscoll_kraay,cumulative,twfe_directional_dummies
24,mp_pos_x_wh2m,-33.83644358161285,-78.99388052077211,11.320993357546413,27.453772298786774,0.009145853557827039,-0.30946315791510776,-0.7224664632074675,0.10354014737725213,1992,driscoll_kraay,cumulative,twfe_directional_dummies
25,mp_pos_x_wh2m,-38.38105450890838,-79.5320917258355,2.7699827080187447,25.018054216286327,0.009145853557827039,-0.35102750393345317,-0.727388864072159,0.025333856205252612,1965,driscoll_kraay,cumulative,twfe_directional_dummies
26,mp_pos_x_wh2m,-34.754989069703626,-66.80307750755378,-2.7069006318534647,19.483854315503592,0.009145853557827039,-0.31786404043538874,-0.6109711640962562,-0.02475691677452127,1938,driscoll_kraay,cumulative,twfe_directional_dummies
27,mp_pos_x_wh2m,-33.9632680869944,-66.99100030269902,-0.9355358712897726,20.079435443090066,0.009145853557827039,-0.3106230762688712,-0.6126898784608321,-0.008556274076910385,1911,driscoll_kraay,cumulative,twfe_directional_dummies
28,mp_pos_x_wh2m,-31.67018995610007,-60.57927894547839,-2.7611009667217523,17.575478155437857,0.009145853557827039,-0.28965091948705596,-0.5540492138741002,-0.025252625100011816,1884,driscoll_kraay,cumulative,twfe_directional_dummies
29,mp_pos_x_wh2m,-19.168124217255468,-47.08567851459592,8.749430080084984,16.972667865335904,0.009145853557827039,-0.17530885706925653,-0.4306387203654172,0.08002100622690417,1857,driscoll_kraay,cumulative,twfe_directional_dummies
30,mp_pos_x_wh2m,-18.74680833353209,-51.2282202746361,13.734603607571916,19.747296299734707,0.009145853557827039,-0.17145556369513604,-0.4685258006599278,0.1256146732696557,1830,driscoll_kraay,cumulative,twfe_directional_dummies
31,mp_pos_x_wh2m,-20.66656896103748,-53.38524014132733,12.052102219252365,19.891539675131927,0.009145853557827039,-0.18901341326038248,-0.4882535884820094,0.1102267619612444,1803,driscoll_kraay,cumulative,twfe_directional_dummies
32,mp_pos_x_wh2m,-16.813893475072536,-51.11717384060907,17.489386890463994,20.85491365521279,0.009145853557827039,-0.153777407459917,-0.46751018623619767,0.1599553713163637,1776,driscoll_kraay,cumulative,twfe_directional_dummies
33,mp_pos_x_wh2m,-9.409961789420619,-40.834133804453536,22.014210225612295,19.104540063709894,0.009145853557827039,-0.08606213251078905,-0.3734630079362467,0.20133874291466858,1749,driscoll_kraay,cumulative,twfe_directional_dummies
34,mp_pos_x_wh2m,-19.272253600024545,-52.598888869691606,14.05438166964252,20.261155596825827,0.009145853557827039,-0.17626120915512944,-0.481061734906618,0.12853931659635917,1722,driscoll_kraay,cumulative,twfe_directional_dummies
35,mp_pos_x_wh2m,-19.22498010248828,-52.98233444972096,14.532374244744396,20.523014202666573,0.009145853557827039,-0.17582885266949647,-0.48456867202896253,0.13291096668996957,1695,driscoll_kraay,cumulative,twfe_directional_dummies
36,mp_pos_x_wh2m,-9.993032282431875,-39.512476641191185,19.52641207632744,17.946547872147065,0.009145853557827039,-0.09139480985376001,-0.36137532506739617,0.17858570535987617,1668,driscoll_kraay,cumulative,twfe_directional_dummies
37,mp_pos_x_wh2m,0.8509239598687002,-25.75420729853814,27.456055218275544,16.17477131245781,0.009145853557827039,0.007782425925805424,-0.23554420845035015,0.251109060301961,1641,driscoll_kraay,cumulative,twfe_directional_dummies
38,mp_pos_x_wh2m,5.884263745602794,-20.8869940611585,32.65552155236409,16.275769082491824,0.009145853557827039,0.053816614512913974,-0.1910293889465587,0.2986626179723867,1614,driscoll_kraay,cumulative,twfe_directional_dummies
39,mp_pos_x_wh2m,12.229615451131282,-13.467372585181527,37.92660348744409,15.622659436231375,0.009145853557827039,0.11185027198458557,-0.1231706174727648,0.3468711614419359,1587,driscoll_kraay,cumulative,twfe_directional_dummies
40,mp_pos_x_wh2m,4.9814997557233776,-20.739270449198887,30.70226996064564,15.63711796811517,0.009145853557827039,0.045560067264197174,-0.18967833042454282,0.28079846495293714,1560,driscoll_kraay,cumulative,twfe_directional_dummies
41,mp_pos_x_wh2m,7.184917009722109,-16.856997550409524,31.226831569853744,14.616446209071068,0.009145853557827039,0.06571219879605895,-0.15417163102069462,0.2855960286128125,1533,driscoll_kraay,cumulative,twfe_directional_dummies
42,mp_pos_x_wh2m,1.6691852239706795,-18.418034500197198,21.756404948138556,12.21216246542071,0.009145853557827039,0.015266123619324562,-0.16844864636180967,0.1989808936004588,1506,driscoll_kraay,cumulative,twfe_directional_dummies
43,mp_pos_x_wh2m,-3.9660699861202486,-24.16258510262395,16.23044513038345,12.27860934588775,0.009145853557827039,-0.03627309529314891,-0.22098746492713187,0.148441274340834,1479,driscoll_kraay,cumulative,twfe_directional_dummies
44,mp_pos_x_wh2m,-3.9734121437262577,-21.109992148102133,13.163167860649619,10.418300889262932,0.009145853557827039,-0.036340245591411954,-0.19306889679342074,0.12038840561059684,1452,driscoll_kraay,cumulative,twfe_directional_dummies
45,mp_pos_x_wh2m,1.182974760126022,-18.762151302306147,21.128100822558192,12.125775652997126,0.009145853557827039,0.010819313918718166,-0.1715958882406859,0.19323451607812223,1425,driscoll_kraay,cumulative,twfe_directional_dummies
46,mp_pos_x_wh2m,1.662900675218277,-18.017935255430356,21.343736605866912,11.965098661772464,0.009145853557827039,0.015208646056758063,-0.16478939726057495,0.1952066893740911,1398,driscoll_kraay,cumulative,twfe_directional_dummies
47,mp_pos_x_wh2m,-0.37731878488964876,-16.36937231619933,15.614734746420032,9.722478200658458,0.009145853557827039,-0.0034509023512179693,-0.14971188203750707,0.14281007733507114,1371,driscoll_kraay,cumulative,twfe_directional_dummies
48,mp_pos_x_wh2m,-1.9310975500854257,-19.773543291369787,15.911348191198936,10.847436786428883,0.009145853557827039,-0.017661535398959868,-0.18084593126222134,0.1455228604643016,1344,driscoll_kraay,cumulative,twfe_directional_dummies
0,mp_neg_x_wh2m,1.4588694766490227,-3.3111276015429754,6.22886655484102,2.8999523118860036,0.01350869769370419,0.01970742673462409,-0.04472902179452388,0.08414387526377205,2640,driscoll_kraay,cumulative,twfe_directional_dummies
1,mp_neg_x_wh2m,-0.799734029027269,-5.943580442428402,4.344112384373865,3.1272365693320707,0.01350869769370419,-0.010803365233497429,-0.08029003141497788,0.05868330094798304,2613,driscoll_kraay,cumulative,twfe_directional_dummies
2,mp_neg_x_wh2m,7.025556350937614,-2.939904600252624,16.99101730212785,6.058570068426065,0.01350869769370419,0.09490611687489976,-0.03971428249314296,0.22952651624294249,2586,driscoll_kraay,cumulative,twfe_directional_dummies
3,mp_neg_x_wh2m,6.256462253290902,-3.0967477069735523,15.609672213555356,5.686347895647984,0.01350869769370419,0.08451665721177813,-0.041833028607177365,0.21086634303073362,2559,driscoll_kraay,cumulative,twfe_directional_dummies
4,mp_neg_x_wh2m,5.762986181685077,-5.205352728682904,16.73132509205306,6.668276575281906,0.01350869769370419,0.07785043814137832,-0.07031753640087555,0.22601841268363218,2532,driscoll_kraay,cumulative,twfe_directional_dummies
5,mp_neg_x_wh2m,12.265799377890833,-1.7338291330956128,26.265427888877277,8.511169797481,0.01350869769370419,0.16569497576755218,-0.02342177361152584,0.3548117251466302,2505,driscoll_kraay,cumulative,twfe_directional_dummies
6,mp_neg_x_wh2m,13.215540589773099,-4.463979239065743,30.89506041861194,10.74838486486217,0.01350869769370419,0.17852474268612195,-0.06030254605151079,0.4173520314237547,2478,driscoll_kraay,cumulative,twfe_directional_dummies
7,mp_neg_x_wh2m,16.759114903609138,-3.848932897239905,37.36716270445818,12.528803452890491,0.01350869769370419,0.22639381684690826,-0.05199407095216689,0.5047817046459835,2451,driscoll_kraay,cumulative,twfe_directional_dummies
8,mp_neg_x_wh2m,24.175277847328076,-6.6173234686549804,54.96787916331113,18.72057234238724,0.01350869769370419,0.32657652010085875,-0.08939142227951415,0.7425444624812316,2424,driscoll_kraay,cumulative,twfe_directional_dummies
9,mp_neg_x_wh2m,16.76692828441937,-9.08175017638234,42.615606745221086,15.714880666135002,0.01350869769370419,0.2264993654462395,-0.12268261766249372,0.5756813485549728,2397,driscoll_kraay,cumulative,twfe_directional_dummies
10,mp_neg_x_wh2m,10.830231542359774,-9.713107752672341,31.37357083739189,12.489463474696285,0.01350869769370419,0.14630232385855785,-0.13121143629722515,0.42381608401434084,2370,driscoll_kraay,cumulative,twfe_directional_dummies
11,mp_neg_x_wh2m,6.481559714701604,-11.551761107903637,24.514880537306844,10.963480596159625,0.01350869769370419,0.08755743076959555,-0.1560492486365596,0.3311641101757507,2343,driscoll_kraay,cumulative,twfe_directional_dummies
12,mp_neg_x_wh2m,7.1902624356781315,-9.74460693134607,24.125131802702334,10.295669529215706,0.01350869769370419,0.09713108158197305,-0.1316369491795285,0.32589911234347463,2316,driscoll_kraay,cumulative,twfe_directional_dummies
13,mp_neg_x_wh2m,6.910384888071423,-10.02251074753693,23.843280523679777,10.294469585717081,0.01350869769370419,0.09335030040009872,-0.13539106782037758,0.32209166862057503,2289,driscoll_kraay,cumulative,twfe_directional_dummies
14,mp_neg_x_wh2m,8.057103575220768,-9.796483567770558,25.910690718212095,10.854210277713705,0.01350869769370419,0.10884097648452058,-0.13233773497835313,0.3500196879473943,2262,driscoll_kraay,cumulative,twfe_directional_dummies
15,mp_neg_x_wh2m,7.5566533643595015,-11.24932576755754,26.362632496276543,11.433223494039131,0.01350869769370419,0.1020805458752452,-0.15196374105193167,0.3561248328024221,2235,driscoll_kraay,cumulative,twfe_directional_dummies
16,mp_neg_x_wh2m,9.775801014571256,-9.04416180948663,28.59576383862914,11.441724975211507,0.01350869769370419,0.1320583406196498,-0.12217484777729955,0.38629152901659913,2208,driscoll_kraay,cumulative,twfe_directional_dummies
17,mp_neg_x_wh2m,10.399939218851129,-7.813309908422392,28.61318834612465,11.072869238237008,0.01350869769370419,0.140489634940358,-0.10554764154010166,0.3865269114208177,2181,driscoll_kraay,cumulative,twfe_directional_dummies
18,mp_neg_x_wh2m,10.609313327314297,-8.302467605294247,29.52109425992284,11.497546421598097,0.01350869769370419,0.14331800647647577,-0.11215552499169214,0.39879153794464367,2154,driscoll_kraay,cumulative,twfe_directional_dummies
19,mp_neg_x_wh2m,14.403715458122127,-4.574902219961368,33.382333136205624,11.538180277632343,0.01350869769370419,0.19457543778990577,-0.06180097106771431,0.45095184664752586,2127,driscoll_kraay,cumulative,twfe_directional_dummies
20,mp_neg_x_wh2m,14.657793237142496,-4.0063808194473225,33.321967293732314,11.347012129694184,0.01350869769370419,0.1980076976973797,-0.05412098733576875,0.45013638273052814,2100,driscoll_kraay,cumulative,twfe_directional_dummies
21,mp_neg_x_wh2m,10.049759771380174,-7.988713701610493,28.08823324437084,10.966613185163897,0.01350869769370419,0.1357591666459245,-0.10791711835660872,0.3794354516484577,2073,driscoll_kraay,cumulative,twfe_directional_dummies
22,mp_neg_x_wh2m,11.454890741885226,-7.547761162005386,30.45754264577584,11.55279204941149,0.01350869769370419,0.15474065614653842,-0.10196042380181222,0.41144173609488904,2046,driscoll_kraay,cumulative,twfe_directional_dummies
23,mp_neg_x_wh2m,9.227355771978695,-10.295706820074786,28.75041836403218,11.869179282680014,0.01350869769370419,0.12464955963591665,-0.13908159097539877,0.3883807102472321,2019,driscoll_kraay,cumulative,twfe_directional_dummies
24,mp_neg_x_wh2m,6.938946600978032,-11.41935570947069,25.297248911426752,11.16105531193892,0.01350869769370419,0.09373613194536846,-0.15426062413611447,0.34173288802685137,1992,driscoll_kraay,cumulative,twfe_directional_dummies
25,mp_neg_x_wh2m,6.671001184818641,-11.495614105730263,24.837616475367547,11.04451787860202,0.01350869769370419,0.09011653832005749,-0.15529077575779177,0.3355238523979068,1965,driscoll_kraay,cumulative,twfe_directional_dummies
26,mp_neg_x_wh2m,11.35709889945487,-5.157479368888685,27.871677167798424,10.040150684381102,0.01350869769370419,0.1534196157102364,-0.06967082965583352,0.3765100610763063,1938,driscoll_kraay,cumulative,twfe_directional_dummies
27,mp_neg_x_wh2m,10.9794116310695,-6.3034646126194325,28.26228787475843,10.507242687436305,0.01350869769370419,0.1483175525788575,-0.0851515978748381,0.38178670303255313,1911,driscoll_kraay,cumulative,twfe_directional_dummies
28,mp_neg_x_wh2m,11.233436688535338,-3.7826397475855718,26.249513124656247,9.12912625784904,0.01350869769370419,0.15174910028678934,-0.05109853683432301,0.3545967374079017,1884,driscoll_kraay,cumulative,twfe_directional_dummies
29,mp_neg_x_wh2m,17.952164777896645,4.301272591614593,31.6030569641787,8.299153166341165,0.01350869769370419,0.24251036693216999,0.058104591138337096,0.4269161427260029,1857,driscoll_kraay,cumulative,twfe_directional_dummies
30,mp_neg_x_wh2m,25.919996218709535,7.468673557420885,44.371318879998185,11.217607669738886,0.01350869769370419,0.3501453931405028,0.10089205326016099,0.5993987330208447,1830,driscoll_kraay,cumulative,twfe_directional_dummies
31,mp_neg_x_wh2m,9.349909275790976,-2.1835558048967325,20.883374356478683,7.011848891419918,0.01350869769370419,0.12630509787022096,-0.029496995265682887,0.2821071910061248,1803,driscoll_kraay,cumulative,twfe_directional_dummies
32,mp_neg_x_wh2m,18.59184025762353,1.3921029979591317,35.791577517287934,10.456697774100387,0.01350869769370419,0.2511515496098757,0.01880549855792921,0.48349760066182224,1776,driscoll_kraay,cumulative,twfe_directional_dummies
33,mp_neg_x_wh2m,42.95082926294768,4.29435872598188,81.60729979991348,23.501465360544383,0.01350869769370419,0.5802097682070637,0.058011193817609885,1.1024083425965177,1749,driscoll_kraay,cumulative,twfe_directional_dummies
34,mp_neg_x_wh2m,1.4372461472999387,-15.386641977659716,18.261134272259593,10.22819772488851,0.01350869769370419,0.019415323715315916,-0.2078534949974639,0.2466841424280957,1722,driscoll_kraay,cumulative,twfe_directional_dummies
35,mp_neg_x_wh2m,0.31803369905607554,-20.448553921410497,21.08462131952265,12.625188819357028,0.01350869769370419,0.00429622109695902,-0.27623333319774374,0.2848257753916618,1695,driscoll_kraay,cumulative,twfe_directional_dummies
36,mp_neg_x_wh2m,-8.915166671468942,-31.51508227744045,13.684748934502565,13.739773093279792,0.01350869769370419,-0.12043229145386096,-0.42572771927815756,0.18486313637043567,1668,driscoll_kraay,cumulative,twfe_directional_dummies
37,mp_neg_x_wh2m,-4.902970360188618,-23.9201732834812,14.114232563103965,11.561638441068197,0.01350869769370419,-0.06623274439697999,-0.3231303896675671,0.1906649008736071,1641,driscoll_kraay,cumulative,twfe_directional_dummies
38,mp_neg_x_wh2m,11.049695551904172,-17.713845279244964,39.81323638305331,17.48699115827025,0.01350869769370419,0.14926699681814132,-0.2392909808703693,0.537824974506652,1614,driscoll_kraay,cumulative,twfe_directional_dummies
39,mp_neg_x_wh2m,31.008364731662866,-14.507266386722563,76.5239958500483,27.67153889719835,0.01350869769370419,0.4188826251361525,-0.1959742759802714,1.0337395262525764,1587,driscoll_kraay,cumulative,twfe_directional_dummies
40,mp_neg_x_wh2m,-10.757748228317661,-45.73718376465879,24.22168730802347,21.265986810735917,0.01350869769370419,-0.1453231686813251,-0.6178497888381709,0.32720345147552066,1560,driscoll_kraay,cumulative,twfe_directional_dummies
41,mp_neg_x_wh2m,-16.09697519482069,-54.35435863122365,22.16040824158227,23.258837631229344,0.01350869769370419,-0.2174491716898878,-0.7342565990843813,0.2993582557046057,1533,driscoll_kraay,cumulative,twfe_directional_dummies
42,mp_neg_x_wh2m,-20.17948357305502,-56.808691672062366,16.449724525952323,22.268977311309428,0.01350869769370419,-0.27259854320346993,-0.7674114421727413,0.2222143557658014,1506,driscoll_kraay,cumulative,twfe_directional_dummies
43,mp_neg_x_wh2m,-28.546393971949716,-58.33216807204798,1.2393801281485466,18.108464857935374,0.01350869769370419,-0.3856246064124483,-0.7879916243036397,0.016742411478743075,1479,driscoll_kraay,cumulative,twfe_directional_dummies
44,mp_neg_x_wh2m,-31.43798789419718,-60.14073240162068,-2.7352433867736785,17.450029617906132,0.01350869769370419,-0.4246862745610417,-0.8124229730914542,-0.036949576030629226,1452,driscoll_kraay,cumulative,twfe_directional_dummies
45,mp_neg_x_wh2m,-35.22626146867321,-59.45751074355998,-10.995012193786437,14.731553542424521,0.01350869769370419,-0.47586091705968653,-0.8031935382549208,-0.1485282958644523,1425,driscoll_kraay,cumulative,twfe_directional_dummies
46,mp_neg_x_wh2m,-38.88556840319447,-66.63577982960722,-11.135356976781722,16.870930623683677,0.01350869769370419,-0.5252933882066096,-0.9001626053023951,-0.1504241711108241,1398,driscoll_kraay,cumulative,twfe_directional_dummies
47,mp_neg_x_wh2m,-33.09034321817165,-68.36875018179343,2.188063745450137,21.447748532497602,0.01350869769370419,-0.4470074431151954,-0.9235727779022308,0.029557891671840014,1371,driscoll_kraay,cumulative,twfe_directional_dummies
48,mp_neg_x_wh2m,-39.794113480131294,-77.676169194357,-1.9120577659055868,23.0306545783258,0.01350869769370419,-0.5375666489920524,-1.0493038876515868,-0.025829410332517986,1344,driscoll_kraay,cumulative,twfe_directional_dummies
