output,shock,impact_t0,peak_abs_col0,sum_col0
Y,e_R,-0.9048946196510742,0.9048946196510742,-0.3308131048718199
Y,e_R_neg,0.21653711064116637,0.21653711064116637,0.07916205084609582
Y,e_T,0.0004235313613308017,0.001354511413999679,0.016723253501208832
cR,e_R,-0.25315233418631855,0.5514417102260482,3.9327118270337285
cR,e_R_neg,0.06057818646099339,0.13195745894192115,-0.9410798092031915
cR,e_T,-0.00345514130195243,0.0038728774022106552,-0.08946641125121227
cW,e_R,-1.7971342559533146,1.7971342559533146,-9.603405910592242
cW,e_R_neg,0.4300459421103058,0.4300459421103058,2.298050759762276
cW,e_T,-0.0069058049226048334,0.0069058049226048334,-0.044582406094512236
cP,e_R,-2.548564847225333,2.548564847225333,-1.5109373299719078
cP,e_R_neg,0.6098598182765358,0.6098598182765358,0.3615603371784362
cP,e_T,0.04541911862908763,0.045907519214779764,0.8603521004615455
pi,e_R,-0.47419724432633076,0.47419724432633076,-0.5134867992747244
pi,e_R_neg,0.11347321437276371,0.11347321437276371,0.12287502373503287
pi,e_T,-0.00037251062138758727,0.00037251062138758727,-0.000772901002237611
R,e_R,0.9999999999999991,0.9999999999999991,0.21386277923793
R,e_R_neg,-0.23929538969373357,0.23929538969373357,-0.051176377098725884
R,e_T,4.0770943262306166e-18,0.0005024664238490488,0.003054750921102421
r,e_R,0.8045940444123667,0.8045940444123667,0.25315233418631855
r,e_R_neg,-0.19253564540291454,0.19253564540291454,-0.06057818646099337
r,e_T,-0.00010070776096847527,0.0003967497566477309,0.0034551413019524298
X,e_R,1.767135911956882,1.767135911956882,1.2533218569780185
X,e_R_neg,-0.4228674766935127,0.4228674766935127,-0.29991414217722834
X,e_T,0.0012492559605179543,0.0012492559605179543,0.0009884655297544254
q,e_R,-0.35671092188114223,0.5046841824296932,3.015854189521578
q,e_R_neg,0.08535927905955888,0.12076859810677679,-0.7216800035410451
q,e_T,-0.003634667255267073,0.0038157386620876277,-0.08578445790953008
hW,e_R,-2.4958162273650584,2.4958162273650584,-39.8665146572526
hW,e_R_neg,0.5972373167312657,0.5972373167312657,9.539873160638203
hW,e_T,-0.009963681570467791,0.009963681570467791,-0.006859101044864297
bW,e_R,-2.7957260893477303,2.7957260893477303,-36.74710188003619
bW,e_R_neg,0.6690043640274033,0.6690043640274033,8.793412064498593
bW,e_T,-0.013367905551272322,0.013367905551272322,-0.09246403300107972
A,e_R,-0.0,0.0,0.0
A,e_R_neg,-0.0,0.0,0.0
A,e_T,-0.0,0.0,0.0
j,e_R,-0.0,0.0,0.0
j,e_R_neg,-0.0,0.0,0.0
j,e_T,-0.0,0.0,0.0
u,e_R,-0.0,0.0,0.0
u,e_R_neg,-0.0,0.0,0.0
u,e_T,-0.0,0.0,0.0
TP,e_R,-0.0,0.0,0.0
TP,e_R_neg,-0.0,0.0,0.0
TP,e_T,1.0,1.0,18.29484819331382
dP,e_R,-0.6036401093489978,0.6036401093489978,-1.867487721089736
dP,e_R_neg,0.14444829520143637,0.14444829520143637,0.44688120196643055
dP,e_T,0.2997855122293258,0.9928448040061196,26.780365670687768
dW,e_R,-0.4137169996597337,0.4137169996597337,-1.8383036245431081
dW,e_R_neg,0.09900057065649824,0.09900057065649824,0.4398975822104465
dW,e_T,0.09981974891601725,0.4026557479321235,11.738373581694884
