horizon,b_mp_shock,se_mp_shock,ci_lo,ci_hi,nobs,response_type,shock_type
0,0.003928248137441725,0.022938433035040163,-0.033802116636827535,0.04165861291171099,99,cumulative,contractionary
1,0.029450398003051978,0.030739510347422932,-0.02111159708261892,0.08001239308872288,98,cumulative,contractionary
2,0.07998053653468776,0.02071636946495522,0.04590514108298945,0.11405593198638606,97,cumulative,contractionary
3,0.00577540551747279,0.028564313794963915,-0.04120870962955356,0.05275952066449914,96,cumulative,contractionary
4,-0.021470060563462696,0.03146253377515979,-0.07322132335661745,0.03028120222969206,95,cumulative,contractionary
5,0.03521218184866144,0.022793225707038043,-0.0022793381254836015,0.07270370182280649,94,cumulative,contractionary
6,-0.014538539154961954,0.023452730225220327,-0.05311484752783001,0.024037769217906096,93,cumulative,contractionary
7,-0.0363241942809825,0.039598578487690834,-0.1014580597285833,0.02880967116661829,92,cumulative,contractionary
8,0.04019707812355388,0.033442429734753865,-0.014810823719725752,0.09520497996683351,91,cumulative,contractionary
9,-0.0017410379367513876,0.041624944738880426,-0.07020797926215343,0.06672590338865066,90,cumulative,contractionary
10,-0.03828072635432295,0.05445189273534697,-0.1278461196144309,0.05128466690578501,89,cumulative,contractionary
11,0.05747448014180766,0.03981491783166811,-0.008015231860386454,0.12296419214400177,88,cumulative,contractionary
12,-0.05635947009303248,0.02413895700192614,-0.09606452106847631,-0.01665441911758865,87,cumulative,contractionary
13,-0.1282280447304713,0.025888416361965743,-0.17081070027948048,-0.08564538918146214,86,cumulative,contractionary
14,0.02558866698991148,0.059024066644041084,-0.07149728310696486,0.12267461708678783,85,cumulative,contractionary
15,-0.020695063698481113,0.034992614786987626,-0.0782527930473734,0.03686266565041118,84,cumulative,contractionary
16,-0.1155075519008321,0.041896806149496854,-0.18442166545351474,-0.04659343834814948,83,cumulative,contractionary
17,0.06420078264793451,0.04222127108921413,-0.005247028237660656,0.13364859353352967,82,cumulative,contractionary
18,-0.04077664037770557,0.01575959545114454,-0.06669886811480857,-0.014854412640602561,81,cumulative,contractionary
19,-0.03250249106432549,0.03713472092623814,-0.093583671465679,0.02857868933702802,80,cumulative,contractionary
20,0.022026690723846536,0.0315829668969895,-0.029922666926554906,0.07397604837424798,79,cumulative,contractionary
21,-0.05280170563745934,0.014764565727700534,-0.07708725512503095,-0.028516156149887725,78,cumulative,contractionary
22,-0.00859542310815951,0.025015805947945335,-0.04974276225275159,0.032551916036432565,77,cumulative,contractionary
23,0.054939051847105146,0.034813499286965296,-0.0023240587219321915,0.11220216241614248,76,cumulative,contractionary
24,-0.03639803505843477,0.025246627284074657,-0.07792504151493695,0.005128971398067408,75,cumulative,contractionary
0,0.003928248137441725,0.022938433035040163,-0.033802116636827535,0.04165861291171099,99,marginal,contractionary
1,0.025381031012386167,0.033117121504298554,-0.029091786408151882,0.07985384843292422,98,marginal,contractionary
2,0.048892897955345786,0.03586347866433478,-0.010097275000781988,0.10788307091147356,97,marginal,contractionary
3,-0.07777773574355394,0.03515016550296322,-0.13559461295904748,-0.0199608585280604,96,marginal,contractionary
4,-0.033983745978634974,0.020677178474868763,-0.06799467798814576,2.7186030875807343e-5,95,marginal,contractionary
5,0.05627590969801947,0.04111466073816972,-0.011351689138038253,0.1239035085340772,94,marginal,contractionary
6,-0.05201806500983833,0.03296520265807562,-0.1062409981651643,0.0022048681454876484,93,marginal,contractionary
7,-0.024942568090539935,0.03337662581852886,-0.07984223212354927,0.02995709594246939,92,marginal,contractionary
8,0.074755995389339,0.06476767148873162,-0.031777343968102625,0.1812893347467806,91,marginal,contractionary
9,-0.04711503710884763,0.06756021619880384,-0.15824170376107569,0.06401162954338044,90,marginal,contractionary
10,-0.04066201282813504,0.02981158955048196,-0.08969771402543389,0.008373688369163808,89,marginal,contractionary
11,0.09489491608510776,0.08705417111691223,-0.04829645301779935,0.2380862851880149,88,marginal,contractionary
12,-0.1162219248307412,0.053658494049587564,-0.20448229338495927,-0.02796155627652315,87,marginal,contractionary
13,-0.07362315929829147,0.01367839619353692,-0.09612211888810987,-0.05112419970847307,86,marginal,contractionary
14,0.14950476266415394,0.0765733801820875,0.023552760543713386,0.27545676478459447,85,marginal,contractionary
15,-0.049006303956378894,0.07336228876899513,-0.16967653071952174,0.07166392280676395,84,marginal,contractionary
16,-0.10348218010814937,0.021868823446784414,-0.1394531936717541,-0.06751116654454464,83,marginal,contractionary
17,0.17851485010463258,0.07480664419787464,0.055468870075690235,0.30156083013357493,82,marginal,contractionary
18,-0.10813876240780372,0.04267906884591714,-0.1783395835939221,-0.03793794122168535,81,marginal,contractionary
19,0.005188652024954965,0.029634107359903888,-0.04355511694745224,0.05393242099736217,80,marginal,contractionary
20,0.05013459079690264,0.05335357574929366,-0.03762423178515311,0.13789341337895838,79,marginal,contractionary
21,-0.08063454287658471,0.0228172156706037,-0.11816552282931116,-0.043103562923858266,78,marginal,contractionary
22,0.035681429969618705,0.021781765809190636,-1.463865230360642e-4,0.07150924646227347,77,marginal,contractionary
23,0.06011617721628572,0.034117080180336226,0.003998574140665512,0.11623378029190592,76,marginal,contractionary
24,-0.05578696897180182,0.016637017881100433,-0.08315242817518635,-0.028421509768417286,75,marginal,contractionary
0,-0.08804089877630407,0.01773165196210764,-0.117206870818018,-0.05887492673459014,99,cumulative,expansionary
1,-0.09716212563418998,0.02858693406411818,-0.14418344781297734,-0.05014080345540262,98,cumulative,expansionary
2,0.05048717909342149,0.01611436103260188,0.02398141390294083,0.07699294428390216,97,cumulative,expansionary
3,-0.06643579494562492,0.021011985896027565,-0.10099743615615903,-0.03187415373509081,96,cumulative,expansionary
4,-0.03404471146898464,0.025733479529682197,-0.07637251860746386,0.008283095669494568,95,cumulative,expansionary
5,0.02052322328492401,0.02834147335896873,-0.026094351962724204,0.06714079853257222,94,cumulative,expansionary
6,-0.05008211105922296,0.017233265570427855,-0.07842831043695914,-0.02173591168148678,93,cumulative,expansionary
7,-0.03125082917037332,0.026327361371025353,-0.07455548500956644,0.012053826668819795,92,cumulative,expansionary
8,0.015233242006588767,0.02322464795304712,-0.02296790441365186,0.05343438842682939,91,cumulative,expansionary
9,-0.04711031706854,0.01855718475294857,-0.07763416971543599,-0.016586464421644,90,cumulative,expansionary
10,-0.00832824886976081,0.023617420850482886,-0.04717544921491689,0.030518951475395274,89,cumulative,expansionary
11,0.04115520629167409,0.029655382668692692,-0.0076235574495589,0.08993397003290707,88,cumulative,expansionary
12,-0.035833330051526294,0.02246224422709957,-0.07278043393794079,0.0011137738348881918,87,cumulative,expansionary
13,0.0038322182152983582,0.022114279689894,-0.03254253494004305,0.04020697137063977,86,cumulative,expansionary
14,0.00938979417985981,0.02845809613621624,-0.03741960846592913,0.056199196825648744,85,cumulative,expansionary
15,-0.023230211070689222,0.012793452277937711,-0.044273567451285634,-0.0021868546900928112,84,cumulative,expansionary
16,0.04193797667814256,0.014890290833588336,0.017445627794152534,0.066430325562132575,83,cumulative,expansionary
17,0.04326863136419423,0.013278308699464409,0.02142775714009892,0.06510950558828954,82,cumulative,expansionary
18,-0.017724177508631034,0.010302909871118185,-0.034670956178293896,-7.773988389681678e-4,81,cumulative,expansionary
19,0.019051997679229174,0.0144602280531377,-0.004732960880519787,0.04283695623897814,80,cumulative,expansionary
20,0.026989497849397647,0.03328900563326258,-0.027766043804082274,0.08174503950287756,79,cumulative,expansionary
21,-0.03527890311268936,0.017398255054182268,-0.06389648604118783,-0.006661320184190883,78,cumulative,expansionary
22,-0.003418427950809092,0.020939234199862336,-0.03786040327003895,0.031023547368420765,77,cumulative,expansionary
23,0.052192825081443246,0.043903716999262696,-0.02002236306144497,0.12440801322433145,76,cumulative,expansionary
24,-0.014090978374308205,0.029118575172129103,-0.06198677235784383,0.03380481560922742,75,cumulative,expansionary
0,-0.08804089877630407,0.01773165196210764,-0.117206870818018,-0.05887492673459014,99,marginal,expansionary
1,-0.014733502224381712,0.025668810605726896,-0.05695493844874199,0.02748793399997857,98,marginal,expansionary
2,0.144219376535039,0.024667589195178127,0.10364480297920133,0.18479395009087668,97,marginal,expansionary
3,-0.12259197135843633,0.01704501350235028,-0.150628523639214,-0.09455541907765866,96,marginal,expansionary
4,0.0320757251448213,0.022698119349272145,-0.005259358791806362,0.06941080908144896,95,marginal,expansionary
5,0.050349320054742804,0.01942970169602051,0.01839030474945831,0.0823083353600273,94,marginal,expansionary
6,-0.07411515860800667,0.02522020953039581,-0.11559871172655428,-0.03263160548945906,93,marginal,expansionary
7,0.016005667961445987,0.024251243371469708,-0.023884077656198793,0.055895413579090766,92,marginal,expansionary
8,0.04197107175867266,0.027927127396419123,-0.003964965029663141,0.08790710854700845,91,marginal,expansionary
9,-0.047648932536241924,0.022672649682786702,-0.08494212259957376,-0.010355742472910087,90,marginal,expansionary
10,0.03624719701384775,0.018610149413075736,0.005636225253641328,0.06685816877405418,89,marginal,expansionary
11,0.043862874431430936,0.026118590459703217,9.01616182928e-4,0.08682413267993387,88,marginal,expansionary
12,-0.0778040883320715,0.021376455199896505,-0.11296522819898691,-0.042642948465156094,87,marginal,expansionary
13,0.041345032881093084,0.022031096588407375,0.0051071037519330245,0.07758296201025314,86,marginal,expansionary
14,-3.487448107200385e-4,0.024496860737007516,-0.040642495042911946,0.03994500542147187,85,marginal,expansionary
15,-0.03319328080929975,0.022120158397156236,-0.06957770357760323,0.003191141959003732,84,marginal,expansionary
16,0.05904938157541873,0.016245199977839294,0.03232840547131781,0.08577035767951965,83,marginal,expansionary
17,-0.002797693425385057,0.015711312424819584,-0.02864050265151727,0.023045115800747154,82,marginal,expansionary
18,-0.06374252148111965,0.007344653983195873,-0.07582340222408296,-0.05166164073815635,81,marginal,expansionary
19,0.03503861682316885,0.017472558469132708,0.006298815653094262,0.06377841799324344,80,marginal,expansionary
20,0.0032964767927281505,0.03995660992089694,-0.06242629795634433,0.06901925154180064,79,marginal,expansionary
21,-0.06359583335374183,0.022862916562204873,-0.10120198458377339,-0.025989682123710278,78,marginal,expansionary
22,0.028322839071328713,0.008208379337121619,0.014821256547270702,0.04182442159538673,77,marginal,expansionary
23,0.05036821579198902,0.02940156679054518,0.002006942018504841,0.0987294895654732,76,marginal,expansionary
24,-0.07406999030302248,0.023269359831634775,-0.11234468121892582,-0.035795299387119145,75,marginal,expansionary
