horizon,shock_col,shock_label,direction,htm_type,term,estimate,ci_low,ci_high,se,shock_sd,estimate_1sd,ci_low_1sd,ci_high_1sd,nobs,se_method,response_type,spec
0,mp_shock_di,DI Surprise,Full (Signed),PH2M,mp_x_ph2m,40.8482619735758,-32.141065577361644,113.83758952451325,44.37436034123836,0.014305356073497411,0.5843489325155059,-0.459789387665789,1.6284872526968008,2614,driscoll_kraay,cumulative,hp
1,mp_shock_di,DI Surprise,Full (Signed),PH2M,mp_x_ph2m,33.18633812236396,-11.41616919369421,77.78884543842213,27.11639904319224,0.014305356073497411,0.474742383615898,-0.1633123653110875,1.1127971325428834,2587,driscoll_kraay,cumulative,hp
2,mp_shock_di,DI Surprise,Full (Signed),PH2M,mp_x_ph2m,38.53380332264287,-37.64684311331182,114.71444975859755,46.31454446019364,0.014305356073497411,0.5512397773965239,-0.5385514957790194,1.641031050572067,2560,driscoll_kraay,cumulative,hp
3,mp_shock_di,DI Surprise,Full (Signed),PH2M,mp_x_ph2m,28.176144631954866,-31.830938421251478,88.18322768516121,36.481716105293756,0.014305356073497411,0.403069781738477,-0.4553529082695719,1.2614924717465261,2533,driscoll_kraay,cumulative,hp
4,mp_shock_di,DI Surprise,Full (Signed),PH2M,mp_x_ph2m,92.87446645768715,34.33727181935404,151.41166109602025,35.588087401323605,0.014305356073497411,1.3286023128133064,0.4912068999683278,2.165997725658285,2506,driscoll_kraay,cumulative,hp
5,mp_shock_di,DI Surprise,Full (Signed),PH2M,mp_x_ph2m,123.94548335283707,68.36959403028555,179.5213726753886,33.787741603217555,0.014305356073497411,1.7730842730640801,0.9780513872036978,2.5681171589244625,2479,driscoll_kraay,cumulative,hp
6,mp_shock_di,DI Surprise,Full (Signed),PH2M,mp_x_ph2m,58.56269416168346,6.1983557515669006,110.92703257180003,31.835257284970247,0.014305356073497411,0.8377601926062098,0.08866968609637517,1.5868506991160447,2452,driscoll_kraay,cumulative,hp
7,mp_shock_di,DI Surprise,Full (Signed),PH2M,mp_x_ph2m,96.68692314638686,-2.8265993884984084,196.20044568127213,60.49992589268932,0.014305356073497411,1.3831408632599427,-0.04043551072959978,2.8067172372494853,2425,driscoll_kraay,cumulative,hp
8,mp_shock_di,DI Surprise,Full (Signed),PH2M,mp_x_ph2m,92.89244890460044,-5.010505106134218,190.7954029153351,59.5207697551699,0.014305356073497411,1.328859558119474,-0.07167705965132692,2.7293961758902747,2398,driscoll_kraay,cumulative,hp
9,mp_shock_di,DI Surprise,Full (Signed),PH2M,mp_x_ph2m,125.70437193454354,66.4943421556833,184.91440171340378,35.99714212175739,0.014305356073497411,1.798245800519,0.9512252414100191,2.6452663596279806,2371,driscoll_kraay,cumulative,hp
10,mp_shock_di,DI Surprise,Full (Signed),PH2M,mp_x_ph2m,87.02076552671198,27.480356228976255,146.5611748244477,36.197998607381464,0.014305356073497411,1.2448630366479434,0.3931162808820579,2.0966097924138287,2344,driscoll_kraay,cumulative,hp
11,mp_shock_di,DI Surprise,Full (Signed),PH2M,mp_x_ph2m,38.840374748915316,-11.840574788836442,89.52132428666707,30.81182951925181,0.014305356073497411,0.5556253908113112,-0.16938363846918172,1.280634420091804,2317,driscoll_kraay,cumulative,hp
12,mp_shock_di,DI Surprise,Full (Signed),PH2M,mp_x_ph2m,112.81922037308954,37.070462562782964,188.56797818339612,46.05197481960589,0.014305356073497411,1.6139191193714193,0.5303061667698656,2.697532071972973,2290,driscoll_kraay,cumulative,hp
13,mp_shock_di,DI Surprise,Full (Signed),PH2M,mp_x_ph2m,85.73059981347565,20.737383185757906,150.72381644119338,39.5130700767426,0.014305356073497411,1.22640675672628,0.29665565050482495,2.1561578629477345,2263,driscoll_kraay,cumulative,hp
14,mp_shock_di,DI Surprise,Full (Signed),PH2M,mp_x_ph2m,75.99630971512354,9.973358473790455,142.01926095645663,40.139104270146085,0.014305356073497411,1.0871542707466328,0.14267244421620515,2.031636097277061,2236,driscoll_kraay,cumulative,hp
15,mp_shock_di,DI Surprise,Full (Signed),PH2M,mp_x_ph2m,162.664622370525,114.52330448807646,210.80594025297353,29.26784310387082,0.014305356073497411,2.3269753435713527,1.638296649415498,3.015654037727207,2209,driscoll_kraay,cumulative,hp
16,mp_shock_di,DI Surprise,Full (Signed),PH2M,mp_x_ph2m,36.11136703358667,-33.35470231926089,105.57743638643421,42.23237144912045,0.014305356073497411,0.5165859637162132,-0.4771508934025369,1.5103228208349633,2182,driscoll_kraay,cumulative,hp
17,mp_shock_di,DI Surprise,Full (Signed),PH2M,mp_x_ph2m,107.95523838107857,35.04565289637537,180.86482386578177,44.32588060728048,0.014305356073497411,1.5443381250406232,0.5013405435108456,2.587335706570401,2155,driscoll_kraay,cumulative,hp
18,mp_shock_di,DI Surprise,Full (Signed),PH2M,mp_x_ph2m,84.51717788778275,4.298664755300024,164.73569102026548,48.76939310469687,0.014305356073497411,1.2090483240118541,0.06149392996516046,2.356602718058548,2128,driscoll_kraay,cumulative,hp
19,mp_shock_di,DI Surprise,Full (Signed),PH2M,mp_x_ph2m,-35.07433951347054,-106.40525026083822,36.25657123389714,43.36611451535084,0.014305356073497411,-0.5017509157829361,-1.522164993070894,0.518663161505022,2101,driscoll_kraay,cumulative,hp
20,mp_shock_di,DI Surprise,Full (Signed),PH2M,mp_x_ph2m,-43.27868879865963,-98.86143218385794,12.30405458653869,33.79190857743003,0.014305356073497411,-0.6191170536589099,-1.4142479893260047,0.17601388200818494,2074,driscoll_kraay,cumulative,hp
21,mp_shock_di,DI Surprise,Full (Signed),PH2M,mp_x_ph2m,-2.9449258875190463,-75.20930647202228,69.31945469698418,43.933623880220964,0.014305356073497411,-0.04212821343102034,-1.075895909123072,0.9916394822610313,2047,driscoll_kraay,cumulative,hp
22,mp_shock_di,DI Surprise,Full (Signed),PH2M,mp_x_ph2m,-82.07931983173377,-192.490671255508,28.33203159204048,67.12533541869482,0.014305356073497411,-1.1741738964634292,-2.753647593136575,0.4052998002097168,2020,driscoll_kraay,cumulative,hp
23,mp_shock_di,DI Surprise,Full (Signed),PH2M,mp_x_ph2m,-78.27534001918946,-173.4936488588511,16.94296882047219,57.88862138215712,0.014305356073497411,-1.1197566107485868,-2.4818884234161924,0.2423752019190191,1993,driscoll_kraay,cumulative,hp
24,mp_shock_di,DI Surprise,Full (Signed),PH2M,mp_x_ph2m,-19.025809136932782,-75.87491954791406,37.823301274048504,34.56180506246257,0.014305356073497411,-0.2721709742902239,-1.0854177411808799,0.5410757926004321,1966,driscoll_kraay,cumulative,hp
0,mp_shock_di,DI Surprise,Full (Signed),WH2M,mp_x_wh2m,-2.871336364665132,-66.205260528636515,60.462587799306256,38.5042918872683,0.016762949578577525,-0.0481320667040177,-1.1097954440781228,1.0135313106700874,2614,driscoll_kraay,cumulative,hp
1,mp_shock_di,DI Surprise,Full (Signed),WH2M,mp_x_wh2m,-29.627028171194908,-113.40122035007403,54.14716400768421,50.93109247303908,0.016762949578577525,-0.49663637939683614,-1.9009389388774505,0.9076661800837782,2587,driscoll_kraay,cumulative,hp
2,mp_shock_di,DI Surprise,Full (Signed),WH2M,mp_x_wh2m,-59.142301186827545,-142.4538665799345,24.169264206279415,50.649835358003514,0.016762949578577525,-0.9913994127558359,-2.387946982752852,0.40514815724118036,2560,driscoll_kraay,cumulative,hp
3,mp_shock_di,DI Surprise,Full (Signed),WH2M,mp_x_wh2m,-67.27271072038714,-123.55370111865616,-10.99172032211812,34.21641261938834,0.016762949578577525,-1.1276890578200813,-2.071124462098671,-0.18425365354149195,2533,driscoll_kraay,cumulative,hp
4,mp_shock_di,DI Surprise,Full (Signed),WH2M,mp_x_wh2m,-39.07543434473383,-107.8200462201028,29.669177530635146,41.79375644675352,0.016762949578577525,-0.6550195356817897,-1.8073819983474815,0.4973429269839022,2506,driscoll_kraay,cumulative,hp
5,mp_shock_di,DI Surprise,Full (Signed),WH2M,mp_x_wh2m,-39.34090346522578,-118.84364113258863,40.16183420213707,48.334232520562416,0.016762949578577525,-0.6594695811632656,-1.9921699640401451,0.673230801713614,2479,driscoll_kraay,cumulative,hp
6,mp_shock_di,DI Surprise,Full (Signed),WH2M,mp_x_wh2m,-35.7961840209513,-106.16228510004676,34.569917058144156,42.77955188603021,0.016762949578577525,-0.6000496278486892,-1.779593032278656,0.5794937765812775,2452,driscoll_kraay,cumulative,hp
7,mp_shock_di,DI Surprise,Full (Signed),WH2M,mp_x_wh2m,-111.72877309250507,-200.8915779785903,-22.56596820641981,54.20713638291162,0.016762949578577525,-1.8729037898259917,-3.3675353924159843,-0.3782721872359988,2425,driscoll_kraay,cumulative,hp
8,mp_shock_di,DI Surprise,Full (Signed),WH2M,mp_x_wh2m,-75.2905590575355,-148.37798827973995,-2.2031298353310405,44.4340019225071,0.016762949578577525,-1.262091845224381,-2.4872527361040477,-0.03693095434471404,2398,driscoll_kraay,cumulative,hp
9,mp_shock_di,DI Surprise,Full (Signed),WH2M,mp_x_wh2m,-23.150562917023507,-80.25874112405396,33.95761529000694,34.71930709899898,0.016762949578577525,-0.3880717188937517,-1.345373230702623,0.5692297929151195,2371,driscoll_kraay,cumulative,hp
10,mp_shock_di,DI Surprise,Full (Signed),WH2M,mp_x_wh2m,-37.30828126234401,-102.484499838107,27.867937313418977,39.62432736130988,0.016762949578577525,-0.6253968376640613,-1.7179425033719242,0.46714882804380153,2344,driscoll_kraay,cumulative,hp
11,mp_shock_di,DI Surprise,Full (Signed),WH2M,mp_x_wh2m,6.681407248935316,-38.38430823992265,51.74712273779328,27.398009616443247,0.016762949578577525,0.11200009282784508,-0.6434342236344013,0.8674344092900914,2317,driscoll_kraay,cumulative,hp
12,mp_shock_di,DI Surprise,Full (Signed),WH2M,mp_x_wh2m,24.79014768328993,-49.14709259629376,98.72738796287362,44.95065036067496,0.016762949578577525,0.41555599566047957,-0.823850235125353,1.6549622264463122,2290,driscoll_kraay,cumulative,hp
13,mp_shock_di,DI Surprise,Full (Signed),WH2M,mp_x_wh2m,-54.16746990340253,-155.59985866256366,47.2649188557586,61.66651372326257,0.016762949578577525,-0.9080065667898521,-2.608312585194344,0.7922994516146395,2263,driscoll_kraay,cumulative,hp
14,mp_shock_di,DI Surprise,Full (Signed),WH2M,mp_x_wh2m,-95.13839118266121,-148.66976299147052,-41.60701937385189,32.54476321277472,0.016762949578577525,-1.5948000543819345,-2.4921437408850915,-0.6974563678787775,2236,driscoll_kraay,cumulative,hp
15,mp_shock_di,DI Surprise,Full (Signed),WH2M,mp_x_wh2m,-104.75638599262092,-147.50600059017754,-62.006771395064305,25.98992025617965,0.016762949578577525,-1.7560260164283095,-2.4726356504307727,-1.0394163824258462,2209,driscoll_kraay,cumulative,hp
16,mp_shock_di,DI Surprise,Full (Signed),WH2M,mp_x_wh2m,-2.0590222612674887,-28.511906799672037,24.393862277137057,16.082211878896256,0.016762949578577525,-0.03451528634679559,-0.47794365607200406,0.4089130833784128,2182,driscoll_kraay,cumulative,hp
17,mp_shock_di,DI Surprise,Full (Signed),WH2M,mp_x_wh2m,-29.01372101062534,-89.98927981687592,31.961837795625236,37.07050755589789,0.016762949578577525,-0.4863555423880279,-1.5084857601827952,0.5357746754067393,2155,driscoll_kraay,cumulative,hp
18,mp_shock_di,DI Surprise,Full (Signed),WH2M,mp_x_wh2m,-70.3723397274836,-127.22471422386394,-13.519965231103264,34.56378948548087,0.016762949578577525,-1.1796479825783357,-2.132661469683566,-0.22663449547310524,2128,driscoll_kraay,cumulative,hp
19,mp_shock_di,DI Surprise,Full (Signed),WH2M,mp_x_wh2m,-65.46825512462287,-123.99443525831114,-6.9420749909346,35.581391057974656,0.016762949578577525,-1.097441059651503,-2.078512466259265,-0.11636965304374074,2101,driscoll_kraay,cumulative,hp
20,mp_shock_di,DI Surprise,Full (Signed),WH2M,mp_x_wh2m,-67.19606901772168,-111.02345089285495,-23.36868714258842,26.645156235793323,0.016762949578577525,-1.126404316822684,-1.8610805093566056,-0.3917281242887626,2074,driscoll_kraay,cumulative,hp
21,mp_shock_di,DI Surprise,Full (Signed),WH2M,mp_x_wh2m,-126.80168482574943,-183.58163955322988,-70.021730098269,34.51976139221269,0.016762949578577525,-2.125570249212717,-3.0773697673833857,-1.1737707310420475,2047,driscoll_kraay,cumulative,hp
22,mp_shock_di,DI Surprise,Full (Signed),WH2M,mp_x_wh2m,-34.157226376389374,-96.02153201174428,27.707079258965543,37.610827262491796,0.016762949578577525,-0.5725758634914734,-1.609604099570637,0.4644523725876905,2020,driscoll_kraay,cumulative,hp
23,mp_shock_di,DI Surprise,Full (Signed),WH2M,mp_x_wh2m,-41.16349978532772,-98.34085339811111,16.013853827455662,34.76136275952675,0.016762949578577525,-0.6900216713792354,-1.6484827670268207,0.26843942426835,1993,driscoll_kraay,cumulative,hp
24,mp_shock_di,DI Surprise,Full (Signed),WH2M,mp_x_wh2m,-78.44907309276972,-166.88086719276907,9.982721007229642,53.76271338130952,0.016762949578577525,-1.3150378567402417,-2.7974155623816803,0.16733984890119713,1966,driscoll_kraay,cumulative,hp
0,mp_shock_di,DI Surprise,Contractionary,PH2M,mp_pos_x_ph2m,100.04705538145193,5.641183966442981,194.45292679646087,57.394694499338705,0.007803232979304636,0.780690482034863,0.0440194727692724,1.5173614913004536,2614,driscoll_kraay,cumulative,hp
1,mp_shock_di,DI Surprise,Contractionary,PH2M,mp_pos_x_ph2m,103.46282039444529,37.96764970066482,168.95799108822575,39.81823648051134,0.007803232979304636,0.8073444922338078,0.29627041629091355,1.318418568176702,2587,driscoll_kraay,cumulative,hp
2,mp_shock_di,DI Surprise,Contractionary,PH2M,mp_pos_x_ph2m,47.86122451247585,-77.5237751930087,173.2462242179604,76.22866719020452,0.007803232979304636,0.373472285545655,-0.6049360792662841,1.351880650357594,2560,driscoll_kraay,cumulative,hp
3,mp_shock_di,DI Surprise,Contractionary,PH2M,mp_pos_x_ph2m,52.49704856185251,-45.92919701945006,150.9232941431551,59.83890844057851,0.007803232979304636,0.4096467006540045,-0.3583962248951529,1.177689626203162,2533,driscoll_kraay,cumulative,hp
4,mp_shock_di,DI Surprise,Contractionary,PH2M,mp_pos_x_ph2m,109.6961713097982,-46.659887208425644,266.05222982802206,95.0577339869506,0.007803232979304636,0.8559847816680684,-0.3640979706754215,2.076067534011558,2506,driscoll_kraay,cumulative,hp
5,mp_shock_di,DI Surprise,Contractionary,PH2M,mp_pos_x_ph2m,127.70208374484866,10.213535640392863,245.19063184930445,71.42796549149845,0.007803232979304636,0.9964891114037255,0.07969859814441688,1.9132796246630341,2479,driscoll_kraay,cumulative,hp
6,mp_shock_di,DI Surprise,Contractionary,PH2M,mp_pos_x_ph2m,105.45130043935652,-21.705529654641552,232.6081305333546,77.30586357989021,0.007803232979304636,0.8228610652989482,-0.1693733048343737,1.8150954354322701,2452,driscoll_kraay,cumulative,hp
7,mp_shock_di,DI Surprise,Contractionary,PH2M,mp_pos_x_ph2m,159.46560175626996,56.63405584306798,262.29714766947194,62.51714087397993,0.007803232979304636,1.244347242689185,0.4419287323064085,2.0467657530719614,2425,driscoll_kraay,cumulative,hp
8,mp_shock_di,DI Surprise,Contractionary,PH2M,mp_pos_x_ph2m,79.17437881043993,-56.863814902173104,215.21257252305298,82.70534926851983,0.007803232979304636,0.6178161238495831,-0.44372159577371156,1.6793538434728779,2398,driscoll_kraay,cumulative,hp
9,mp_shock_di,DI Surprise,Contractionary,PH2M,mp_pos_x_ph2m,205.5185800049498,78.32386424353678,332.7132957663628,77.32889643022666,0.007803232979304636,1.6037093613544826,0.6111793605317453,2.59623936217722,2371,driscoll_kraay,cumulative,hp
10,mp_shock_di,DI Surprise,Contractionary,PH2M,mp_pos_x_ph2m,111.03410793698707,-24.852473144389776,246.92068901836393,82.61317533355565,0.007803232979304636,0.8664250128815681,-0.1939296380575851,1.9267796638207215,2344,driscoll_kraay,cumulative,hp
11,mp_shock_di,DI Surprise,Contractionary,PH2M,mp_pos_x_ph2m,79.22221950346845,-46.140726562425044,204.58516556936195,76.21525952934662,0.007803232979304636,0.618189435923176,-0.3600468392009925,1.5964257110473445,2317,driscoll_kraay,cumulative,hp
12,mp_shock_di,DI Surprise,Contractionary,PH2M,mp_pos_x_ph2m,227.5373126621291,56.378351307864676,398.69627401639355,104.05725989824758,0.007803232979304636,1.7755266621874761,0.4399334102443523,3.1111199141306,2290,driscoll_kraay,cumulative,hp
13,mp_shock_di,DI Surprise,Contractionary,PH2M,mp_pos_x_ph2m,214.32717260494326,91.91616412951596,336.73818108037057,74.42060890384553,0.007803232979304636,1.6724448616320102,0.7172432432666167,2.627646479997404,2263,driscoll_kraay,cumulative,hp
14,mp_shock_di,DI Surprise,Contractionary,PH2M,mp_pos_x_ph2m,126.4641786476999,13.08402900200548,239.8443282933943,68.9302365802787,0.007803232979304636,0.986829449524405,0.10209772661062748,1.8715611724381824,2236,driscoll_kraay,cumulative,hp
15,mp_shock_di,DI Surprise,Contractionary,PH2M,mp_pos_x_ph2m,252.7527935280351,168.26007242462242,337.2455146314478,51.36792704163548,0.007803232979304636,1.972288934069339,1.3129725462440003,2.6316053218946776,2209,driscoll_kraay,cumulative,hp
16,mp_shock_di,DI Surprise,Contractionary,PH2M,mp_pos_x_ph2m,130.67892788776217,-30.614762951286593,291.97261872681094,98.05960128986446,0.007803232979304636,1.019718119793958,-0.23889412791507328,2.2783303675029893,2182,driscoll_kraay,cumulative,hp
17,mp_shock_di,DI Surprise,Contractionary,PH2M,mp_pos_x_ph2m,201.8293745355931,36.55565652631998,367.10309254486623,100.47928599919683,0.007803232979304636,1.5749216315685675,0.2852523045863128,2.864590958550822,2155,driscoll_kraay,cumulative,hp
18,mp_shock_di,DI Surprise,Contractionary,PH2M,mp_pos_x_ph2m,210.69484977332127,64.43479233257636,356.95490721406617,88.91980115690869,0.007803232979304636,1.6441010003208163,0.5027996965442054,2.7854023040974276,2128,driscoll_kraay,cumulative,hp
19,mp_shock_di,DI Surprise,Contractionary,PH2M,mp_pos_x_ph2m,-18.35616146111955,-165.83211390901326,129.11979098677418,89.65901283339221,0.007803232979304636,-0.14323740448684885,-1.2940266202826152,1.0075518113089177,2101,driscoll_kraay,cumulative,hp
20,mp_shock_di,DI Surprise,Contractionary,PH2M,mp_pos_x_ph2m,-23.205609121809424,-135.6590573481921,89.24783910457325,68.36684212126579,0.007803232979304636,-0.1810787744041558,-1.0585792302407915,0.6964216814324798,2074,driscoll_kraay,cumulative,hp
21,mp_shock_di,DI Surprise,Contractionary,PH2M,mp_pos_x_ph2m,62.31490878921791,-31.960322270326046,156.59013984876185,57.31527080271037,0.007803232979304636,0.4862577513663855,-0.2493938407690126,1.2219093435017836,2047,driscoll_kraay,cumulative,hp
22,mp_shock_di,DI Surprise,Contractionary,PH2M,mp_pos_x_ph2m,-37.47282718773642,-215.59038231504445,140.64472793957162,108.28778452306813,0.007803232979304636,-0.29240920093912826,-1.6823019813016498,1.0974835794233935,2020,driscoll_kraay,cumulative,hp
23,mp_shock_di,DI Surprise,Contractionary,PH2M,mp_pos_x_ph2m,-117.84677876264247,-347.5021077482797,111.80855022299475,139.62052624176314,0.007803232979304636,-0.9195858705454689,-2.711639907559249,0.8724681664683114,1993,driscoll_kraay,cumulative,hp
24,mp_shock_di,DI Surprise,Contractionary,PH2M,mp_pos_x_ph2m,85.04634253647721,-13.63991834554001,183.73260341849442,59.99698651904956,0.007803232979304636,0.6636364248498776,-0.10643546066894014,1.4337083103686954,1966,driscoll_kraay,cumulative,hp
0,mp_shock_di,DI Surprise,Contractionary,WH2M,mp_pos_x_wh2m,31.915833898851325,-76.71000411712888,140.54167191483154,66.03982034395636,0.009144231392842464,0.291845770266622,-0.7014540277929245,1.2851455683261686,2614,driscoll_kraay,cumulative,hp
1,mp_shock_di,DI Surprise,Contractionary,WH2M,mp_pos_x_wh2m,-69.76403944586177,-206.29383823286372,66.76575934114017,83.00422393209703,0.009144231392842464,-0.6379385195923492,-1.8863985917189174,0.6105215525342189,2587,driscoll_kraay,cumulative,hp
2,mp_shock_di,DI Surprise,Contractionary,WH2M,mp_pos_x_wh2m,-67.74771480877043,-246.78268498007196,111.28725536253113,108.84553326676263,0.009144231392842464,-0.6195007805476969,-2.2566379752047268,1.017636414109333,2560,driscoll_kraay,cumulative,hp
3,mp_shock_di,DI Surprise,Contractionary,WH2M,mp_pos_x_wh2m,-108.38983479725408,-250.5449583552938,33.76528876078564,86.42417855837196,0.009144231392842464,-0.9911417300180593,-2.2910410735108853,0.3087576134747669,2533,driscoll_kraay,cumulative,hp
4,mp_shock_di,DI Surprise,Contractionary,WH2M,mp_pos_x_wh2m,-48.05730781679738,-150.0121317327436,53.897516099148824,61.98413174606095,0.009144231392842464,-0.43944714279385216,-1.3717456442977731,0.4928513587100688,2506,driscoll_kraay,cumulative,hp
5,mp_shock_di,DI Surprise,Contractionary,WH2M,mp_pos_x_wh2m,-71.00794803968304,-184.71828904504417,42.70239296567807,69.13097867322631,0.009144231392842464,-0.6493131076057962,-1.6891067775178412,0.39048056230624867,2479,driscoll_kraay,cumulative,hp
6,mp_shock_di,DI Surprise,Contractionary,WH2M,mp_pos_x_wh2m,-54.235355830110905,-131.49083842654818,23.020126766326356,46.967998447144836,0.009144231392842464,-0.4959406433836817,-1.202382652611218,0.21050136584385457,2452,driscoll_kraay,cumulative,hp
7,mp_shock_di,DI Surprise,Contractionary,WH2M,mp_pos_x_wh2m,-31.82714445805231,-120.44863548985765,56.79434657375304,53.87804092699366,0.009144231392842464,-0.291034773497854,-1.1014101938713954,0.5193406468756874,2425,driscoll_kraay,cumulative,hp
8,mp_shock_di,DI Surprise,Contractionary,WH2M,mp_pos_x_wh2m,-34.15088165758009,-117.47128000112,49.16951668595981,50.65520541056516,0.009144231392842464,-0.3122835641464918,-1.0741845663436287,0.4496174380506451,2398,driscoll_kraay,cumulative,hp
9,mp_shock_di,DI Surprise,Contractionary,WH2M,mp_pos_x_wh2m,-86.24434936789643,-189.6439113446933,17.155212608900428,62.86247012047807,0.009144231392842464,-0.7886382869451917,-1.7341478075795775,0.15687123368919417,2371,driscoll_kraay,cumulative,hp
10,mp_shock_di,DI Surprise,Contractionary,WH2M,mp_pos_x_wh2m,-128.89477098361016,-227.13481542685838,-30.654726540361935,59.72570618658862,0.009144231392842464,-1.178643611201568,-2.0769733096337575,-0.28031391276937867,2344,driscoll_kraay,cumulative,hp
11,mp_shock_di,DI Surprise,Contractionary,WH2M,mp_pos_x_wh2m,-30.210500291841544,-149.6631338624298,89.24213327874669,72.62204466909229,0.009144231392842464,-0.2762518051621339,-1.3685543270160145,0.8160507166917467,2317,driscoll_kraay,cumulative,hp
12,mp_shock_di,DI Surprise,Contractionary,WH2M,mp_pos_x_wh2m,-16.995863949236472,-97.73094460719506,63.739216708722104,49.083443860953665,0.009144231392842464,-0.15541411267308766,-0.893674371729261,0.5828461463830856,2290,driscoll_kraay,cumulative,hp
13,mp_shock_di,DI Surprise,Contractionary,WH2M,mp_pos_x_wh2m,-118.69830941413245,-182.39649816277716,-55.00012066548773,38.72574903014396,0.009144231392842464,-1.0854048072220381,-1.6678757844445997,-0.5029338299994764,2263,driscoll_kraay,cumulative,hp
14,mp_shock_di,DI Surprise,Contractionary,WH2M,mp_pos_x_wh2m,-87.638746011331,-166.2165729978641,-9.060919024797883,47.771926753243804,0.009144231392842464,-0.8013889725061601,-1.51992280481776,-0.08285514019456033,2236,driscoll_kraay,cumulative,hp
15,mp_shock_di,DI Surprise,Contractionary,WH2M,mp_pos_x_wh2m,-116.7169972040928,-176.3564147772161,-57.07757963096953,36.25819136481913,0.009144231392842464,-1.0672872299119716,-1.612643864334966,-0.5219305954889771,2209,driscoll_kraay,cumulative,hp
16,mp_shock_di,DI Surprise,Contractionary,WH2M,mp_pos_x_wh2m,-59.9947334068237,-123.1662634366566,3.17679662300921,38.40556326395642,0.009144231392842464,-0.5486057246238918,-1.1262608126565803,0.029049363408796745,2182,driscoll_kraay,cumulative,hp
17,mp_shock_di,DI Surprise,Contractionary,WH2M,mp_pos_x_wh2m,-54.21123802329034,-203.5958535163767,95.17337746979601,90.81939757153461,0.009144231392842464,-0.4957201045774266,-1.8617275951770078,0.8702873860221544,2155,driscoll_kraay,cumulative,hp
18,mp_shock_di,DI Surprise,Contractionary,WH2M,mp_pos_x_wh2m,-98.36793857171094,-230.39984491103505,33.66396776761317,80.26969948932695,0.009144231392842464,-0.8994991919366383,-2.106829494741522,0.3078311108682452,2128,driscoll_kraay,cumulative,hp
19,mp_shock_di,DI Surprise,Contractionary,WH2M,mp_pos_x_wh2m,-88.00985168906247,-237.64658414618543,61.626880768060474,90.9726738022615,0.009144231392842464,-0.8047824486945344,-2.173095355151327,0.5635304577622581,2101,driscoll_kraay,cumulative,hp
20,mp_shock_di,DI Surprise,Contractionary,WH2M,mp_pos_x_wh2m,-49.91943223851021,-185.7426952895416,85.90383081252116,82.57468070442393,0.009144231392842464,-0.4564748393882572,-1.6984741852577983,0.7855245064812838,2074,driscoll_kraay,cumulative,hp
21,mp_shock_di,DI Surprise,Contractionary,WH2M,mp_pos_x_wh2m,-174.71450194777057,-276.9737134301485,-72.45529046539264,62.16918624662212,0.009144231392842464,-1.5976298334956396,-2.5327117253401163,-0.6625479416511626,2047,driscoll_kraay,cumulative,hp
22,mp_shock_di,DI Surprise,Contractionary,WH2M,mp_pos_x_wh2m,-145.83815676149356,-245.79043871708848,-45.88587480589865,60.766672680075395,0.009144231392842464,-1.3335778513327299,-2.2475646457773224,-0.4195910568881376,2020,driscoll_kraay,cumulative,hp
23,mp_shock_di,DI Surprise,Contractionary,WH2M,mp_pos_x_wh2m,-39.858605953498646,-136.47682108016593,56.75960917316865,58.73970397337844,0.009144231392842464,-0.36447631583491985,-1.2479756317165975,0.5190230000467578,1993,driscoll_kraay,cumulative,hp
24,mp_shock_di,DI Surprise,Contractionary,WH2M,mp_pos_x_wh2m,-178.7742656741361,-334.80332810689663,-22.745203241375577,94.85893448278476,0.009144231392842464,-1.6347532524097943,-3.06151910330322,-0.20798740151636874,1966,driscoll_kraay,cumulative,hp
0,mp_shock_di,DI Surprise,Expansionary,PH2M,mp_neg_x_ph2m,-15.174157306467027,-108.45314569443792,78.10483108150387,56.70959826428551,0.011528546534001646,-0.1749359786218662,-1.2503071368971879,0.9004351796534555,2614,driscoll_kraay,cumulative,hp
1,mp_shock_di,DI Surprise,Expansionary,PH2M,mp_neg_x_ph2m,-1.1437641714219084,-54.09221319901874,51.80468485617492,32.19037132545957,0.011528546534001646,-0.013185938474161307,-0.6236045969920255,0.597232720043703,2587,driscoll_kraay,cumulative,hp
2,mp_shock_di,DI Surprise,Expansionary,PH2M,mp_neg_x_ph2m,-36.46657818976506,-129.44572409405305,56.512567714522916,56.527306977833085,0.011528546534001646,-0.42040664359651597,-1.4923210538458285,0.6515077666527964,2560,driscoll_kraay,cumulative,hp
3,mp_shock_di,DI Surprise,Expansionary,PH2M,mp_neg_x_ph2m,-17.986143402154116,-101.60913098101827,65.63684417671004,50.839166603443495,0.011528546534001646,-0.2073540911789604,-1.1714055947941373,0.7566974124362167,2533,driscoll_kraay,cumulative,hp
4,mp_shock_di,DI Surprise,Expansionary,PH2M,mp_neg_x_ph2m,-90.87600553663583,-152.02733980263156,-29.724671270640115,37.17737144753238,0.011528546534001646,-1.0476682586532973,-1.7526542613551186,-0.3426822559514764,2506,driscoll_kraay,cumulative,hp
5,mp_shock_di,DI Surprise,Expansionary,PH2M,mp_neg_x_ph2m,-130.28488915636493,-201.51893350605738,-59.05084480667247,43.307223927101504,0.011528546534001646,-1.5019954073163995,-2.323220402406966,-0.680770412225833,2479,driscoll_kraay,cumulative,hp
6,mp_shock_di,DI Surprise,Expansionary,PH2M,mp_neg_x_ph2m,-39.684187232195335,-111.47586983252558,32.1074953681349,43.64624391131207,0.011528546534001646,-0.4575009991703979,-1.2851547527825813,0.37015275444178547,2452,driscoll_kraay,cumulative,hp
7,mp_shock_di,DI Surprise,Expansionary,PH2M,mp_neg_x_ph2m,-73.27540859891253,-203.02656385156365,56.47574665373857,78.8831012842939,0.011528546534001646,-0.8447589578305474,-2.340601189001208,0.6510832733401128,2425,driscoll_kraay,cumulative,hp
8,mp_shock_di,DI Surprise,Expansionary,PH2M,mp_neg_x_ph2m,-106.17915371772426,-243.27444826934044,30.916140833891916,83.34802094561142,0.011528546534001646,-1.224091314575698,-2.8046007974066676,0.3564181682552714,2398,driscoll_kraay,cumulative,hp
9,mp_shock_di,DI Surprise,Expansionary,PH2M,mp_neg_x_ph2m,-93.87250906488818,-170.7689463731823,-16.976071756594067,46.74971441125248,0.011528546534001646,-1.0822135890180546,-1.9687177448256636,-0.19570943321044576,2371,driscoll_kraay,cumulative,hp
10,mp_shock_di,DI Surprise,Expansionary,PH2M,mp_neg_x_ph2m,-80.09307585163477,-153.9149679514529,-6.271183751816636,44.880523646737906,0.011528546534001646,-0.9233567520068948,-1.7744158703076967,-0.07229763370609311,2344,driscoll_kraay,cumulative,hp
11,mp_shock_di,DI Surprise,Expansionary,PH2M,mp_neg_x_ph2m,-21.02448061704343,-95.57816299937718,53.52920176529032,45.32542054851992,0.011528546534001646,-0.24238170314680083,-1.1018772997727142,0.6171138934791125,2317,driscoll_kraay,cumulative,hp
12,mp_shock_di,DI Surprise,Expansionary,PH2M,mp_neg_x_ph2m,-63.02543035533988,-162.91602734904228,36.86516663836254,60.72917088606663,0.011528546534001646,-0.7265916066770156,-1.8781850024281186,0.42500178907408753,2290,driscoll_kraay,cumulative,hp
13,mp_shock_di,DI Surprise,Expansionary,PH2M,mp_neg_x_ph2m,-26.86764838202144,-146.2653600854882,92.53006332144533,72.58865454475445,0.011528546534001646,-0.3097449346313282,-1.6862270100580576,1.0667371407954014,2263,driscoll_kraay,cumulative,hp
14,mp_shock_di,DI Surprise,Expansionary,PH2M,mp_neg_x_ph2m,-56.18402946360357,-151.74132240960637,39.37326348239922,58.094709085516726,0.011528546534001646,-0.6477201981388733,-1.7493568965300936,0.45391650025234703,2236,driscoll_kraay,cumulative,hp
15,mp_shock_di,DI Surprise,Expansionary,PH2M,mp_neg_x_ph2m,-128.99827213136783,-197.75069585024056,-60.24584841249511,41.79850571038145,0.011528546534001646,-1.4871625830722817,-2.2797780992407044,-0.694547066903859,2209,driscoll_kraay,cumulative,hp
16,mp_shock_di,DI Surprise,Expansionary,PH2M,mp_neg_x_ph2m,9.223745114994337,-75.1475586889764,93.59504891896509,51.29411056492748,0.011528546534001646,0.10633637477598257,-0.8663421272624842,1.0790148768144494,2182,driscoll_kraay,cumulative,hp
17,mp_shock_di,DI Surprise,Expansionary,PH2M,mp_neg_x_ph2m,-68.45449571589539,-190.09429380190812,53.185302370117356,73.95174627875961,0.011528546534001646,-0.7891808393223163,-2.1915109119434786,0.613149233298846,2155,driscoll_kraay,cumulative,hp
18,mp_shock_di,DI Surprise,Expansionary,PH2M,mp_neg_x_ph2m,-27.111551570936932,-142.84948505850502,88.62638191663115,70.36366737511698,0.011528546534001646,-0.31255678389453184,-1.6468469358551479,1.021733368066084,2128,driscoll_kraay,cumulative,hp
19,mp_shock_di,DI Surprise,Expansionary,PH2M,mp_neg_x_ph2m,46.25556915237199,-41.141670530934775,133.65280883567874,53.133748955696745,0.011528546534001646,0.5332594814298516,-0.4743036632024457,1.5408226260621487,2101,driscoll_kraay,cumulative,hp
20,mp_shock_di,DI Surprise,Expansionary,PH2M,mp_neg_x_ph2m,56.41641485791441,-19.276098459423558,132.10892817525237,46.017780595848194,0.011528546534001646,0.6503992639710081,-0.22222539808346192,1.523023926025478,2074,driscoll_kraay,cumulative,hp
21,mp_shock_di,DI Surprise,Expansionary,PH2M,mp_neg_x_ph2m,36.41699631416953,-48.1389053873938,120.97289801573285,51.40633811792543,0.011528546534001646,0.41983503663646987,-0.5549716108544719,1.3946416841274116,2047,driscoll_kraay,cumulative,hp
22,mp_shock_di,DI Surprise,Expansionary,PH2M,mp_neg_x_ph2m,111.86056885425705,0.5822983620459752,223.13883934646813,67.65238478906558,0.011528546534001646,1.2895897733561976,0.006713053763519963,2.5724664929488754,2020,driscoll_kraay,cumulative,hp
23,mp_shock_di,DI Surprise,Expansionary,PH2M,mp_neg_x_ph2m,64.25158804172314,-22.734598259281967,151.23777434272824,52.88384624364602,0.011528546534001646,0.7407274226225089,-0.26209687396396497,1.7435517192089827,1993,driscoll_kraay,cumulative,hp
24,mp_shock_di,DI Surprise,Expansionary,PH2M,mp_neg_x_ph2m,70.83176608302048,-4.9379907649542645,146.60152293099523,46.06474132801982,0.011528546534001646,0.8165873113736211,-0.05692785631824562,1.690102479065488,1966,driscoll_kraay,cumulative,hp
0,mp_shock_di,DI Surprise,Expansionary,WH2M,mp_neg_x_wh2m,17.863100390522664,-50.87663937415634,86.60284015520166,41.790794413773725,0.013506336752599712,0.24126504931989454,-0.6871570242279295,1.1696871228677184,2614,driscoll_kraay,cumulative,hp
1,mp_shock_di,DI Surprise,Expansionary,WH2M,mp_neg_x_wh2m,12.321522489708512,-96.65504070862062,121.29808568803765,66.2530461146889,0.013506336752599712,0.16641863205073398,-1.305455528646864,1.638292792748332,2587,driscoll_kraay,cumulative,hp
2,mp_shock_di,DI Surprise,Expansionary,WH2M,mp_neg_x_wh2m,59.201526942521056,-26.81904700372567,145.22210088876778,52.29679561559225,0.013506336752599712,0.7995957591537942,-0.3622270802161192,1.9614185985237076,2560,driscoll_kraay,cumulative,hp
3,mp_shock_di,DI Surprise,Expansionary,WH2M,mp_neg_x_wh2m,52.99882150450596,-0.33901297646333006,106.33665598547526,32.42710087208443,0.013506336752599712,0.7158199307307809,-0.004578823423614896,1.4362186848851768,2533,driscoll_kraay,cumulative,hp
4,mp_shock_di,DI Surprise,Expansionary,WH2M,mp_neg_x_wh2m,37.34994292750287,-59.1379722889692,133.83785814397496,58.66048725277778,0.013506336752599712,0.5044609068692337,-0.7987373686007281,1.8076591823391956,2506,driscoll_kraay,cumulative,hp
5,mp_shock_di,DI Surprise,Expansionary,WH2M,mp_neg_x_wh2m,27.48917440496437,-79.33426212435197,134.3126109342807,64.94403804629114,0.013506336752599712,0.3712780465643936,-1.0715152602705142,1.8140713533993016,2479,driscoll_kraay,cumulative,hp
6,mp_shock_di,DI Surprise,Expansionary,WH2M,mp_neg_x_wh2m,29.206421542950846,-63.73097748630731,122.14382057220901,56.501926679947744,0.013506336752599712,0.394471764697477,-0.8607720435024172,1.6497155728973714,2452,driscoll_kraay,cumulative,hp
7,mp_shock_di,DI Surprise,Expansionary,WH2M,mp_neg_x_wh2m,155.17259040211474,70.3347905465132,240.01039025771627,51.57772002657627,0.013506336752599712,2.0958132607441837,0.9499653665447741,3.241661154943593,2425,driscoll_kraay,cumulative,hp
8,mp_shock_di,DI Surprise,Expansionary,WH2M,mp_neg_x_wh2m,99.67647957374896,16.12192307007726,183.23103607742067,50.79756346376518,0.013506336752599712,1.3462640994366801,0.21774812208396965,2.474780076789391,2398,driscoll_kraay,cumulative,hp
9,mp_shock_di,DI Surprise,Expansionary,WH2M,mp_neg_x_wh2m,-6.660214787517098,-78.7186664404304,65.39823686539621,43.808427979372574,0.013506336752599712,-0.08995510376485026,-1.0632008176600227,0.8832906101303223,2371,driscoll_kraay,cumulative,hp
10,mp_shock_di,DI Surprise,Expansionary,WH2M,mp_neg_x_wh2m,-3.6745831249565866,-101.7610014647852,94.41183521487203,59.63230814745468,0.013506336752599712,-0.049630157111083845,-1.3744183540651815,1.2751580398430138,2344,driscoll_kraay,cumulative,hp
11,mp_shock_di,DI Surprise,Expansionary,WH2M,mp_neg_x_wh2m,-25.381739413394452,-92.68292504700509,41.91944622021617,40.916215601715805,0.013506336752599712,-0.34281431988403815,-1.2518067969008093,0.5661781571327328,2317,driscoll_kraay,cumulative,hp
12,mp_shock_di,DI Surprise,Expansionary,WH2M,mp_neg_x_wh2m,-48.74748584077859,-148.09128867363864,50.596316992081476,60.396743640333064,0.013506336752599712,-0.6583999596081419,-2.000170814952619,0.6833708957363354,2290,driscoll_kraay,cumulative,hp
13,mp_shock_di,DI Surprise,Expansionary,WH2M,mp_neg_x_wh2m,25.253248125508907,-119.0811513341696,169.58764758518743,87.74908423139395,0.013506336752599712,0.34107887328008074,-1.6083501308065833,2.290507877366745,2263,driscoll_kraay,cumulative,hp
14,mp_shock_di,DI Surprise,Expansionary,WH2M,mp_neg_x_wh2m,104.80654063872655,25.962157321138136,183.65092395631495,47.933981495798214,0.013506336752599712,1.4155524317416677,0.3506536396032637,2.4804512238800718,2236,driscoll_kraay,cumulative,hp
15,mp_shock_di,DI Surprise,Expansionary,WH2M,mp_neg_x_wh2m,105.15050340601938,37.497239609337086,172.8037672027017,41.13026392632218,0.013506336752599712,1.4201981087070807,0.5064503454566271,2.3339458719575346,2209,driscoll_kraay,cumulative,hp
16,mp_shock_di,DI Surprise,Expansionary,WH2M,mp_neg_x_wh2m,-26.941280329581904,-73.05751974984804,19.174959090684236,28.036682817629654,0.013506336752599712,-0.36387800467752374,-0.986739464051152,0.25898345469610445,2182,driscoll_kraay,cumulative,hp
17,mp_shock_di,DI Surprise,Expansionary,WH2M,mp_neg_x_wh2m,17.3904532239055,-41.76761549875326,76.54852194656425,35.96555204264635,0.013506336752599712,0.234881317522401,-0.5641274802792645,1.0338901153240665,2155,driscoll_kraay,cumulative,hp
18,mp_shock_di,DI Surprise,Expansionary,WH2M,mp_neg_x_wh2m,60.19784416682021,-15.008830309438586,135.404518643079,45.72241155320603,0.013506336752599712,0.813052355097594,-0.2027143164219029,1.828819026617091,2128,driscoll_kraay,cumulative,hp
19,mp_shock_di,DI Surprise,Expansionary,WH2M,mp_neg_x_wh2m,59.96823910151517,-10.148099222952524,130.08457742598284,42.62770691299715,0.013506336752599712,0.8099512317654814,-0.13706364550399225,1.7569661090349549,2101,driscoll_kraay,cumulative,hp
20,mp_shock_di,DI Surprise,Expansionary,WH2M,mp_neg_x_wh2m,80.55104297342464,14.151054327329462,146.95103161951982,40.36832673625749,0.013506336752599712,1.087949512172204,0.1911289051492451,1.984770119195163,2074,driscoll_kraay,cumulative,hp
21,mp_shock_di,DI Surprise,Expansionary,WH2M,mp_neg_x_wh2m,113.6306924072532,38.57273710711503,188.6886477073914,45.63199671404721,0.013506336752599712,1.534734397083437,0.5209763768381944,2.54849241732868,2047,driscoll_kraay,cumulative,hp
22,mp_shock_di,DI Surprise,Expansionary,WH2M,mp_neg_x_wh2m,-16.10422866625201,-57.32069332456301,25.112235992058988,25.05783127627016,0.013506336752599712,-0.21750913550726936,-0.7741925869340424,0.3391743159195036,2020,driscoll_kraay,cumulative,hp
23,mp_shock_di,DI Surprise,Expansionary,WH2M,mp_neg_x_wh2m,46.312471658874074,-29.851666708190393,122.47661002593854,46.304508266930156,0.013506336752599712,0.6255118380699835,-0.4031866631871892,1.654210339327156,1993,driscoll_kraay,cumulative,hp
24,mp_shock_di,DI Surprise,Expansionary,WH2M,mp_neg_x_wh2m,38.36162221514949,-51.54253731798472,128.2657817482837,54.65784800545458,0.013506336752599712,0.5181249880138191,-0.6961508661001392,1.7324008421277775,1966,driscoll_kraay,cumulative,hp
0,eps_rr,eps_rr (OLS),Full (Signed),PH2M,mp_x_ph2m,46.90179661896979,4.168951354969323,89.63464188297026,25.979725225277583,0.03387110081538869,1.5886154817039821,0.14120697163861723,3.036023991769347,2614,driscoll_kraay,cumulative,hp
1,eps_rr,eps_rr (OLS),Full (Signed),PH2M,mp_x_ph2m,18.00023528744887,-27.409964098233136,63.41043467313088,27.60744095500101,0.03387110081538869,0.6096877841218976,-0.9284056573174391,2.1477812255612343,2587,driscoll_kraay,cumulative,hp
2,eps_rr,eps_rr (OLS),Full (Signed),PH2M,mp_x_ph2m,-5.663560269397766,-40.851671421576135,29.524550882780606,21.392852577037566,0.03387110081538869,-0.19183102085880163,-1.3836910811973382,1.000029039479735,2560,driscoll_kraay,cumulative,hp
3,eps_rr,eps_rr (OLS),Full (Signed),PH2M,mp_x_ph2m,33.95252081829903,-8.92454366198777,76.82958529858583,26.06740428311182,0.03387110081538869,1.1500092555731896,-0.3022841181065259,2.6023026292529052,2533,driscoll_kraay,cumulative,hp
4,eps_rr,eps_rr (OLS),Full (Signed),PH2M,mp_x_ph2m,22.22523242473068,-38.11497583404531,82.56544068350668,36.68424184990184,0.03387110081538869,0.7527930881034984,-1.2909961890510522,2.7965823652580495,2506,driscoll_kraay,cumulative,hp
5,eps_rr,eps_rr (OLS),Full (Signed),PH2M,mp_x_ph2m,22.033466740030306,-19.2674880953536,63.33442157541421,25.109197656651073,0.03387110081538869,0.7462977732640801,-0.6526110317370232,2.1452065782651832,2479,driscoll_kraay,cumulative,hp
6,eps_rr,eps_rr (OLS),Full (Signed),PH2M,mp_x_ph2m,40.814050592193766,0.6522796787339686,80.97582150565356,24.416623008513263,0.03387110081538869,1.3824168222925695,0.022093430758227596,2.7427402138269112,2452,driscoll_kraay,cumulative,hp
7,eps_rr,eps_rr (OLS),Full (Signed),PH2M,mp_x_ph2m,41.33611366587715,1.6421257469193264,81.03010158483497,24.132231141153643,0.03387110081538869,1.400099673293291,0.05562060672544996,2.7445787398611317,2425,driscoll_kraay,cumulative,hp
8,eps_rr,eps_rr (OLS),Full (Signed),PH2M,mp_x_ph2m,70.935692260129,27.370408113127887,114.50097640713011,26.485812131346826,0.03387110081538869,2.4026699839522165,0.9270658525580872,3.8782741153463456,2398,driscoll_kraay,cumulative,hp
9,eps_rr,eps_rr (OLS),Full (Signed),PH2M,mp_x_ph2m,66.35219964156182,19.14694310388773,113.55745617923591,28.69875821422668,0.03387110081538869,2.2474220433821377,0.6485280401782925,3.846316046585983,2371,driscoll_kraay,cumulative,hp
10,eps_rr,eps_rr (OLS),Full (Signed),PH2M,mp_x_ph2m,26.422713874353523,-32.60224328741137,85.44767103611842,35.88462595979449,0.03387110081538869,0.8949664054543977,-1.1042738691957397,2.894206680104535,2344,driscoll_kraay,cumulative,hp
11,eps_rr,eps_rr (OLS),Full (Signed),PH2M,mp_x_ph2m,70.93589508098773,23.131899870393838,118.73989029158163,29.062765480958063,0.03387110081538869,2.40267685371797,0.7835029125615862,4.021850794874354,2317,driscoll_kraay,cumulative,hp
12,eps_rr,eps_rr (OLS),Full (Signed),PH2M,mp_x_ph2m,42.191481155800744,-11.372725380739688,95.75568769234118,32.56472530982281,0.03387110081538869,1.429071911778699,-0.3852067279167637,3.243350551474162,2290,driscoll_kraay,cumulative,hp
13,eps_rr,eps_rr (OLS),Full (Signed),PH2M,mp_x_ph2m,52.710605515816574,-1.9490903011600054,107.37030133279316,33.23073550215008,0.03387110081538869,1.7853662334664062,-0.06601783408888684,3.6367503010216997,2263,driscoll_kraay,cumulative,hp
14,eps_rr,eps_rr (OLS),Full (Signed),PH2M,mp_x_ph2m,41.769669617580504,-12.03304164892554,95.57238088408656,32.70972588984868,0.03387110081538869,1.4147846906425472,-0.4075723668065279,3.2371417480916223,2236,driscoll_kraay,cumulative,hp
15,eps_rr,eps_rr (OLS),Full (Signed),PH2M,mp_x_ph2m,53.21786290198401,-8.27668347337569,114.71240927734371,37.38602959421506,0.03387110081538869,1.802547599532634,-0.28034038034376946,3.8854355794090374,2209,driscoll_kraay,cumulative,hp
16,eps_rr,eps_rr (OLS),Full (Signed),PH2M,mp_x_ph2m,44.642486484791114,-10.856704176416663,100.1416771459989,33.74111212805514,0.03387110081538869,1.5120901603759869,-0.3677285216822602,3.391908842434234,2182,driscoll_kraay,cumulative,hp
17,eps_rr,eps_rr (OLS),Full (Signed),PH2M,mp_x_ph2m,40.826722902562125,-12.890329086190505,94.54377489131475,32.65764874672186,0.03387110081538869,1.38284604739462,-0.43660963602189573,3.202301730811136,2155,driscoll_kraay,cumulative,hp
18,eps_rr,eps_rr (OLS),Full (Signed),PH2M,mp_x_ph2m,45.711399737503925,-3.0248946538323835,94.44769412884023,29.629563137276154,0.03387110081538869,1.5482954289215274,-0.10245651177588692,3.1990473696189414,2128,driscoll_kraay,cumulative,hp
19,eps_rr,eps_rr (OLS),Full (Signed),PH2M,mp_x_ph2m,9.669802341450811,-41.5000885948713,60.83969327777292,31.109084782917154,0.03387110081538869,0.327526849972162,-1.405653684644448,2.0607073845887722,2101,driscoll_kraay,cumulative,hp
20,eps_rr,eps_rr (OLS),Full (Signed),PH2M,mp_x_ph2m,9.493706751347993,-39.92506567034842,58.9124791730444,30.04448031846327,0.03387110081538869,0.3215622984866441,-1.352305924381385,1.9954305213546735,2074,driscoll_kraay,cumulative,hp
21,eps_rr,eps_rr (OLS),Full (Signed),PH2M,mp_x_ph2m,6.544547811390011,-36.42826048280502,49.517356105585044,26.12561238889062,0.03387110081538869,0.22167103871072244,-1.2338652833423287,1.6772073607637736,2047,driscoll_kraay,cumulative,hp
22,eps_rr,eps_rr (OLS),Full (Signed),PH2M,mp_x_ph2m,-39.169801010254204,-104.61513484873176,26.275532828223348,39.78793782384893,0.03387110081538869,-1.326724278937034,-3.5434297792768756,0.8899812214028081,2020,driscoll_kraay,cumulative,hp
23,eps_rr,eps_rr (OLS),Full (Signed),PH2M,mp_x_ph2m,-27.226764088208846,-89.07621841695192,34.62269024053422,37.601798309174306,0.03387110081538869,-0.9222004713085261,-3.017109574254161,1.1727086316371085,1993,driscoll_kraay,cumulative,hp
24,eps_rr,eps_rr (OLS),Full (Signed),PH2M,mp_x_ph2m,-30.393889497243016,-83.88225013757992,23.094471143093884,32.5186142790534,0.03387110081538869,-1.0294744953329016,-2.841184151031621,0.7822351603658177,1966,driscoll_kraay,cumulative,hp
0,eps_rr,eps_rr (OLS),Full (Signed),WH2M,mp_x_wh2m,-3.6590698533535817,-27.368701705984332,20.050561999277168,14.414432666919765,0.04034387483328886,-0.14762105616995755,-1.1041594759758513,0.8089173636359361,2614,driscoll_kraay,cumulative,hp
1,eps_rr,eps_rr (OLS),Full (Signed),WH2M,mp_x_wh2m,0.8261664728887815,-30.4476215180921,32.099954463869665,19.013113068877075,0.04034387483328886,0.03333075677368474,-1.2283750314972604,1.29503654504463,2587,driscoll_kraay,cumulative,hp
2,eps_rr,eps_rr (OLS),Full (Signed),WH2M,mp_x_wh2m,-16.22540796733674,-42.082050701224716,9.631234766551241,15.719722600369009,0.04034387483328886,-0.6545958281532813,-1.6977529862183258,0.38856132991176334,2560,driscoll_kraay,cumulative,hp
3,eps_rr,eps_rr (OLS),Full (Signed),WH2M,mp_x_wh2m,-21.4505250590457,-49.868621564427755,6.967571446336361,17.276975920375,0.04034387483328886,-0.8653972980904658,-2.011893426503923,0.2810988303229916,2533,driscoll_kraay,cumulative,hp
4,eps_rr,eps_rr (OLS),Full (Signed),WH2M,mp_x_wh2m,-10.440741280409723,-47.62243870208708,26.74095614126763,22.604866969584968,0.04034387483328886,-0.42121995938360196,-1.9212737062529726,1.0788337874857685,2506,driscoll_kraay,cumulative,hp
5,eps_rr,eps_rr (OLS),Full (Signed),WH2M,mp_x_wh2m,-10.891885441887156,-43.85135307471711,22.0675821909428,20.037933523553804,0.04034387483328886,-0.4394208629660166,-1.7691334997167438,0.8902917737847108,2479,driscoll_kraay,cumulative,hp
6,eps_rr,eps_rr (OLS),Full (Signed),WH2M,mp_x_wh2m,-11.536763364445719,-47.43437925053673,24.360852521645292,21.824200827293495,0.04034387483328886,-0.4654377371564706,-1.913686659278408,0.982811184965467,2452,driscoll_kraay,cumulative,hp
7,eps_rr,eps_rr (OLS),Full (Signed),WH2M,mp_x_wh2m,-20.465874680358436,-55.68853958250686,14.756790221789988,21.413859765400026,0.04034387483328886,-0.8256726864581565,-2.246691470565309,0.5953460976489963,2425,driscoll_kraay,cumulative,hp
8,eps_rr,eps_rr (OLS),Full (Signed),WH2M,mp_x_wh2m,-17.095101815440643,-48.27032318539935,14.080119554518067,18.95318881822819,0.04034387483328886,-0.6896826479044665,-1.9474118767541526,0.5680465809452199,2398,driscoll_kraay,cumulative,hp
9,eps_rr,eps_rr (OLS),Full (Signed),WH2M,mp_x_wh2m,-7.631221069655594,-35.925479471509426,20.663037332198236,17.20168769928402,0.04034387483328886,-0.30787302765934205,-1.4493730471244648,0.8336269918057807,2371,driscoll_kraay,cumulative,hp
10,eps_rr,eps_rr (OLS),Full (Signed),WH2M,mp_x_wh2m,-5.620173024458722,-45.6800584783885,34.43971242947106,24.354681047319524,0.04034387483328886,-0.22673955704018917,-1.8429105616294215,1.389431447549043,2344,driscoll_kraay,cumulative,hp
11,eps_rr,eps_rr (OLS),Full (Signed),WH2M,mp_x_wh2m,0.7533540615441299,-36.62014969882255,38.12685782191081,22.72147694359513,0.04034387483328886,0.03039322196408617,-1.4773987358255978,1.5381851797537702,2317,driscoll_kraay,cumulative,hp
12,eps_rr,eps_rr (OLS),Full (Signed),WH2M,mp_x_wh2m,14.052373592798688,-19.32494099355811,47.429688179155484,20.291966433643967,0.04034387483328886,0.566927201338484,-0.7796430006048013,1.9134974032817693,2290,driscoll_kraay,cumulative,hp
13,eps_rr,eps_rr (OLS),Full (Signed),WH2M,mp_x_wh2m,-7.194849834868679,-43.22929000983025,28.839590340092897,21.907384088483823,0.04034387483328886,-0.29026812118225104,-1.7440370652885364,1.1635008229240345,2263,driscoll_kraay,cumulative,hp
14,eps_rr,eps_rr (OLS),Full (Signed),WH2M,mp_x_wh2m,27.63889741412054,-8.93182918956936,64.20962401781044,22.233423086690777,0.04034387483328886,1.1150602178053903,-0.36034459885630216,2.590465034467083,2236,driscoll_kraay,cumulative,hp
15,eps_rr,eps_rr (OLS),Full (Signed),WH2M,mp_x_wh2m,28.444552353826733,-13.792055968482362,70.68116067613583,25.67803458632931,0.04034387483328886,1.147563459851718,-0.556424979686167,2.851551899389603,2209,driscoll_kraay,cumulative,hp
16,eps_rr,eps_rr (OLS),Full (Signed),WH2M,mp_x_wh2m,11.272367069546084,-18.06474437143237,40.60947851052454,17.835697329099784,0.04034387483328886,0.45477096612865436,-0.728801785816427,1.638343718073736,2182,driscoll_kraay,cumulative,hp
17,eps_rr,eps_rr (OLS),Full (Signed),WH2M,mp_x_wh2m,19.633804072121645,-11.564768039713343,50.83237618395663,18.96738506128208,0.04034387483328886,0.7921037339869929,-0.4665675542702145,2.0507750222442,2155,driscoll_kraay,cumulative,hp
18,eps_rr,eps_rr (OLS),Full (Signed),WH2M,mp_x_wh2m,4.651129336470672,-37.48634734548155,46.7886060184229,25.61776682831573,0.04034387483328886,0.18764457978401067,-1.5123445052632978,1.8876336648313194,2128,driscoll_kraay,cumulative,hp
19,eps_rr,eps_rr (OLS),Full (Signed),WH2M,mp_x_wh2m,2.0981055442586225,-37.58149394227644,41.77770503079368,24.123483595361726,0.04034387483328886,0.08464570746459928,-1.5161830876552043,1.685474502584403,2101,driscoll_kraay,cumulative,hp
20,eps_rr,eps_rr (OLS),Full (Signed),WH2M,mp_x_wh2m,-4.568928906054166,-42.86981364947079,33.731955837362456,23.285284548025395,0.04034387483328886,-0.18432829590804467,-1.7295343960006682,1.3608778041845786,2074,driscoll_kraay,cumulative,hp
21,eps_rr,eps_rr (OLS),Full (Signed),WH2M,mp_x_wh2m,-25.004968819744743,-65.53660519060112,15.52666755111164,24.64148524022569,0.04034387483328886,-1.0087973322740726,-2.6440005968082807,0.6264059322601357,2047,driscoll_kraay,cumulative,hp
22,eps_rr,eps_rr (OLS),Full (Signed),WH2M,mp_x_wh2m,13.8223836221291,-37.67480766479223,65.31957490905043,31.308069267151065,0.04034387483328886,0.5576485147488783,-1.5199477247966098,2.635244754294366,2020,driscoll_kraay,cumulative,hp
23,eps_rr,eps_rr (OLS),Full (Signed),WH2M,mp_x_wh2m,7.2281104871976005,-34.38120335927276,48.83742433366797,25.296666624122647,0.04034387483328886,0.2916099847766826,-1.387070964944351,1.9702909344977162,1993,driscoll_kraay,cumulative,hp
24,eps_rr,eps_rr (OLS),Full (Signed),WH2M,mp_x_wh2m,-20.92221117280944,-53.345836771737304,11.501414426118423,19.71216469821753,0.04034387483328886,-0.8440830687914619,-2.152177761596028,0.46401162401310453,1966,driscoll_kraay,cumulative,hp
0,eps_rr,eps_rr (OLS),Contractionary,PH2M,mp_pos_x_ph2m,74.77785645909844,32.730453063383735,116.82525985481315,25.56300615857489,0.015225064354863913,1.13849767690855,0.49832325425387003,1.7786720995632297,2614,driscoll_kraay,cumulative,hp
1,eps_rr,eps_rr (OLS),Contractionary,PH2M,mp_pos_x_ph2m,-0.7497356458039135,-74.1658470304124,72.66637573880458,44.633826488668156,0.015225064354863913,-0.011414773456500039,-1.1291797939710213,1.1063502470580213,2587,driscoll_kraay,cumulative,hp
2,eps_rr,eps_rr (OLS),Contractionary,PH2M,mp_pos_x_ph2m,-32.759835731986755,-83.92600851871472,18.406337054741222,31.106824308469328,0.015225064354863913,-0.49877060727426864,-1.2777788807442887,0.2802376661957514,2560,driscoll_kraay,cumulative,hp
3,eps_rr,eps_rr (OLS),Contractionary,PH2M,mp_pos_x_ph2m,31.079297778904152,-34.23843516636832,96.39703072417662,39.710361989066854,0.015225064354863913,0.47318430878779477,-0.5212823788177934,1.4676509963933828,2533,driscoll_kraay,cumulative,hp
4,eps_rr,eps_rr (OLS),Contractionary,PH2M,mp_pos_x_ph2m,1.6007290030047263,-74.48716439178284,77.6886223977923,46.258154615135496,0.015225064354863913,0.024371202085444108,-1.1340718714762215,1.1828142756471098,2506,driscoll_kraay,cumulative,hp
5,eps_rr,eps_rr (OLS),Contractionary,PH2M,mp_pos_x_ph2m,37.73969209929412,-50.51880080425242,125.99818500284066,53.657353734947534,0.015225064354863913,0.5745892409445021,-0.7691519933752939,1.918330475264298,2479,driscoll_kraay,cumulative,hp
6,eps_rr,eps_rr (OLS),Contractionary,PH2M,mp_pos_x_ph2m,49.62017433961467,-11.431305295772887,110.67165397500223,37.11666414265613,0.015225064354863913,0.7554703476202003,-0.17404235878823887,1.6849830540286395,2452,driscoll_kraay,cumulative,hp
7,eps_rr,eps_rr (OLS),Contractionary,PH2M,mp_pos_x_ph2m,34.96986650148961,-50.18680742225654,120.12654042523576,51.7715816948243,0.015225064354863913,0.5324184679661791,-0.7640973727690177,1.8289343087013759,2425,driscoll_kraay,cumulative,hp
8,eps_rr,eps_rr (OLS),Contractionary,PH2M,mp_pos_x_ph2m,17.888651846441334,-68.96130662547536,104.73861031835803,52.80102560425521,0.015225064354863913,0.27235587558382446,-1.0499403313683655,1.5946520825360144,2398,driscoll_kraay,cumulative,hp
9,eps_rr,eps_rr (OLS),Contractionary,PH2M,mp_pos_x_ph2m,-9.999146047215948,-94.62903527349106,74.63074317905917,51.4513193390502,0.015225064354863913,-0.15223764206254592,-1.4407331518775885,1.1362578677524968,2371,driscoll_kraay,cumulative,hp
10,eps_rr,eps_rr (OLS),Contractionary,PH2M,mp_pos_x_ph2m,-48.81005692011986,-167.5663478635267,69.94623402328698,72.19869841154598,0.015225064354863913,-0.7431362577733955,-2.551208429931707,1.064935914384916,2344,driscoll_kraay,cumulative,hp
11,eps_rr,eps_rr (OLS),Contractionary,PH2M,mp_pos_x_ph2m,70.10473701607084,-5.503033488437893,145.71250752057958,45.96626062383325,0.015225064354863913,1.067349132650489,-0.08378403900843817,2.2184823043094157,2317,driscoll_kraay,cumulative,hp
12,eps_rr,eps_rr (OLS),Contractionary,PH2M,mp_pos_x_ph2m,12.004989156611012,-69.31737541535014,93.32735372857218,49.44048712874342,0.015225064354863913,0.1827767324888461,-1.0553615016089675,1.4209149665866598,2290,driscoll_kraay,cumulative,hp
13,eps_rr,eps_rr (OLS),Contractionary,PH2M,mp_pos_x_ph2m,72.34556853921032,-22.370451650444693,167.06158872886533,57.583251565793844,0.015225064354863913,1.1014659367986952,-0.3405915660253921,2.543523439622782,2263,driscoll_kraay,cumulative,hp
14,eps_rr,eps_rr (OLS),Contractionary,PH2M,mp_pos_x_ph2m,46.160466973251054,-48.55071483804007,140.87164878454217,57.58031004061214,0.015225064354863913,0.7027960803183175,-0.7391877578838063,2.1447799185204413,2236,driscoll_kraay,cumulative,hp
15,eps_rr,eps_rr (OLS),Contractionary,PH2M,mp_pos_x_ph2m,8.873775691292446,-89.49609266247026,107.24364404505516,59.8046335199314,0.015225064354863913,0.1351038059705545,-1.3625837702949737,1.6327913822360829,2209,driscoll_kraay,cumulative,hp
16,eps_rr,eps_rr (OLS),Contractionary,PH2M,mp_pos_x_ph2m,-2.7069689333834535,-92.88979137683621,87.47585351006931,54.82726302558316,0.015225064354863913,-0.0412137762173804,-1.4142530516222143,1.3318254991874536,2182,driscoll_kraay,cumulative,hp
17,eps_rr,eps_rr (OLS),Contractionary,PH2M,mp_pos_x_ph2m,11.262763489068519,-91.13469450793777,113.6602214860748,62.253234159678414,0.015225064354863913,0.1714762989346798,-1.3875315888442152,1.730484186713575,2155,driscoll_kraay,cumulative,hp
18,eps_rr,eps_rr (OLS),Contractionary,PH2M,mp_pos_x_ph2m,48.03765691861085,-54.99320215472859,151.06851599195028,62.63831467137542,0.015225064354863913,0.7313764180427239,-0.8372750418857836,2.3000278779712313,2128,driscoll_kraay,cumulative,hp
19,eps_rr,eps_rr (OLS),Contractionary,PH2M,mp_pos_x_ph2m,-28.290108150055737,-95.52081782705773,38.94060152694626,40.87336926241007,0.015225064354863913,-0.4307187171906587,-1.454310598646186,0.5928731642648688,2101,driscoll_kraay,cumulative,hp
20,eps_rr,eps_rr (OLS),Contractionary,PH2M,mp_pos_x_ph2m,-5.2375331950929676,-91.16390468857115,80.68883829838522,52.23952459084877,0.015225064354863913,-0.07974177995602644,-1.3879763157241758,1.228492755812123,2074,driscoll_kraay,cumulative,hp
21,eps_rr,eps_rr (OLS),Contractionary,PH2M,mp_pos_x_ph2m,23.411411001644684,-34.542483991153915,81.36530599444329,35.233466396769195,0.015225064354863913,0.3564402391382093,-0.5259115417421748,1.2387920200185936,2047,driscoll_kraay,cumulative,hp
22,eps_rr,eps_rr (OLS),Contractionary,PH2M,mp_pos_x_ph2m,-54.80038909501792,-211.84031862134515,102.23954043130931,95.47349803847344,0.015225064354863913,-0.8343394506432303,-3.2252824839648557,1.556603582678395,2020,driscoll_kraay,cumulative,hp
23,eps_rr,eps_rr (OLS),Contractionary,PH2M,mp_pos_x_ph2m,-69.53226385160444,-207.53957474501334,68.47504704180444,83.90248751141948,0.015225064354863913,-1.0586331918800553,-3.1598033816739175,1.0425369979138064,1993,driscoll_kraay,cumulative,hp
24,eps_rr,eps_rr (OLS),Contractionary,PH2M,mp_pos_x_ph2m,17.850320981226382,-76.01613995135955,111.7167819138123,57.066756211344796,0.015225064354863913,0.2717722856941492,-1.1573506227677908,1.700895194156089,1966,driscoll_kraay,cumulative,hp
0,eps_rr,eps_rr (OLS),Contractionary,WH2M,mp_pos_x_wh2m,8.771435681824832,-28.98453497907476,46.527406342724426,22.95400030875423,0.017854107322251647,0.1566061540335281,-0.5174929982019576,0.8307053062690138,2614,driscoll_kraay,cumulative,hp
1,eps_rr,eps_rr (OLS),Contractionary,WH2M,mp_pos_x_wh2m,-0.6413790738849158,-34.2739174530932,32.99115930532337,20.447131482174463,0.017854107322251647,-0.011451250819387655,-0.6119302005615198,0.5890276989227445,2587,driscoll_kraay,cumulative,hp
2,eps_rr,eps_rr (OLS),Contractionary,WH2M,mp_pos_x_wh2m,-12.385891074851829,-60.973507391346274,36.20172524164262,29.53917328592056,0.017854107322251647,-0.22113902853212336,-1.0886275447792004,0.6463494877149538,2560,driscoll_kraay,cumulative,hp
3,eps_rr,eps_rr (OLS),Contractionary,WH2M,mp_pos_x_wh2m,-5.9938173404436625,-59.769661651099085,47.78202697021176,32.69339194048662,0.017854107322251647,-0.10701425806625409,-1.0671339537333917,0.8531054376008834,2533,driscoll_kraay,cumulative,hp
4,eps_rr,eps_rr (OLS),Contractionary,WH2M,mp_pos_x_wh2m,24.042333479568125,-29.159543804318456,77.2442107634547,32.34444476527041,0.017854107322251647,0.4292544022215732,-0.5206176245501998,1.379126428993346,2506,driscoll_kraay,cumulative,hp
5,eps_rr,eps_rr (OLS),Contractionary,WH2M,mp_pos_x_wh2m,18.49518062049576,-50.48225396639427,87.47261520738579,41.93530260484697,0.017854107322251647,0.33021493974276006,-0.9013155801851671,1.5617454596706872,2479,driscoll_kraay,cumulative,hp
6,eps_rr,eps_rr (OLS),Contractionary,WH2M,mp_pos_x_wh2m,-30.591786901527072,-93.23259914405861,32.04902534100447,38.082909759349455,0.017854107322251647,-0.5461890465193165,-1.6645848310504894,0.5722067380118565,2452,driscoll_kraay,cumulative,hp
7,eps_rr,eps_rr (OLS),Contractionary,WH2M,mp_pos_x_wh2m,-31.676211497693537,-104.71947980722072,41.367056811833656,44.40715399394149,0.017854107322251647,-0.565550479642162,-1.869672831208483,0.7385718719241592,2425,driscoll_kraay,cumulative,hp
8,eps_rr,eps_rr (OLS),Contractionary,WH2M,mp_pos_x_wh2m,5.759569225620541,-53.231981059105586,64.75111951034667,35.86431602066594,0.017854107322251647,0.10283196708416695,-0.950409502805338,1.1560734369736718,2398,driscoll_kraay,cumulative,hp
9,eps_rr,eps_rr (OLS),Contractionary,WH2M,mp_pos_x_wh2m,-20.484466986904543,-76.6155014632158,35.646567489406706,34.12524589214849,0.017854107322251647,-0.36573187202331453,-1.3679013856723827,0.6364376416257538,2371,driscoll_kraay,cumulative,hp
10,eps_rr,eps_rr (OLS),Contractionary,WH2M,mp_pos_x_wh2m,8.747897943005952,-86.14388408654662,103.63967997255853,57.69010717714895,0.017854107322251647,0.1561859087185327,-1.538022151636809,1.8503939690738744,2344,driscoll_kraay,cumulative,hp
11,eps_rr,eps_rr (OLS),Contractionary,WH2M,mp_pos_x_wh2m,27.93222005618976,-51.03130425495155,106.89574436733108,48.006414076789454,0.017854107322251647,0.4987048546319619,-0.9111183829623821,1.908528092226306,2317,driscoll_kraay,cumulative,hp
12,eps_rr,eps_rr (OLS),Contractionary,WH2M,mp_pos_x_wh2m,2.7124178364922433,-66.27944170706054,71.70427738004504,41.944072355800124,0.017854107322251647,0.04842779915552213,-1.1833602654967807,1.2802158638078254,2290,driscoll_kraay,cumulative,hp
13,eps_rr,eps_rr (OLS),Contractionary,WH2M,mp_pos_x_wh2m,-63.14152463116533,-125.84081846995306,-0.44223079237760743,38.118464045334505,0.017854107322251647,-1.1273355572554216,-2.246775478482529,-0.007895636028314189,2263,driscoll_kraay,cumulative,hp
14,eps_rr,eps_rr (OLS),Contractionary,WH2M,mp_pos_x_wh2m,43.91437312060261,-27.135347086821433,114.96409332802665,43.19516280552314,0.017854107322251647,0.784051930684642,-0.4844773991146584,2.0525812604839424,2236,driscoll_kraay,cumulative,hp
15,eps_rr,eps_rr (OLS),Contractionary,WH2M,mp_pos_x_wh2m,35.01523304533611,-42.44196203202787,112.47242812270008,47.09063092800609,0.017854107322251647,0.6251657287050832,-0.7577633450867551,2.0080948024969216,2209,driscoll_kraay,cumulative,hp
16,eps_rr,eps_rr (OLS),Contractionary,WH2M,mp_pos_x_wh2m,24.846909623894835,-36.69934737557071,86.39316662336039,37.41746742142264,0.017854107322251647,0.44361939105130566,-0.6552340867000338,1.5424728688026452,2182,driscoll_kraay,cumulative,hp
17,eps_rr,eps_rr (OLS),Contractionary,WH2M,mp_pos_x_wh2m,9.404842829127304,-47.90262988011184,66.71231553836645,34.84046955317922,0.017854107322251647,0.1679150732201477,-0.8552586948976153,1.1910888413379108,2155,driscoll_kraay,cumulative,hp
18,eps_rr,eps_rr (OLS),Contractionary,WH2M,mp_pos_x_wh2m,-1.0460348687255359,-69.88255070391179,67.7904809664607,41.84963008700418,0.017854107322251647,-0.01867601880904313,-1.2476905602203334,1.210338522602247,2128,driscoll_kraay,cumulative,hp
19,eps_rr,eps_rr (OLS),Contractionary,WH2M,mp_pos_x_wh2m,-27.94785645962961,-96.09762686557644,40.201913946317234,41.4321185115139,0.017854107322251647,-0.498984028657111,-1.715737343471695,0.7177692861574732,2101,driscoll_kraay,cumulative,hp
20,eps_rr,eps_rr (OLS),Contractionary,WH2M,mp_pos_x_wh2m,-59.45494670094389,-126.24221118178659,7.332317779898801,40.60377372582657,0.017854107322251647,-1.0615149992374038,-2.2539419870379747,0.13091198856316713,2074,driscoll_kraay,cumulative,hp
21,eps_rr,eps_rr (OLS),Contractionary,WH2M,mp_pos_x_wh2m,-50.14350804349959,-119.74050505237938,19.45348896538021,42.31196981209145,0.017854107322251647,-0.8952675741228303,-2.137859828025797,0.3473246797801364,2047,driscoll_kraay,cumulative,hp
22,eps_rr,eps_rr (OLS),Contractionary,WH2M,mp_pos_x_wh2m,-21.53571744932564,-132.6801954320236,89.6087605333723,67.57104471884846,0.017854107322251647,-0.38450101060194747,-2.368886448780672,1.5998844275767767,2020,driscoll_kraay,cumulative,hp
23,eps_rr,eps_rr (OLS),Contractionary,WH2M,mp_pos_x_wh2m,10.053173358035366,-80.0080109456223,100.11435766169303,54.75331228747369,0.017854107322251647,0.1794904360635644,-1.4284716140630251,1.7874524861901537,1993,driscoll_kraay,cumulative,hp
24,eps_rr,eps_rr (OLS),Contractionary,WH2M,mp_pos_x_wh2m,-56.21688514464366,-103.74655811037942,-8.687212178907899,28.895989398051185,0.017854107322251647,-1.0037023006951622,-1.8523021828169313,-0.15510241857339319,1966,driscoll_kraay,cumulative,hp
0,eps_rr,eps_rr (OLS),Expansionary,PH2M,mp_neg_x_ph2m,-47.26650964173404,-109.60856480814711,15.075545524679029,37.90127835384124,0.026925706272614553,-1.2726841551450345,-2.9512880209870054,0.4059197106969364,2614,driscoll_kraay,cumulative,hp
1,eps_rr,eps_rr (OLS),Expansionary,PH2M,mp_neg_x_ph2m,-31.770701280241916,-89.09696400332894,25.555561442845097,34.85189307046974,0.026925706272614553,-0.8554485707467729,-2.398998682535347,0.6881015410418009,2587,driscoll_kraay,cumulative,hp
2,eps_rr,eps_rr (OLS),Expansionary,PH2M,mp_neg_x_ph2m,-5.092652302193487,-49.47679666976444,39.29149206537747,26.983643796823042,0.026925706272614553,-0.13712326003741612,-1.3321976944399512,1.057951174365119,2560,driscoll_kraay,cumulative,hp
3,eps_rr,eps_rr (OLS),Expansionary,PH2M,mp_neg_x_ph2m,-44.297707043455986,-96.2612398564062,7.665825769494241,31.591584783904494,0.026925706272614553,-1.1927470484024247,-2.5919018698112906,0.20640777300644136,2533,driscoll_kraay,cumulative,hp
4,eps_rr,eps_rr (OLS),Expansionary,PH2M,mp_neg_x_ph2m,-37.50221418913328,-113.82572565102501,38.821297272758464,46.401400228753324,0.026925706272614553,-1.0097736038292804,-3.064838055146707,1.0452908474881468,2506,driscoll_kraay,cumulative,hp
5,eps_rr,eps_rr (OLS),Expansionary,PH2M,mp_neg_x_ph2m,-20.035000002394987,-73.11267102028023,33.042671015490264,32.268932717288656,0.026925706272614553,-0.5394565252363193,-1.9686103046983636,0.8896972542257253,2479,driscoll_kraay,cumulative,hp
6,eps_rr,eps_rr (OLS),Expansionary,PH2M,mp_neg_x_ph2m,-48.20417805142605,-104.15644656679191,7.748090463939818,34.016563904878474,0.026925706272614553,-1.297931539325511,-2.8044858866567117,0.20862280800568936,2452,driscoll_kraay,cumulative,hp
7,eps_rr,eps_rr (OLS),Expansionary,PH2M,mp_neg_x_ph2m,-56.038892447162176,-116.10709376158694,4.029308867262586,36.51887336975606,0.026925706272614553,-1.508886757874927,-3.1262655027914077,0.10849198704155365,2425,driscoll_kraay,cumulative,hp
8,eps_rr,eps_rr (OLS),Expansionary,PH2M,mp_neg_x_ph2m,-116.21363925416448,-174.21965734841606,-58.20762115991289,35.26515499239797,0.026925706272614553,-3.1291343154292215,-4.690987320679005,-1.567281310179438,2398,driscoll_kraay,cumulative,hp
9,eps_rr,eps_rr (OLS),Expansionary,PH2M,mp_neg_x_ph2m,-122.35908112699876,-208.50626021505556,-36.21190203894196,52.37376607651085,0.026925706272614553,-3.2946046782125835,-5.614178318551923,-0.9750310378732432,2371,driscoll_kraay,cumulative,hp
10,eps_rr,eps_rr (OLS),Expansionary,PH2M,mp_neg_x_ph2m,-73.24296353973023,-129.69366939973088,-16.792257679729573,34.31959229382915,0.026925706272614553,-1.9721185228065932,-3.4920936476747317,-0.4521433979384545,2344,driscoll_kraay,cumulative,hp
11,eps_rr,eps_rr (OLS),Expansionary,PH2M,mp_neg_x_ph2m,-90.74892067802425,-149.93205028280653,-31.56579107324196,35.98078797714709,0.026925706272614553,-2.443478782733278,-4.037026346765725,-0.8499312187008315,2317,driscoll_kraay,cumulative,hp
12,eps_rr,eps_rr (OLS),Expansionary,PH2M,mp_neg_x_ph2m,-69.99571654035825,-134.5588838713876,-5.432549209328897,39.25161866876205,0.026925706272614553,-1.8846841039068742,-3.623092983491834,-0.1462752243219143,2290,driscoll_kraay,cumulative,hp
13,eps_rr,eps_rr (OLS),Expansionary,PH2M,mp_neg_x_ph2m,-58.89805358205786,-125.59281261119929,7.796705447083575,40.547534404475705,0.026925706272614553,-1.5858716907792034,-3.3816751823206728,0.20993180076226625,2263,driscoll_kraay,cumulative,hp
14,eps_rr,eps_rr (OLS),Expansionary,PH2M,mp_neg_x_ph2m,-51.71048647748769,-121.06960852811301,17.648635573137625,42.16735210607991,0.026925706272614553,-1.3923413701068403,-3.2598847177684007,0.4752019775547201,2236,driscoll_kraay,cumulative,hp
15,eps_rr,eps_rr (OLS),Expansionary,PH2M,mp_neg_x_ph2m,-91.4535003852625,-157.24387447756314,-25.663126292961863,39.99770740344525,0.026925706272614553,-2.46245008897602,-4.233902377350737,-0.6909978006013027,2209,driscoll_kraay,cumulative,hp
16,eps_rr,eps_rr (OLS),Expansionary,PH2M,mp_neg_x_ph2m,-81.52925046842327,-146.40981255792485,-16.648688378921676,39.444580980588235,0.026925706272614553,-2.1952326507391873,-3.942187608363238,-0.4482776931151364,2182,driscoll_kraay,cumulative,hp
17,eps_rr,eps_rr (OLS),Expansionary,PH2M,mp_neg_x_ph2m,-67.0861613197061,-125.31006294505235,-8.862259694359835,35.39761877368803,0.026925706272614553,-1.8063422746516422,-3.3740619478613207,-0.23862260144196376,2155,driscoll_kraay,cumulative,hp
18,eps_rr,eps_rr (OLS),Expansionary,PH2M,mp_neg_x_ph2m,-57.80402420671302,-112.0445225822372,-3.5635258311888265,32.97588155369916,0.026925706272614553,-1.5564141771650561,-3.016877904504647,-0.09595044982546498,2128,driscoll_kraay,cumulative,hp
19,eps_rr,eps_rr (OLS),Expansionary,PH2M,mp_neg_x_ph2m,-31.391741467670002,-92.0995891034434,29.31610616810341,36.9077507208272,0.026925706272614553,-0.8452448101443365,-2.479846484027809,0.7893568637391362,2101,driscoll_kraay,cumulative,hp
20,eps_rr,eps_rr (OLS),Expansionary,PH2M,mp_neg_x_ph2m,-20.714003052915547,-79.18428894677024,37.756282840939136,35.54740977300331,0.026925706272614553,-0.5577391619328451,-2.1320929055865747,1.016614581720884,2074,driscoll_kraay,cumulative,hp
21,eps_rr,eps_rr (OLS),Expansionary,PH2M,mp_neg_x_ph2m,-0.5493742517817419,-60.76718224952733,59.668433745963846,36.609827774980616,0.026925706272614553,-0.014792289737212576,-1.6361993002652098,1.6066147207907846,2047,driscoll_kraay,cumulative,hp
22,eps_rr,eps_rr (OLS),Expansionary,PH2M,mp_neg_x_ph2m,41.563723180340666,-21.50626509580721,104.63371145648854,38.3438302610793,0.026925706272614553,1.1191326019501135,-0.5790713769906876,2.8173365808909145,2020,driscoll_kraay,cumulative,hp
23,eps_rr,eps_rr (OLS),Expansionary,PH2M,mp_neg_x_ph2m,14.779102912287224,-48.59320215457981,78.15140797915426,38.52762581939865,0.026925706272614553,0.3979377839889881,-1.3084062880599965,2.104281856037973,1993,driscoll_kraay,cumulative,hp
24,eps_rr,eps_rr (OLS),Expansionary,PH2M,mp_neg_x_ph2m,58.00654823464,-1.323852754629229,117.33694922390923,36.07032262149103,0.026925706272614553,1.5618672796541648,-0.035645670419338284,3.159380229727668,1966,driscoll_kraay,cumulative,hp
0,eps_rr,eps_rr (OLS),Expansionary,WH2M,mp_neg_x_wh2m,9.252439899173824,-25.023527233546332,43.52840703189398,20.838308388720478,0.03229365202509433,0.2987950744870183,-0.8081010809206166,1.4056912298946531,2614,driscoll_kraay,cumulative,hp
1,eps_rr,eps_rr (OLS),Expansionary,WH2M,mp_neg_x_wh2m,-2.002152673095148,-49.106845518613305,45.10254017242301,28.63761983053821,0.03229365202509433,-0.06465682172604716,-1.5858393812281608,1.4565257377760668,2587,driscoll_kraay,cumulative,hp
2,eps_rr,eps_rr (OLS),Expansionary,WH2M,mp_neg_x_wh2m,22.176563922488885,-9.462409500325915,53.81553734530368,19.235130047075153,0.03229365202509433,0.7161622384251171,-0.3055757597224718,1.7379002365727056,2560,driscoll_kraay,cumulative,hp
3,eps_rr,eps_rr (OLS),Expansionary,WH2M,mp_neg_x_wh2m,33.165342737246554,-0.16113636387388652,66.491821838367,20.26106065309098,0.03229365202509433,1.0710300376496296,-0.0052036816635322725,2.1472637569627917,2533,driscoll_kraay,cumulative,hp
4,eps_rr,eps_rr (OLS),Expansionary,WH2M,mp_neg_x_wh2m,27.2925161103583,-17.566552127120147,72.15158434783675,27.272377008171276,0.03229365202509433,0.8813750181571919,-0.5672881216738986,2.3300381579882825,2506,driscoll_kraay,cumulative,hp
5,eps_rr,eps_rr (OLS),Expansionary,WH2M,mp_neg_x_wh2m,26.165666466003998,-10.48290305518151,62.814235987189505,22.280748220198173,0.03229365202509433,0.8449849278578128,-0.3385312234768299,2.0285010791924556,2479,driscoll_kraay,cumulative,hp
6,eps_rr,eps_rr (OLS),Expansionary,WH2M,mp_neg_x_wh2m,5.870448287546512,-41.836914382456214,53.57781095754923,29.004017067720667,0.03229365202509433,0.18957821422933793,-1.3510667548707052,1.7302231833293809,2452,driscoll_kraay,cumulative,hp
7,eps_rr,eps_rr (OLS),Expansionary,WH2M,mp_neg_x_wh2m,20.695869678587016,-23.953947010328022,65.34568636750205,27.145161099634034,0.03229365202509433,0.6683452137569899,-0.7735604293790818,2.1102508568930616,2425,driscoll_kraay,cumulative,hp
8,eps_rr,eps_rr (OLS),Expansionary,WH2M,mp_neg_x_wh2m,30.709166996811987,-3.8576495992184903,65.27598359284246,21.015132306997863,0.03229365202509433,0.9917111529755573,-0.12457759379190653,2.1079998997430214,2398,driscoll_kraay,cumulative,hp
9,eps_rr,eps_rr (OLS),Expansionary,WH2M,mp_neg_x_wh2m,3.434419068617451,-28.66661788199969,35.535456019234594,19.516044725579846,0.03229365202509433,0.11090993431028053,-0.9257497826176446,1.1475696512382056,2371,driscoll_kraay,cumulative,hp
10,eps_rr,eps_rr (OLS),Expansionary,WH2M,mp_neg_x_wh2m,13.195184157725588,-23.620513722185873,50.010882037637046,22.382355047691814,0.03229365202509433,0.4261206855966275,-0.7627926507982362,1.6150340219914912,2344,driscoll_kraay,cumulative,hp
11,eps_rr,eps_rr (OLS),Expansionary,WH2M,mp_neg_x_wh2m,9.890146753324904,-30.851910538943784,50.632204045593596,24.769412076975474,0.03229365202509433,0.3193889577289909,-0.9963208632539909,1.6350987787119728,2317,driscoll_kraay,cumulative,hp
12,eps_rr,eps_rr (OLS),Expansionary,WH2M,mp_neg_x_wh2m,-23.9365618438958,-63.86804105497171,15.994917367180118,24.276615594716397,0.03229365202509433,-0.7729989988639212,-2.062532293353695,0.5165342956258526,2290,driscoll_kraay,cumulative,hp
13,eps_rr,eps_rr (OLS),Expansionary,WH2M,mp_neg_x_wh2m,-16.695117713912023,-61.28637220216996,27.89613677434591,27.10955780965276,0.03229365202509433,-0.5391463219710632,-1.9791607777772906,0.9008681338351641,2263,driscoll_kraay,cumulative,hp
14,eps_rr,eps_rr (OLS),Expansionary,WH2M,mp_neg_x_wh2m,-28.881768738789244,-73.5396465596902,15.776109082111713,27.150061919897816,0.03229365202509433,-0.9326977895197074,-2.3748637560470605,0.5094681770076459,2236,driscoll_kraay,cumulative,hp
15,eps_rr,eps_rr (OLS),Expansionary,WH2M,mp_neg_x_wh2m,-34.84678423280137,-87.21704111867385,17.523472653071117,31.83885546274056,0.03229365202509433,-1.1253299242076311,-2.816556776544797,0.5658969281295352,2209,driscoll_kraay,cumulative,hp
16,eps_rr,eps_rr (OLS),Expansionary,WH2M,mp_neg_x_wh2m,-9.619484071227603,-41.99281531775604,22.753847175300834,19.68158790306972,0.03229365202509433,-0.31064827125716193,-1.3561013654256644,0.7348048229113406,2182,driscoll_kraay,cumulative,hp
17,eps_rr,eps_rr (OLS),Expansionary,WH2M,mp_neg_x_wh2m,-30.103235145056107,-70.59971742014349,10.393247130031273,24.620113067533246,0.03229365202509433,-0.9721434006040319,-2.2799227074361044,0.33563590622804024,2155,driscoll_kraay,cumulative,hp
18,eps_rr,eps_rr (OLS),Expansionary,WH2M,mp_neg_x_wh2m,-9.08101506892173,-60.90840398009266,42.7463738422492,31.508815168694646,0.03229365202509433,-0.2932591406703963,-1.9669548035369826,1.38043652219619,2128,driscoll_kraay,cumulative,hp
19,eps_rr,eps_rr (OLS),Expansionary,WH2M,mp_neg_x_wh2m,-15.404008367100037,-62.783162532443896,31.97514579824382,28.80448046502176,0.03229365202509433,-0.4974516859987701,-2.0274976038576833,1.0325942318601429,2101,driscoll_kraay,cumulative,hp
20,eps_rr,eps_rr (OLS),Expansionary,WH2M,mp_neg_x_wh2m,-16.73227075977936,-58.15014132523933,24.68559980568061,25.18027737350877,0.03229365202509433,-0.5403461295059754,-1.8778804291673366,0.7971881701553858,2074,driscoll_kraay,cumulative,hp
21,eps_rr,eps_rr (OLS),Expansionary,WH2M,mp_neg_x_wh2m,21.72011183542705,-26.237520249474688,69.6777439203288,29.15617006832709,0.03229365202509433,0.7014217335594141,-0.8473053489379017,2.25014881605673,2047,driscoll_kraay,cumulative,hp
22,eps_rr,eps_rr (OLS),Expansionary,WH2M,mp_neg_x_wh2m,-31.328352309768118,-74.73288338696625,12.076178767430019,26.38808120430932,0.03229365202509433,-1.0117069080112118,-2.413397730930641,0.38998391490821754,2020,driscoll_kraay,cumulative,hp
23,eps_rr,eps_rr (OLS),Expansionary,WH2M,mp_neg_x_wh2m,-7.96536476484288,-46.28683158842818,30.356102058742415,23.297797564278895,0.03229365202509433,-0.2572307179687833,-1.4947708326608438,0.9803093967232771,1993,driscoll_kraay,cumulative,hp
24,eps_rr,eps_rr (OLS),Expansionary,WH2M,mp_neg_x_wh2m,15.392360650033295,-23.714289644359667,54.49901094442626,23.77515521966061,0.03229365202509433,0.49707553867692994,-0.765821017797249,1.759972095151109,1966,driscoll_kraay,cumulative,hp
