dataset,group,horizon,y_pos,y_neg,x_pos,x_neg,gain,chi,pred_pos_aug,pred_neg_aug,err_pos_aug,err_neg_aug,err_pos_struct,err_neg_struct
lp_controls,PH2M,0,0.003844544744185,-0.0001506999218977006,-0.020978637811369594,0.030993974275761414,0.12270554845942848,0.4072201294628159,-0.0025741952585758105,0.0015487121548039967,-0.006418740002760811,0.0016994120767016973,-0.024823182555554595,0.031144674197659115
lp_controls,PH2M,1,0.0033056425821559,0.0022003631432117,-0.013957100588670092,0.020620310074422978,0.12270554845942848,0.4072201294628159,-0.0017126136826361757,0.0010303591454246196,-0.005018256264792076,-0.0011700039977870806,-0.017262743170825993,0.018419946931211278
lp_controls,PH2M,2,-0.0021614769470905,0.00010922945425066572,-0.015880793956381443,0.023462387014279638,0.12270554845942848,0.4072201294628159,-0.001948661532388962,0.0011723725272027145,0.00021281541470153796,0.0010631430729520488,-0.013719317009290943,0.02335315756002897
lp_controls,PH2M,3,-0.0016789704675766,0.0011948110312387,-0.015160091188640127,0.022397616115201604,0.12270554845942848,0.4072201294628159,-0.0018602273039970358,0.0011191678746205079,-0.00018125683642043582,-7.564315661819218e-05,-0.013481120721063528,0.021202805083962904
lp_controls,PH2M,4,0.001903359651271,-0.0054485713797103,-0.015232356136208646,0.02250438081299166,0.12270554845942848,0.4072201294628159,-0.0018690946140228228,0.0011245027111180894,-0.003772454265293823,0.006573074090828389,-0.017135715787479647,0.02795295219270196
lp_controls,PH2M,5,0.0023634059648987,-0.010383816968945,-0.015077466322397044,0.022275545607006432,0.12270554845942848,0.4072201294628159,-0.0018500887744682913,0.001113068234796879,-0.004213494739366991,0.01149688520374188,-0.017440872287295746,0.03265936257595143
lp_controls,PH2M,6,0.0008694275382036738,-0.00030714740144542504,-0.0149975686256493,0.022157504236543852,0.12270554845942848,0.4072201294628159,-0.0018402848837682144,0.001107169923609724,-0.0027097124219718884,0.001414317325055149,-0.015866996163852974,0.022464651637989278
lp_controls,PH2M,7,0.0030769149815056,-0.0038250639803339,-0.014902605966386694,0.022017205793679846,0.12270554845942848,0.4072201294628159,-0.0018286324385802305,0.0011001594672600365,-0.00490554742008583,0.004925223447593937,-0.017979520947892295,0.025842269774013747
lp_controls,PH2M,8,-0.0031949160140502,-0.0110191473297978,-0.014818886827317405,0.02189351859978129,0.12270554845942848,0.4072201294628159,-0.0018183596357041823,0.0010939790446114286,0.0013765563783460178,0.01211312637440923,-0.011623970813267204,0.03291266592957909
lp_controls,PH2M,9,0.0064967812837081,-0.0052626262398174,-0.014738224882343425,0.021774348124079506,0.12270554845942848,0.4072201294628159,-0.0018084619675063458,0.00108802431410249,-0.008305243251214445,0.00635065055391989,-0.021235006166051524,0.027036974363896904
lp_controls,PH2M,10,-0.0019028538252309,-0.00497807975441,-0.014662687997638077,0.021662749445343563,0.12270554845942848,0.4072201294628159,-0.0017991931726396594,0.0010824479324264692,0.00010366065259124059,0.006060527686836469,-0.012759834172407176,0.026640829199753562
lp_controls,PH2M,11,-0.0043916601905758,0.0008851632474602591,-0.014591322926773474,0.021557314231176957,0.12270554845942848,0.4072201294628159,-0.0017904362824783724,0.0010771795277917048,0.0026012239080974277,0.0001920162803314457,-0.010199662736197674,0.0206721509837167
lp_controls,PH2M,12,0.0054176416807116,-0.0014657625493852,-0.014524092055225495,0.021457986909640105,0.12270554845942848,0.4072201294628159,-0.0017821866815116722,0.0010722163233701104,-0.007199828362223272,0.0025379788727553105,-0.019941733735937096,0.022923749459025304
lp_controls,PH2M,13,0.0044074059043239,0.0031659841475238,-0.014460704532967581,0.021364337777035256,0.12270554845942848,0.4072201294628159,-0.0017744086808275305,0.0010675368476545546,-0.006181814585151431,-0.0020984472998692456,-0.01886811043729148,0.018198353629511457
lp_controls,PH2M,14,-0.0032370191730191,-0.0004369783393019917,-0.014400961967221886,0.021276073726597886,0.12270554845942848,0.4072201294628159,-0.0017670779365313316,0.0010631264546365968,0.0014699412364877686,0.0015001047939385884,-0.011163942794202786,0.021713052065899876
lp_controls,PH2M,15,0.006782240641648,-0.0077648256981586,-0.014344654903751811,0.021192885309293242,0.12270554845942848,0.4072201294628159,-0.0017601687474260962,0.001058969681714469,-0.008542409389074097,0.00882379537987307,-0.021126895545399812,0.028957711007451842
lp_controls,PH2M,16,-0.0026254404203348,0.0039661367669176,-0.014291592614198753,0.02111449074181903,0.12270554845942848,0.4072201294628159,-0.0017536577100839752,0.0010550524486924082,0.0008717827102508249,-0.002911084318225192,-0.011666152193863953,0.01714835397490143
lp_controls,PH2M,17,0.0020381056607162,-0.0035780356677492,-0.014241593391091474,0.021040621568389897,0.12270554845942848,0.4072201294628159,-0.0017475225279900513,0.0010513613413262745,-0.0037856281887062512,0.004629397009075474,-0.016279699051807674,0.024618657236139097
lp_controls,PH2M,18,0.0027597184175956,3.239226081121944e-05,-0.014194486604179038,0.020971025698776923,0.12270554845942848,0.4072201294628159,-0.0017417422638657993,0.0010478837631288228,-0.004501460681461399,0.0010154915023176034,-0.016954205021774638,0.020938633437965704
lp_controls,PH2M,19,-0.0143372498578476,0.0080292147036458,-0.014150111309751403,0.02090546535370895,0.12270554845942848,0.4072201294628159,-0.001736297169025008,0.0010446078327051688,0.012600952688822591,-0.00698460687094063,0.0001871385480961968,0.01287625065006315
lp_controls,PH2M,20,-0.0145744215843933,0.0086964836476438,-0.014108315918472614,0.020843716574127175,0.12270554845942848,0.4072201294628159,-0.0017311686426150674,0.0010415223592311394,0.012843252941778233,-0.00765496128841266,0.0004661056659206863,0.012147232926483375
lp_controls,PH2M,21,-0.0073107629414719,0.0084108404408762,-0.01406895757775768,0.020785568308704802,0.12270554845942848,0.4072201294628159,-0.0017263391558311886,0.0010386167968583003,0.005584423785640711,-0.007372223644017899,-0.0067581946362857805,0.012374727867828603
lp_controls,PH2M,22,-0.0156911987203406,0.0133858996313068,-0.014031901657118729,0.020730821653494144,0.12270554845942848,0.4072201294628159,-0.0017217921887655169,0.0010358812067205129,0.013969406531575083,-0.012350018424586287,0.001659297063221871,0.007344922022187344
lp_controls,PH2M,23,-0.0250979107849428,0.0089286996465647,-0.013997021206547233,0.020679289051737035,0.12270554845942848,0.4072201294628159,-0.0017175121639476296,0.0010333062169499265,0.02338039862099517,-0.007895393429614773,0.011100889578395567,0.011750589405172335
lp_controls,PH2M,24,-0.0072795213903107,0.0109976786246138,-0.013964196404735873,0.020630793478664276,0.12270554845942848,0.4072201294628159,-0.0017134843786382947,0.001030882981942898,0.0055660370116724055,-0.009966795642670903,-0.006684675014425173,0.009633114854050476
lp_controls,WH2M,0,0.00042999910612112895,0.0023135019679142,-0.01593438315751399,0.023535618864456494,0.39290938468640524,0.3545405166892131,-0.006260768681776241,0.003278565751689753,-0.00669076778789737,0.0009650637837755531,-0.01636438226363512,0.021222116896542294
lp_controls,WH2M,1,-0.0103894651221423,1.757703656264918e-05,-0.018419223026918268,0.027205810771315918,0.39290938468640524,0.3545405166892131,-0.007237085585908123,0.003789831912025584,0.003152379536234177,0.003772254875462935,-0.008029757904775968,0.027188233734753268
lp_controls,WH2M,2,-0.0128259325166562,0.0086453733396555,-0.02390836711607161,0.0353134608696805,0.39290938468640524,0.3545405166892131,-0.009393821812432382,0.0049192461879903225,0.0034321107042238185,-0.003726127151665177,-0.01108243459941541,0.026668087530025
lp_controls,WH2M,3,-0.016383339012677,0.0077340724679068,-0.028151793528235595,0.04158114413854706,0.39290938468640524,0.3545405166892131,-0.011061103872997772,0.005792348859566039,0.005322235139679226,-0.0019417236083407608,-0.011768454515558597,0.033847071670640265
lp_controls,WH2M,4,-0.0127030560782922,0.0058211721223837,-0.03243027099396747,0.04790059899024911,0.39290938468640524,0.3545405166892131,-0.012742157821453133,0.006672663431511688,-3.910174316093355e-05,0.0008514913091279882,-0.019727214915675268,0.04207942686786541
lp_controls,WH2M,5,-0.0158474508783842,0.0068581407456099,-0.03638280435992927,0.053738623464165275,0.39290938468640524,0.3545405166892131,-0.014295145274225672,0.007485913646343044,0.0015523056041585291,0.0006277729007331439,-0.02053535348154507,0.046880482718555376
lp_controls,WH2M,6,-0.016119205663651,0.0065307005191165,-0.040134322434386645,0.05927974160414878,0.39290938468640524,0.3545405166892131,-0.015769151932500645,0.00825780412708381,0.000350053731150355,0.001727103607967309,-0.024015116770735645,0.05274904108503228
lp_controls,WH2M,7,-0.0144448088227196,0.021854251771301,-0.04366459452295931,0.06449407199542563,0.39290938468640524,0.3545405166892131,-0.017156228966597322,0.008984172324040507,-0.0027114201438777213,-0.012870079447260494,-0.029219785700239708,0.04263982022412463
lp_controls,WH2M,8,-0.0158513592073013,0.0172649913199548,-0.046995488712437694,0.06941391453632928,0.39290938468640524,0.3545405166892131,-0.018464968553040795,0.009669517687219912,-0.0026136093457394954,-0.007595473632734887,-0.031144129505136394,0.05214892321637448
lp_controls,WH2M,9,-0.0217506403459489,0.0028685248675897,-0.05013547892546337,0.07405178549508346,0.39290938468640524,0.3545405166892131,-0.01969870017556205,0.01031558376152618,0.002051940170386849,0.00744705889393648,-0.02838483857951447,0.07118326062749375
lp_controls,WH2M,10,-0.0261482229781872,0.0011666386961443,-0.053096157131791805,0.07842480660017655,0.39290938468640524,0.3545405166892131,-0.020861978427865004,0.010924755643053664,0.0052862445503221965,0.009758116946909364,-0.026947934153604605,0.07725816790403224
lp_controls,WH2M,11,-0.0193374645695137,0.0012026062774655,-0.05588738346102278,0.08254754159404659,0.39290938468640524,0.3545405166892131,-0.02195867744740364,0.0114990620945661,-0.0026212128778899425,0.0102964558171006,-0.03654991889150908,0.08134493531658109
lp_controls,WH2M,12,-0.0185522246098412,-0.0015814141587411,-0.05851877027902438,0.08643418826378205,0.39290938468640524,0.3545405166892131,-0.022992574022936568,0.012040480900406709,-0.004440349413095367,0.013621895059147808,-0.03996654566918317,0.08801560242252315
lp_controls,WH2M,13,-0.0276619257390067,0.0076418425725389,-0.060999284790931536,0.09009799147240959,0.39290938468640524,0.3545405166892131,-0.023967191453515706,0.012550857100408732,0.0036947342854909936,0.004909014527869832,-0.033337359051924836,0.08245614889987068
lp_controls,WH2M,14,-0.0253136127656957,0.0181096767667405,-0.06333740729451076,0.09355147690442644,0.39290938468640524,0.3545405166892131,-0.024885861727718457,0.013031935551184853,0.0004277510379772434,-0.0050777412155556464,-0.03802379452881506,0.07544180013768595
lp_controls,WH2M,15,-0.0277655638962105,0.0207692790634977,-0.0655411222880213,0.09680643793181297,0.39290938468640524,0.3545405166892131,-0.025751722029842886,0.013485359096532566,0.0020138418663676154,-0.007283919966965133,-0.03777555839181079,0.07603715886831527
lp_controls,WH2M,16,-0.0230129864643124,0.0056754358042406,-0.06761795696814983,0.09987399247677449,0.39290938468640524,0.3545405166892131,-0.026567729866107576,0.013912676488544697,-0.003554743401795176,0.008237240684304096,-0.04460497050383743,0.09419855667253389
lp_controls,WH2M,17,-0.0239909400551995,0.0111391215181614,-0.06957500360168244,0.10276461605545197,0.39290938468640524,0.3545405166892131,-0.027336671854691474,0.014315346990674181,-0.0033457317994919737,0.003176225472512782,-0.045584063546482936,0.09162549453729056
lp_controls,WH2M,18,-0.0282859385221194,0.0167878389124388,-0.07141894472694069,0.10548817900128903,0.39290938468640524,0.3545405166892131,-0.02806117362761465,0.014694745563034553,0.00022476489450475035,-0.0020930933494042476,-0.043133006204821286,0.08870034008885022
lp_controls,WH2M,19,-0.025950023481569,0.0168338348561618,-0.07315607566998386,0.10805397972221863,0.39290938468640524,0.3545405166892131,-0.02874370867756546,0.015052167495202426,-0.0027936851959964593,-0.0017816673609593742,-0.047206052188414865,0.09122014486605683
lp_controls,WH2M,20,-0.0224822105086218,0.0227931377374094,-0.07479232611279782,0.1104707765576021,0.39290938468640524,0.3545405166892131,-0.02938660683224435,0.015388832843962244,-0.006904396323622549,-0.007404304893447155,-0.05231011560417602,0.0876776388201927
lp_controls,WH2M,21,-0.0327056690173986,0.0293703930694897,-0.07633328029278215,0.11274681761354974,0.39290938468640524,0.3545405166892131,-0.029992062190931937,0.015705890589434963,0.0027136068264666663,-0.013664502480054738,-0.043627611275383546,0.08337642454406004
lp_controls,WH2M,22,-0.0313698808515347,0.0146524472432821,-0.07778419604633482,0.11488986889093468,0.39290938468640524,0.3545405166892131,-0.030562140606892132,0.01600442255337495,0.0008077402446425679,0.0013519753100928508,-0.046414315194800125,0.10023742164765258
lp_controls,WH2M,23,-0.0194719228670442,0.0231147052091428,-0.07915002271443321,0.1169072407325372,0.39290938468640524,0.3545405166892131,-0.03109878672264295,0.01628544708331794,-0.01162686385559875,-0.006829258125824859,-0.059678099847389005,0.0937925355233944
lp_controls,WH2M,24,-0.042945453896272,0.0216347820142919,-0.08043541797838215,0.11880581269000978,0.39290938468640524,0.3545405166892131,-0.03160383058487995,0.01654992251660636,0.011341623311392053,-0.005084859497685539,-0.037489964082110146,0.09717103067571789
lp_income,PH2M,0,-0.0160633151498368,0.0005420658682156112,-0.020978637811369594,0.030993974275761414,0.5524711709898679,0.4072201294628159,-0.011590092597419678,0.006972943183361497,0.004473222552417123,0.006430877315145886,-0.004915322661532794,0.030451908407545802
lp_income,PH2M,1,-0.0125601717422333,0.0138577516954426,-0.013957100588670092,0.020620310074422978,0.5524711709898679,0.4072201294628159,-0.00771089570584594,0.004639103371931666,0.00484927603638736,-0.009218648323510934,-0.0013969288464367926,0.006762558378980377
lp_income,PH2M,2,0.0073852675265257,-0.0087331130656931,-0.015880793956381443,0.023462387014279638,0.5524711709898679,0.4072201294628159,-0.008773680833330872,0.0052785064006636295,-0.01615894835985657,0.014011619466356729,-0.023266061482907142,0.03219550007997274
lp_income,PH2M,3,-0.0039592427720342,0.0058858552130716,-0.015160091188640127,0.022397616115201604,0.5524711709898679,0.4072201294628159,-0.008375513331301189,0.005038957031598876,-0.0044162705592669885,-0.0008468981814727244,-0.011200848416605926,0.016511760902130003
lp_income,PH2M,4,-0.0016190290626198,0.0165300909207706,-0.015232356136208646,0.02250438081299166,0.5524711709898679,0.4072201294628159,-0.00841543763150589,0.005062976673773678,-0.0067964085688860905,-0.011467114246996922,-0.013613327073588845,0.005974289892221062
lp_income,PH2M,5,0.002699952753122,-0.0038429491956395,-0.015077466322397044,0.022275545607006432,0.5524711709898679,0.4072201294628159,-0.008329865474694992,0.005011493928273185,-0.011029818227816991,0.008854443123912686,-0.017777419075519045,0.02611849480264593
lp_income,PH2M,6,-0.0148595738749748,0.0155443042253342,-0.0149975686256493,0.022157504236543852,0.5524711709898679,0.4072201294628159,-0.008285724300613372,0.0049849372898053855,0.006573849574361428,-0.010559366935528815,-0.00013799475067450065,0.006613200011209653
lp_income,PH2M,7,-0.0176408810340193,0.0122172040498173,-0.014902605966386694,0.022017205793679846,0.5524711709898679,0.4072201294628159,-0.008233260169050249,0.004953373313462736,0.00940762086496905,-0.007263830736354564,0.0027382750676326045,0.009800001743862545
lp_income,PH2M,8,-0.0239742016613012,-0.0144224457417419,-0.014818886827317405,0.02189351859978129,0.5524711709898679,0.4072201294628159,-0.008187007758254376,0.004925546492420347,0.015787193903046823,0.019347992234162247,0.009155314833983793,0.03631596434152319
lp_income,PH2M,9,-0.0098658305923757,0.0144514948960241,-0.014738224882343425,0.021774348124079506,0.5524711709898679,0.4072201294628159,-0.00814244435906028,0.004898735830812082,0.0017233862333154194,-0.009552759065212017,-0.0048723942899677256,0.007322853228055407
lp_income,PH2M,10,-0.0177131403840232,0.0041876970593145,-0.014662687997638077,0.021662749445343563,0.5524711709898679,0.4072201294628159,-0.00810071240791419,0.004873628652260524,0.009612427976109011,0.0006859315929460237,0.003050452386385124,0.01747505238602906
lp_income,PH2M,11,-0.0081399870511015,-0.0085159498351483,-0.014591322926773474,0.021557314231176957,0.5524711709898679,0.4072201294628159,-0.008061285263645848,0.004849908113830438,7.87017874556515e-05,0.013365857948978738,-0.006451335875671975,0.030073264066325257
lp_income,PH2M,12,-0.0025864066774957,0.0109720640420258,-0.014524092055225495,0.021457986909640105,0.5524711709898679,0.4072201294628159,-0.008024142145315065,0.004827561713092356,-0.005437735467819366,-0.0061445023289334435,-0.011937685377729795,0.010485922867614305
lp_income,PH2M,13,-0.0133924746173513,0.0111162958696606,-0.014460704532967581,0.021364337777035256,0.5524711709898679,0.4072201294628159,-0.00798912236666709,0.004806492776433421,0.00540335225068421,-0.0063098030932271796,-0.0010682299156162811,0.010248041907374656
lp_income,PH2M,14,-0.0260926373332507,-0.0085613696741106,-0.014400961967221886,0.021276073726597886,0.5524711709898679,0.4072201294628159,-0.007956116321411627,0.0047866353614611674,0.018136521011839074,0.013348005035571767,0.011691675366028813,0.029837443400708485
lp_income,PH2M,15,-0.0007996539653892821,0.0093395478582396,-0.014344654903751811,0.021192885309293242,0.5524711709898679,0.4072201294628159,-0.007925008292121314,0.004767919849141966,-0.007125354326732032,-0.0045716280090976336,-0.01354500093836253,0.011853337451053643
lp_income,PH2M,16,-0.0187362210178293,0.0088021299679057,-0.014291592614198753,0.02111449074181903,0.5524711709898679,0.4072201294628159,-0.007895692906876531,0.004750282844606236,0.01084052811095277,-0.004051847123299464,0.004444628403630548,0.012312360773913329
lp_income,PH2M,17,-0.0339497309833431,-0.017635450130799,-0.014241593391091474,0.021040621568389897,0.5524711709898679,0.4072201294628159,-0.00786806977753787,0.004733663951374269,0.02608166120580523,0.02236911408217327,0.019708137592251623,0.038676071699188894
lp_income,PH2M,18,-0.0063178487498963,-0.0017245390649993,-0.014194486604179038,0.020971025698776923,0.5524711709898679,0.4072201294628159,-0.007842044635810785,0.00471800645484639,-0.0015241958859144858,0.00644254551984569,-0.007876637854282737,0.022695564763776224
lp_income,PH2M,19,-0.0071202110082323,0.004395398225565,-0.014150111309751403,0.02090546535370895,0.5524711709898679,0.4072201294628159,-0.00781752856493533,0.004703256860064734,-0.0006973175567030303,0.00030785863449973427,-0.0070299003015191035,0.01651006712814395
lp_income,PH2M,20,-0.0079062052464679,-0.0064200369316515,-0.014108315918472614,0.020843716574127175,0.5524711709898679,0.4072201294628159,-0.007794437816173558,0.004689364781306627,0.00011176743029434142,0.011109401712958128,-0.006202110672004714,0.027263753505778674
lp_income,PH2M,21,0.0042434480720853,-0.0010354579195042,-0.01406895757775768,0.020785568308704802,0.5524711709898679,0.4072201294628159,-0.007772693467590561,0.004676282736797145,-0.01201614153967586,0.005711740656301346,-0.018312405649842982,0.021821026228209
lp_income,PH2M,22,-0.0106597993074853,0.0061675490956172,-0.014031901657118729,0.020730821653494144,0.5524711709898679,0.4072201294628159,-0.007752221139723051,0.004663965977646915,0.0029075781677622495,-0.0015035831179702856,-0.003372102349633428,0.014563272557876945
lp_income,PH2M,23,-0.0136291249296838,-0.0054805172584793,-0.013997021206547233,0.020679289051737035,0.5524711709898679,0.4072201294628159,-0.007732950696351163,0.004652372307827548,0.005896174233332637,0.010132889566306848,-0.0003678962768634327,0.026159806310216336
lp_income,PH2M,24,0.0060631442752831,-0.0038755995448703,-0.013964196404735873,0.020630793478664276,0.5524711709898679,0.4072201294628159,-0.007714815939656931,0.0046414619007699625,-0.01377796021494003,0.008517061445640262,-0.020027340680018973,0.024506393023534575
lp_income,WH2M,0,-0.0066295712547564,0.0413165057532263,-0.01593438315751399,0.023535618864456494,0.22863196220667975,0.3545405166892131,-0.003643109287855493,0.0019077806492983525,0.0029864619669009067,-0.03940872510392794,-0.00930481190275759,-0.017780886888769803
lp_income,WH2M,1,0.0118435579633652,0.0327394396529303,-0.018419223026918268,0.027205810771315918,0.22863196220667975,0.3545405166892131,-0.004211223102966783,0.002205283814158493,-0.016054781066331982,-0.03053415583877181,-0.03026278099028347,-0.005533628881614384
lp_income,WH2M,2,-0.0011629452923594,0.0108948172028981,-0.02390836711607161,0.0353134608696805,0.22863196220667975,0.3545405166892131,-0.0054662168869051096,0.002862484207231693,-0.0043032715945457095,-0.008032332995666407,-0.02274542182371221,0.024418643666782397
lp_income,WH2M,3,-0.0201709367537057,0.0441760279751689,-0.028151793528235595,0.04158114413854706,0.22863196220667975,0.3545405166892131,-0.006436399793997813,0.003370538188099504,0.013734536959707886,-0.040805489787069396,-0.007980856774529897,-0.0025948838366218335
lp_income,WH2M,4,-0.0007279834006027613,0.0366700031722165,-0.03243027099396747,0.04790059899024911,0.22863196220667975,0.3545405166892131,-0.0074145964922451525,0.003882788736921865,-0.006686613091642391,-0.032787214435294636,-0.03170228759336471,0.01123059581803261
lp_income,WH2M,5,0.0119991482655718,0.0142979443286554,-0.03638280435992927,0.053738623464165275,0.22863196220667975,0.3545405166892131,-0.008318271951392373,0.004356014879204768,-0.02031742021696417,-0.009941929449450632,-0.04838195262550107,0.039440679135509873
lp_income,WH2M,6,-0.0399033150127451,0.0358402073142008,-0.040134322434386645,0.05927974160414878,0.22863196220667975,0.3545405166892131,-0.009175988890009387,0.004805174003671272,0.03072732612273571,-0.03103503331052953,-0.00023100742164154642,0.02343953428994798
lp_income,WH2M,7,0.0057690029783828,0.0369928910255803,-0.04366459452295931,0.06449407199542563,0.22863196220667975,0.3545405166892131,-0.009983121924743227,0.005227843943935704,-0.015752124903126028,-0.0317650470816446,-0.04943359750134211,0.02750118096984533
lp_income,WH2M,8,0.0109021764146799,0.0176894983921733,-0.046995488712437694,0.06941391453632928,0.22863196220667975,0.3545405166892131,-0.0107446707991865,0.005626642906953649,-0.0216468472138664,-0.01206285548521965,-0.057897665127117595,0.05172441614415598
lp_income,WH2M,9,-0.0140386753588628,0.0499734507475728,-0.05013547892546337,0.07405178549508346,0.22863196220667975,0.3545405166892131,-0.01146257292290033,0.00600258545259099,0.0025761024359624695,-0.04397086529498181,-0.03609680356660057,0.024078334747510657
lp_income,WH2M,10,0.0130523630408226,0.0466681423577208,-0.053096157131791805,0.07842480660017655,0.22863196220667975,0.3545405166892131,-0.012139478590675754,0.00635705945607127,-0.025191841631498353,-0.04031108290164953,-0.06614852017261441,0.03175666424245575
lp_income,WH2M,11,0.0003498532199901388,0.0098634930364205,-0.05588738346102278,0.08254754159404659,0.22863196220667975,0.3545405166892131,-0.012777642143290779,0.006691245444074695,-0.013127495363280919,-0.003172247592345805,-0.05623723668101292,0.07268404855762609
lp_income,WH2M,12,-0.0229794257129716,0.045690075084753,-0.05851877027902438,0.08643418826378205,0.22863196220667975,0.3545405166892131,-0.013379261274815276,0.007006294279199193,0.009600164438156323,-0.038683780805553805,-0.035539344566052775,0.04074411317902905
lp_income,WH2M,13,0.0212349558596919,0.0325581811698532,-0.060999284790931536,0.09009799147240959,0.22863196220667975,0.3545405166892131,-0.013946386174954754,0.007303279580690999,-0.03518134203464665,-0.0252549015891622,-0.08223424065062343,0.057539810302556386
lp_income,WH2M,14,0.0106584336954708,0.0216578625497844,-0.06333740729451076,0.09355147690442644,0.22863196220667975,0.3545405166892131,-0.014480955710827666,0.00758321667169248,-0.025139389406298465,-0.014074645878091919,-0.07399584098998156,0.07189361435464205
lp_income,WH2M,15,-0.0177665984903023,0.0342731860156284,-0.0655411222880213,0.09680643793181297,0.22863196220667975,0.3545405166892131,-0.014984795393938261,0.007847061514610388,0.0027818030963640394,-0.02642612450101801,-0.047774523797718994,0.06253325191618457
lp_income,WH2M,16,0.033825818517512,0.0394132934695722,-0.06761795696814983,0.09987399247677449,0.22863196220667975,0.3545405166892131,-0.01545962618203493,0.008095715320369574,-0.04928544469954693,-0.03131757814920263,-0.10144377548566183,0.06046069900720229
lp_income,WH2M,17,-0.0152108339551477,0.0259674583005907,-0.06957500360168244,0.10276461605545197,0.22863196220667975,0.3545405166892131,-0.015907069593989465,0.00833002722691284,-0.0006962356388417641,-0.01763743107367786,-0.05436416964653473,0.07679715775486126
lp_income,WH2M,18,0.0032644132713733,0.0373938208612364,-0.07141894472694069,0.10548817900128903,0.22863196220667975,0.3545405166892131,-0.016328653471650852,0.008550797316500791,-0.019593066743024152,-0.028843023544735613,-0.07468335799831399,0.06809435814005263
lp_income,WH2M,19,0.0184149881157757,0.0354601630710786,-0.07315607566998386,0.10805397972221863,0.22863196220667975,0.3545405166892131,-0.016725817127768754,0.008758779311515917,-0.03514080524354446,-0.02670138375956268,-0.09157106378575956,0.07259381665114004
lp_income,WH2M,20,-0.0115370551968144,0.0330746047810577,-0.07479232611279782,0.1104707765576021,0.22863196220667975,0.3545405166892131,-0.01709991627717086,0.008954683156763564,-0.005562861080356458,-0.024119921624294133,-0.06325527091598342,0.0773961717765444
lp_income,WH2M,21,-1.7999174628691497e-05,0.0474634218834092,-0.07633328029278215,0.11274681761354974,0.22863196220667975,0.3545405166892131,-0.01745222765501126,0.009139177437901973,-0.01743422848038257,-0.03832424444550722,-0.07631528111815346,0.06528339573014054
lp_income,WH2M,22,0.0239482136009569,0.0472540243064425,-0.07778419604633482,0.11488986889093468,0.22863196220667975,0.3545405166892131,-0.01778395337074259,0.009312891661479222,-0.041732166971699486,-0.03794113264496328,-0.10173240964729172,0.06763584458449218
lp_income,WH2M,23,-0.0244062593798177,0.0519464657812035,-0.07915002271443321,0.1169072407325372,0.22863196220667975,0.3545405166892131,-0.018096225001904137,0.009476418398720066,0.006310034377913564,-0.04247004738248344,-0.0547437633346155,0.06496077495133369
lp_income,WH2M,24,0.0053756081866794,0.0326105575482093,-0.08043541797838215,0.11880581269000978,0.22863196220667975,0.3545405166892131,-0.018390107443311956,0.009630315301224582,-0.023765715629991357,-0.022980242246984722,-0.08581102616506155,0.08619525514180049
lp_wealth,PH2M,0,0.0483479483551631,0.0032104263575938,-0.0209823596048978,0.03099939529411423,-26.24186160967269,0.4072201294628159,0.5506161769961146,-0.3312661807264496,0.5022682286409516,-0.33447660708404336,-0.0693303079600609,0.027788968936520428
lp_wealth,PH2M,1,0.0582579394699229,-0.0826709619869517,-0.013959576700184599,0.020623916681254344,-26.24186160967269,0.4072201294628159,0.3663252798958556,-0.220391592990745,0.3080673404259327,-0.1377206310037933,-0.07221751617010749,0.10329487866820605
lp_wealth,PH2M,2,0.1488387073144363,-0.1020204944604416,-0.015883611347896613,0.0234664907161629,-26.24186160967269,0.4072201294628159,0.4168155308533296,-0.2507679482403301,0.2679768235388933,-0.14874745377988852,-0.16472231866233292,0.1254869851766045
lp_wealth,PH2M,3,0.2579885301120643,-0.0964882133644011,-0.015162780721191295,0.02240153358273705,-26.24186160967269,0.4072201294628159,0.39789959330331504,-0.2393875881113585,0.13991106319125074,-0.1428993747469574,-0.2731513108332556,0.11888974694713815
lp_wealth,PH2M,4,0.2884946538954518,-0.1312418130432139,-0.015235058489192514,0.022508316954266108,-26.24186160967269,0.4072201294628159,0.39979629648865905,-0.24052869810127628,0.11130164259320724,-0.10928688505806239,-0.3037297123846443,0.15375012999748
lp_wealth,PH2M,5,0.4900236954547981,-0.2170350001165686,-0.01508014119657548,0.02227944172373158,-26.24186160967269,0.4072201294628159,0.39573097833485765,-0.23808288834393385,-0.09429271711994047,-0.021047888227365252,-0.5051038366513736,0.23931444184030018
lp_wealth,PH2M,6,0.5890264282021668,-0.2480409016938834,-0.015000229325278688,0.02216137970717728,-26.24186160967269,0.4072201294628159,0.3936339420673173,-0.2368212523364653,-0.1953924861348495,0.011219649357418093,-0.6040266575274454,0.2702022814010607
lp_wealth,PH2M,7,0.6271956651435701,-0.3583886185520557,-0.014905249818811136,0.022021056725335893,-26.24186160967269,0.4072201294628159,0.39114150300284073,-0.23532173088381397,-0.23605416214072933,0.12306688766824175,-0.6421009149623812,0.3804096752773916
lp_wealth,PH2M,8,0.6360724223308901,-0.4019421645590655,-0.01482151582723556,0.02189734789785972,-26.24186160967269,0.4072201294628159,0.38894416718388897,-0.23399975184482416,-0.24712825514700115,0.16794241271424135,-0.6508939381581257,0.42383951245692525
lp_wealth,PH2M,9,0.5636894494668937,-0.297305810015799,-0.014740839572128222,0.021778156578579434,-26.24186160967269,0.4072201294628159,0.3868270720621756,-0.23272604786643641,-0.1768623774047181,0.06457976214936256,-0.5784302890390219,0.31908396659437843
lp_wealth,PH2M,10,0.5530678612859755,-0.3046847234120572,-0.014665289286519957,0.021666538380614362,-26.24186160967269,0.4072201294628159,0.3848444919226722,-0.23153327188520692,-0.1682233693633033,0.07315145152685029,-0.5677331505724955,0.3263512617926716
lp_wealth,PH2M,11,0.4555283663494874,-0.1989093879996498,-0.01459391155486864,0.021561084725242832,-26.24186160967269,0.4072201294628159,0.382971407366666,-0.23040637152708274,-0.07255695898282138,-0.03149698352743294,-0.47012227790435607,0.22047047272489262
lp_wealth,PH2M,12,0.4768406556480044,-0.2400013967351882,-0.014526668755977003,0.02146174003080542,-26.24186160967269,0.4072201294628159,0.38120683114390463,-0.22934475283454114,-0.09563382450409974,0.01065664390064705,-0.4913673244039814,0.26146313676599364
lp_wealth,PH2M,13,0.3857449544806771,-0.283652354940653,-0.014463269988219155,0.021368074518446814,-26.24186160967269,0.4072201294628159,0.3795431294541794,-0.22834382309864037,-0.006201825026497687,0.05530853184201262,-0.40020822446889626,0.3050204294590998
lp_wealth,PH2M,14,0.5190904255463773,-0.2683947861669372,-0.01440351682362064,0.021279795030136488,-26.24186160967269,0.4072201294628159,0.3779750951780452,-0.22740044956984773,-0.14111533036833213,0.040994336597089454,-0.5334939423699979,0.2896745811970737
lp_wealth,PH2M,15,0.6222962600926467,-0.2474550957202117,-0.014347199770785846,0.02119659206271533,-26.24186160967269,0.4072201294628159,0.3764972308712899,-0.22651132483108394,-0.24579902922135682,0.020943770889127772,-0.6366434598634325,0.26865168778292703
lp_wealth,PH2M,16,0.5277763257405399,-0.3203179928092885,-0.014294128067519294,0.021118183783595583,-26.24186160967269,0.4072201294628159,0.3751045305787794,-0.22567343715892463,-0.1526717951617605,0.09464455565036389,-0.5420704538080592,0.3414361765928841
lp_wealth,PH2M,17,0.5551773827171279,-0.29999968408214,-0.014244119974113255,0.02104430169003748,-26.24186160967269,0.4072201294628159,0.3737922251122546,-0.2248839172755573,-0.18138515760487334,0.07511576680658272,-0.5694215026912411,0.32104398577217746
lp_wealth,PH2M,18,0.4800263275214171,-0.2748809887602158,-0.014197004830045493,0.020974693647720127,-26.24186160967269,0.4072201294628159,0.37255583602190856,-0.224140070819601,-0.10747049149950855,0.05074091794061483,-0.4942233323514626,0.29585568240793597
lp_wealth,PH2M,19,0.4225740843457808,-0.3592769523862317,-0.014152621663053153,0.02090912183578344,-26.24186160967269,0.4072201294628159,0.3713911390958966,-0.2234393563863842,-0.051182945249884204,0.1358375959998475,-0.43672670600883395,0.3801860742220151
lp_wealth,PH2M,20,0.2307383477975122,-0.347558486421652,-0.014110818856907004,0.020847362255996944,-26.24186160967269,0.4072201294628159,0.3702941556421134,-0.22277938028281719,0.13955580784460117,0.1247791061388348,-0.24484916665441922,0.3684058486776489
lp_wealth,PH2M,21,0.1638475475817199,-0.2866201194014908,-0.014071453533678759,0.020789203820119784,-26.24186160967269,0.4072201294628159,0.3692611362777377,-0.22215788677472578,0.2054135886960178,0.06446223262676501,-0.17791900111539866,0.3074093232216106
lp_wealth,PH2M,22,0.2047604870229331,-0.3292740670336594,-0.014034391038995923,0.02073444758941487,-26.24186160967269,0.4072201294628159,0.3682885474213615,-0.22157274996013648,0.16352806039842843,0.10770131707352293,-0.21879487806192902,0.3500085146230743
lp_wealth,PH2M,23,0.2281345213622724,-0.2031658526963586,-0.013999504400327928,0.020682905974319318,-26.24186160967269,0.4072201294628159,0.36737305707740936,-0.22102196521678316,0.13923853571513695,-0.017856112520424572,-0.24213402576260035,0.2238487586706779
lp_wealth,PH2M,24,0.3866825838109568,-0.1186735052688556,-0.01396667377511011,0.02063440191910131,-26.24186160967269,0.4072201294628159,0.36651152035388435,-0.2205036404891758,-0.02017106345707248,-0.10183013522032021,-0.40064925758606695,0.1393079071879569
lp_wealth,WH2M,0,-0.0486968576420772,0.019707426734624,-0.015937209879334432,0.023539732948905327,4.420177027860071,0.3545405166892131,-0.07044528899681864,0.036889865181526836,-0.021748431354741436,0.017182438446902835,0.03275964776274277,0.003832306214281326
lp_wealth,WH2M,1,-0.0601323761495779,-0.0108033652334974,-0.018422490553444467,0.027210566414397015,4.420177027860071,0.3545405166892131,-0.08143066954030441,0.042642545211489656,-0.02129829339072651,0.05344591044498706,0.041709885596133436,0.03801393164789442
lp_wealth,WH2M,2,-0.1133550868727936,0.0949061168748997,-0.023912608403754358,0.03531963375007235,4.420177027860071,0.3545405166892131,-0.10569796234248871,0.05535052288525069,0.007657124530304885,-0.039555593989649016,0.08944247846903924,-0.05958648312482736
lp_wealth,WH2M,3,-0.1962138497869612,0.0845166572117781,-0.028156787589710346,0.04158841262549233,4.420177027860071,0.3545405166892131,-0.12445798568237322,0.06517452590469874,0.07175586410458797,-0.01934213130707936,0.16805706219725083,-0.042928244586285774
lp_wealth,WH2M,4,-0.225115246032723,0.0778504381413783,-0.032436024047208085,0.04790897213354865,4.420177027860071,0.3545405166892131,-0.14337296836858604,0.07507967600262533,0.08174227766413697,-0.0027707621387529774,0.19267922198551493,-0.029941466007829654
lp_wealth,WH2M,5,-0.3557162284200029,0.1656949757675521,-0.03638925858322467,0.0537480171085971,4.420177027860071,0.3545405166892131,-0.16084696485042962,0.08423022934093012,0.19486926356957326,-0.08146474642662198,0.3193269698367782,-0.111946958658955
lp_wealth,WH2M,6,-0.3693654903114978,0.1785247426861219,-0.04014144216810037,0.05929010384975061,4.420177027860071,0.3545405166892131,-0.17743228053661084,0.09291540997357564,0.19193320977488695,-0.08560933271254625,0.3292240481433974,-0.11923463883637128
lp_wealth,WH2M,7,-0.4435586264429097,0.2263938168469082,-0.043672340518577636,0.0645053457188899,4.420177027860071,0.3545405166892131,-0.19303947631309945,0.101088381598156,0.2505191501298103,-0.1253054352487522,0.39988628592433206,-0.1618884711280183
lp_wealth,WH2M,8,-0.3961311777401601,0.3265765201008587,-0.047003825600793685,0.06942604826045062,4.420177027860071,0.3545405166892131,-0.20776523014216935,0.10879977126220115,0.18836594759799075,-0.21777674883865755,0.3491273521393664,-0.25715047184040807
lp_wealth,WH2M,9,-0.3199972973719937,0.2264993654462395,-0.050144372840643894,0.0740647299305312,4.420177027860071,0.3545405166892131,-0.2216470049066646,0.11606919703694216,0.09835029246532911,-0.11043016840929734,0.26985292453134985,-0.1524346355157083
lp_wealth,WH2M,10,-0.3359642694503913,0.1463023238585578,-0.0531055762642717,0.07843851545054054,4.420177027860071,0.3545405166892131,-0.23473604825460484,0.12292349561867529,0.10122822119578648,-0.023378828239882507,0.2828586931861196,-0.06786380840801726
lp_wealth,WH2M,11,-0.2704302986813693,0.0875574307695955,-0.05589729775044052,0.08256197110869488,4.420177027860071,0.3545405166892131,-0.24707595143595162,0.12938549430156143,0.023354347245417684,0.04182806353196593,0.21453300093092878,-0.00499545966090062
lp_wealth,WH2M,12,-0.2678165978695198,0.097131081581973,-0.058529151370229356,0.08644929717389108,4.420177027860071,0.3545405166892131,-0.25870921034683264,0.13547744677922927,0.009107387522687138,0.03834636519725626,0.20928744649929043,-0.010681784408081929
lp_wealth,WH2M,13,-0.2567071322419468,0.0933503004000987,-0.0610101059195341,0.09011374082439061,4.420177027860071,0.3545405166892131,-0.26967546865283437,0.14122011312661942,-0.012968336410887571,0.047869812726520716,0.1956970263224127,-0.0032365595757080923
lp_wealth,WH2M,14,-0.3272209780675253,0.1088409764845205,-0.06334864320050598,0.0935678299342114,4.420177027860071,0.3545405166892131,-0.28001221742098065,0.14663312617408453,0.04720876064654467,0.03779214968956403,0.26387233486701933,-0.015273146550309105
lp_wealth,WH2M,15,-0.3654069532327104,0.1020805458752452,-0.06555274912783533,0.0968233599368444,4.420177027860071,0.3545405166892131,-0.2897547558079321,0.1517349709211012,0.0756521974247783,0.04965442504585599,0.29985420410487507,-0.005257185938400799
lp_wealth,WH2M,16,-0.3514931765938013,0.1320583406196498,-0.06762995223351569,0.09989145069793527,4.420177027860071,0.3545405166892131,-0.29893636125785994,0.1565430736632605,0.052556815335941365,0.024484733043610707,0.2838632243602856,-0.03216688992171453
lp_wealth,WH2M,17,-0.3673508153937925,0.140489634940358,-0.06958734604248445,0.10278257956477113,4.420177027860071,0.3545405166892131,-0.30758838840673924,0.16107385378517158,0.05976242698705325,0.020584218844813595,0.29776346935130804,-0.037707055375586856
lp_wealth,WH2M,18,-0.3265812755987495,0.1433180064764757,-0.07143161427852966,0.10550661859615433,4.420177027860071,0.3545405166892131,-0.31574038049691827,0.16534278210458211,0.010840895101831227,0.022024775628106424,0.2551496613202198,-0.03781138788032136
lp_wealth,WH2M,19,-0.2655965841349113,0.1945754377899057,-0.07316905338448652,0.10807286782540255,4.420177027860071,0.3545405166892131,-0.32342016892037456,0.16936443299988535,-0.05782358478546329,-0.025211004790020336,0.19242753075042474,-0.08650256996450313
lp_wealth,WH2M,20,-0.1670554303951649,0.1980076976973797,-0.07480559409425243,0.11049008712285656,4.420177027860071,0.3545405166892131,-0.3306539685708396,0.17315253434287065,-0.1635985381756747,-0.024855163354509047,0.09224983630091248,-0.08751761057452313
lp_wealth,WH2M,21,-0.1338410492503798,0.1357591666459245,-0.07634682163585747,0.11276652603641597,4.420177027860071,0.3545405166892131,-0.3374664671449475,0.17672001426277745,-0.2036254178945677,0.04096084761685295,0.05749422761452232,-0.02299264060950852
lp_wealth,WH2M,22,-0.197469492499872,0.1547406561465384,-0.07779799477842733,0.11490995192447014,4.420177027860071,0.3545405166892131,-0.34388090933318227,0.1800790452343072,-0.14641141683331027,0.02533838908776881,0.11967149772144467,-0.03983070422206826
lp_wealth,WH2M,23,-0.1188329645304053,0.1246495596359166,-0.07916406374094072,0.11692767640766533,4.420177027860071,0.3545405166892131,-0.3499191759797566,0.1832410855310302,-0.23108621144935126,0.058591525895113586,0.039668900789464584,-0.007721883228251278
lp_wealth,WH2M,24,-0.3094631579151077,0.0937361319453684,-0.08044968703096413,0.11882658024021672,4.420177027860071,0.3545405166892131,-0.35560185851279996,0.18621691820201056,-0.04613870059769226,0.09248078625664216,0.2290134708841436,0.025090448294848328
